/* Generated from Unicode 15.0.0 UCD. License: LICENSE.unicode. */
static const struct uc_range { uint32_t first,last; uint8_t category,flags,ccc; } uc_ranges[]={
{0x0,0x1f,15,0,0},
{0x20,0x20,12,0,0},
{0x21,0x23,23,0,0},
{0x24,0x24,25,0,0},
{0x25,0x27,23,0,0},
{0x28,0x28,20,0,0},
{0x29,0x29,21,0,0},
{0x2a,0x2a,23,0,0},
{0x2b,0x2b,24,0,0},
{0x2c,0x2c,23,0,0},
{0x2d,0x2d,19,0,0},
{0x2e,0x2f,23,0,0},
{0x30,0x39,9,0,0},
{0x3a,0x3b,23,0,0},
{0x3c,0x3e,24,0,0},
{0x3f,0x40,23,0,0},
{0x41,0x5a,1,9,0},
{0x5b,0x5b,20,0,0},
{0x5c,0x5c,23,0,0},
{0x5d,0x5d,21,0,0},
{0x5e,0x5e,26,0,0},
{0x5f,0x5f,22,0,0},
{0x60,0x60,26,0,0},
{0x61,0x7a,2,5,0},
{0x7b,0x7b,20,0,0},
{0x7c,0x7c,24,0,0},
{0x7d,0x7d,21,0,0},
{0x7e,0x7e,24,0,0},
{0x7f,0x9f,15,0,0},
{0xa0,0xa0,12,0,0},
{0xa1,0xa1,23,0,0},
{0xa2,0xa5,25,0,0},
{0xa6,0xa6,27,0,0},
{0xa7,0xa7,23,0,0},
{0xa8,0xa8,26,0,0},
{0xa9,0xa9,27,0,0},
{0xaa,0xaa,5,5,0},
{0xab,0xab,28,0,0},
{0xac,0xac,24,0,0},
{0xad,0xad,16,0,0},
{0xae,0xae,27,0,0},
{0xaf,0xaf,26,0,0},
{0xb0,0xb0,27,0,0},
{0xb1,0xb1,24,0,0},
{0xb2,0xb3,11,0,0},
{0xb4,0xb4,26,0,0},
{0xb5,0xb5,2,5,0},
{0xb6,0xb7,23,0,0},
{0xb8,0xb8,26,0,0},
{0xb9,0xb9,11,0,0},
{0xba,0xba,5,5,0},
{0xbb,0xbb,29,0,0},
{0xbc,0xbe,11,0,0},
{0xbf,0xbf,23,0,0},
{0xc0,0xd6,1,9,0},
{0xd7,0xd7,24,0,0},
{0xd8,0xde,1,9,0},
{0xdf,0xf6,2,5,0},
{0xf7,0xf7,24,0,0},
{0xf8,0xff,2,5,0},
{0x100,0x100,1,9,0},
{0x101,0x101,2,5,0},
{0x102,0x102,1,9,0},
{0x103,0x103,2,5,0},
{0x104,0x104,1,9,0},
{0x105,0x105,2,5,0},
{0x106,0x106,1,9,0},
{0x107,0x107,2,5,0},
{0x108,0x108,1,9,0},
{0x109,0x109,2,5,0},
{0x10a,0x10a,1,9,0},
{0x10b,0x10b,2,5,0},
{0x10c,0x10c,1,9,0},
{0x10d,0x10d,2,5,0},
{0x10e,0x10e,1,9,0},
{0x10f,0x10f,2,5,0},
{0x110,0x110,1,9,0},
{0x111,0x111,2,5,0},
{0x112,0x112,1,9,0},
{0x113,0x113,2,5,0},
{0x114,0x114,1,9,0},
{0x115,0x115,2,5,0},
{0x116,0x116,1,9,0},
{0x117,0x117,2,5,0},
{0x118,0x118,1,9,0},
{0x119,0x119,2,5,0},
{0x11a,0x11a,1,9,0},
{0x11b,0x11b,2,5,0},
{0x11c,0x11c,1,9,0},
{0x11d,0x11d,2,5,0},
{0x11e,0x11e,1,9,0},
{0x11f,0x11f,2,5,0},
{0x120,0x120,1,9,0},
{0x121,0x121,2,5,0},
{0x122,0x122,1,9,0},
{0x123,0x123,2,5,0},
{0x124,0x124,1,9,0},
{0x125,0x125,2,5,0},
{0x126,0x126,1,9,0},
{0x127,0x127,2,5,0},
{0x128,0x128,1,9,0},
{0x129,0x129,2,5,0},
{0x12a,0x12a,1,9,0},
{0x12b,0x12b,2,5,0},
{0x12c,0x12c,1,9,0},
{0x12d,0x12d,2,5,0},
{0x12e,0x12e,1,9,0},
{0x12f,0x12f,2,5,0},
{0x130,0x130,1,9,0},
{0x131,0x131,2,5,0},
{0x132,0x132,1,9,0},
{0x133,0x133,2,5,0},
{0x134,0x134,1,9,0},
{0x135,0x135,2,5,0},
{0x136,0x136,1,9,0},
{0x137,0x138,2,5,0},
{0x139,0x139,1,9,0},
{0x13a,0x13a,2,5,0},
{0x13b,0x13b,1,9,0},
{0x13c,0x13c,2,5,0},
{0x13d,0x13d,1,9,0},
{0x13e,0x13e,2,5,0},
{0x13f,0x13f,1,9,0},
{0x140,0x140,2,5,0},
{0x141,0x141,1,9,0},
{0x142,0x142,2,5,0},
{0x143,0x143,1,9,0},
{0x144,0x144,2,5,0},
{0x145,0x145,1,9,0},
{0x146,0x146,2,5,0},
{0x147,0x147,1,9,0},
{0x148,0x149,2,5,0},
{0x14a,0x14a,1,9,0},
{0x14b,0x14b,2,5,0},
{0x14c,0x14c,1,9,0},
{0x14d,0x14d,2,5,0},
{0x14e,0x14e,1,9,0},
{0x14f,0x14f,2,5,0},
{0x150,0x150,1,9,0},
{0x151,0x151,2,5,0},
{0x152,0x152,1,9,0},
{0x153,0x153,2,5,0},
{0x154,0x154,1,9,0},
{0x155,0x155,2,5,0},
{0x156,0x156,1,9,0},
{0x157,0x157,2,5,0},
{0x158,0x158,1,9,0},
{0x159,0x159,2,5,0},
{0x15a,0x15a,1,9,0},
{0x15b,0x15b,2,5,0},
{0x15c,0x15c,1,9,0},
{0x15d,0x15d,2,5,0},
{0x15e,0x15e,1,9,0},
{0x15f,0x15f,2,5,0},
{0x160,0x160,1,9,0},
{0x161,0x161,2,5,0},
{0x162,0x162,1,9,0},
{0x163,0x163,2,5,0},
{0x164,0x164,1,9,0},
{0x165,0x165,2,5,0},
{0x166,0x166,1,9,0},
{0x167,0x167,2,5,0},
{0x168,0x168,1,9,0},
{0x169,0x169,2,5,0},
{0x16a,0x16a,1,9,0},
{0x16b,0x16b,2,5,0},
{0x16c,0x16c,1,9,0},
{0x16d,0x16d,2,5,0},
{0x16e,0x16e,1,9,0},
{0x16f,0x16f,2,5,0},
{0x170,0x170,1,9,0},
{0x171,0x171,2,5,0},
{0x172,0x172,1,9,0},
{0x173,0x173,2,5,0},
{0x174,0x174,1,9,0},
{0x175,0x175,2,5,0},
{0x176,0x176,1,9,0},
{0x177,0x177,2,5,0},
{0x178,0x179,1,9,0},
{0x17a,0x17a,2,5,0},
{0x17b,0x17b,1,9,0},
{0x17c,0x17c,2,5,0},
{0x17d,0x17d,1,9,0},
{0x17e,0x180,2,5,0},
{0x181,0x182,1,9,0},
{0x183,0x183,2,5,0},
{0x184,0x184,1,9,0},
{0x185,0x185,2,5,0},
{0x186,0x187,1,9,0},
{0x188,0x188,2,5,0},
{0x189,0x18b,1,9,0},
{0x18c,0x18d,2,5,0},
{0x18e,0x191,1,9,0},
{0x192,0x192,2,5,0},
{0x193,0x194,1,9,0},
{0x195,0x195,2,5,0},
{0x196,0x198,1,9,0},
{0x199,0x19b,2,5,0},
{0x19c,0x19d,1,9,0},
{0x19e,0x19e,2,5,0},
{0x19f,0x1a0,1,9,0},
{0x1a1,0x1a1,2,5,0},
{0x1a2,0x1a2,1,9,0},
{0x1a3,0x1a3,2,5,0},
{0x1a4,0x1a4,1,9,0},
{0x1a5,0x1a5,2,5,0},
{0x1a6,0x1a7,1,9,0},
{0x1a8,0x1a8,2,5,0},
{0x1a9,0x1a9,1,9,0},
{0x1aa,0x1ab,2,5,0},
{0x1ac,0x1ac,1,9,0},
{0x1ad,0x1ad,2,5,0},
{0x1ae,0x1af,1,9,0},
{0x1b0,0x1b0,2,5,0},
{0x1b1,0x1b3,1,9,0},
{0x1b4,0x1b4,2,5,0},
{0x1b5,0x1b5,1,9,0},
{0x1b6,0x1b6,2,5,0},
{0x1b7,0x1b8,1,9,0},
{0x1b9,0x1ba,2,5,0},
{0x1bb,0x1bb,5,1,0},
{0x1bc,0x1bc,1,9,0},
{0x1bd,0x1bf,2,5,0},
{0x1c0,0x1c3,5,1,0},
{0x1c4,0x1c4,1,9,0},
{0x1c5,0x1c5,3,1,0},
{0x1c6,0x1c6,2,5,0},
{0x1c7,0x1c7,1,9,0},
{0x1c8,0x1c8,3,1,0},
{0x1c9,0x1c9,2,5,0},
{0x1ca,0x1ca,1,9,0},
{0x1cb,0x1cb,3,1,0},
{0x1cc,0x1cc,2,5,0},
{0x1cd,0x1cd,1,9,0},
{0x1ce,0x1ce,2,5,0},
{0x1cf,0x1cf,1,9,0},
{0x1d0,0x1d0,2,5,0},
{0x1d1,0x1d1,1,9,0},
{0x1d2,0x1d2,2,5,0},
{0x1d3,0x1d3,1,9,0},
{0x1d4,0x1d4,2,5,0},
{0x1d5,0x1d5,1,9,0},
{0x1d6,0x1d6,2,5,0},
{0x1d7,0x1d7,1,9,0},
{0x1d8,0x1d8,2,5,0},
{0x1d9,0x1d9,1,9,0},
{0x1da,0x1da,2,5,0},
{0x1db,0x1db,1,9,0},
{0x1dc,0x1dd,2,5,0},
{0x1de,0x1de,1,9,0},
{0x1df,0x1df,2,5,0},
{0x1e0,0x1e0,1,9,0},
{0x1e1,0x1e1,2,5,0},
{0x1e2,0x1e2,1,9,0},
{0x1e3,0x1e3,2,5,0},
{0x1e4,0x1e4,1,9,0},
{0x1e5,0x1e5,2,5,0},
{0x1e6,0x1e6,1,9,0},
{0x1e7,0x1e7,2,5,0},
{0x1e8,0x1e8,1,9,0},
{0x1e9,0x1e9,2,5,0},
{0x1ea,0x1ea,1,9,0},
{0x1eb,0x1eb,2,5,0},
{0x1ec,0x1ec,1,9,0},
{0x1ed,0x1ed,2,5,0},
{0x1ee,0x1ee,1,9,0},
{0x1ef,0x1f0,2,5,0},
{0x1f1,0x1f1,1,9,0},
{0x1f2,0x1f2,3,1,0},
{0x1f3,0x1f3,2,5,0},
{0x1f4,0x1f4,1,9,0},
{0x1f5,0x1f5,2,5,0},
{0x1f6,0x1f8,1,9,0},
{0x1f9,0x1f9,2,5,0},
{0x1fa,0x1fa,1,9,0},
{0x1fb,0x1fb,2,5,0},
{0x1fc,0x1fc,1,9,0},
{0x1fd,0x1fd,2,5,0},
{0x1fe,0x1fe,1,9,0},
{0x1ff,0x1ff,2,5,0},
{0x200,0x200,1,9,0},
{0x201,0x201,2,5,0},
{0x202,0x202,1,9,0},
{0x203,0x203,2,5,0},
{0x204,0x204,1,9,0},
{0x205,0x205,2,5,0},
{0x206,0x206,1,9,0},
{0x207,0x207,2,5,0},
{0x208,0x208,1,9,0},
{0x209,0x209,2,5,0},
{0x20a,0x20a,1,9,0},
{0x20b,0x20b,2,5,0},
{0x20c,0x20c,1,9,0},
{0x20d,0x20d,2,5,0},
{0x20e,0x20e,1,9,0},
{0x20f,0x20f,2,5,0},
{0x210,0x210,1,9,0},
{0x211,0x211,2,5,0},
{0x212,0x212,1,9,0},
{0x213,0x213,2,5,0},
{0x214,0x214,1,9,0},
{0x215,0x215,2,5,0},
{0x216,0x216,1,9,0},
{0x217,0x217,2,5,0},
{0x218,0x218,1,9,0},
{0x219,0x219,2,5,0},
{0x21a,0x21a,1,9,0},
{0x21b,0x21b,2,5,0},
{0x21c,0x21c,1,9,0},
{0x21d,0x21d,2,5,0},
{0x21e,0x21e,1,9,0},
{0x21f,0x21f,2,5,0},
{0x220,0x220,1,9,0},
{0x221,0x221,2,5,0},
{0x222,0x222,1,9,0},
{0x223,0x223,2,5,0},
{0x224,0x224,1,9,0},
{0x225,0x225,2,5,0},
{0x226,0x226,1,9,0},
{0x227,0x227,2,5,0},
{0x228,0x228,1,9,0},
{0x229,0x229,2,5,0},
{0x22a,0x22a,1,9,0},
{0x22b,0x22b,2,5,0},
{0x22c,0x22c,1,9,0},
{0x22d,0x22d,2,5,0},
{0x22e,0x22e,1,9,0},
{0x22f,0x22f,2,5,0},
{0x230,0x230,1,9,0},
{0x231,0x231,2,5,0},
{0x232,0x232,1,9,0},
{0x233,0x239,2,5,0},
{0x23a,0x23b,1,9,0},
{0x23c,0x23c,2,5,0},
{0x23d,0x23e,1,9,0},
{0x23f,0x240,2,5,0},
{0x241,0x241,1,9,0},
{0x242,0x242,2,5,0},
{0x243,0x246,1,9,0},
{0x247,0x247,2,5,0},
{0x248,0x248,1,9,0},
{0x249,0x249,2,5,0},
{0x24a,0x24a,1,9,0},
{0x24b,0x24b,2,5,0},
{0x24c,0x24c,1,9,0},
{0x24d,0x24d,2,5,0},
{0x24e,0x24e,1,9,0},
{0x24f,0x293,2,5,0},
{0x294,0x294,5,1,0},
{0x295,0x2af,2,5,0},
{0x2b0,0x2b8,4,5,0},
{0x2b9,0x2bf,4,1,0},
{0x2c0,0x2c1,4,5,0},
{0x2c2,0x2c5,26,0,0},
{0x2c6,0x2d1,4,1,0},
{0x2d2,0x2df,26,0,0},
{0x2e0,0x2e4,4,5,0},
{0x2e5,0x2eb,26,0,0},
{0x2ec,0x2ec,4,1,0},
{0x2ed,0x2ed,26,0,0},
{0x2ee,0x2ee,4,1,0},
{0x2ef,0x2ff,26,0,0},
{0x300,0x314,6,0,230},
{0x315,0x315,6,0,232},
{0x316,0x319,6,0,220},
{0x31a,0x31a,6,0,232},
{0x31b,0x31b,6,0,216},
{0x31c,0x320,6,0,220},
{0x321,0x322,6,0,202},
{0x323,0x326,6,0,220},
{0x327,0x328,6,0,202},
{0x329,0x333,6,0,220},
{0x334,0x338,6,0,1},
{0x339,0x33c,6,0,220},
{0x33d,0x344,6,0,230},
{0x345,0x345,6,5,240},
{0x346,0x346,6,0,230},
{0x347,0x349,6,0,220},
{0x34a,0x34c,6,0,230},
{0x34d,0x34e,6,0,220},
{0x34f,0x34f,6,0,0},
{0x350,0x352,6,0,230},
{0x353,0x356,6,0,220},
{0x357,0x357,6,0,230},
{0x358,0x358,6,0,232},
{0x359,0x35a,6,0,220},
{0x35b,0x35b,6,0,230},
{0x35c,0x35c,6,0,233},
{0x35d,0x35e,6,0,234},
{0x35f,0x35f,6,0,233},
{0x360,0x361,6,0,234},
{0x362,0x362,6,0,233},
{0x363,0x36f,6,0,230},
{0x370,0x370,1,9,0},
{0x371,0x371,2,5,0},
{0x372,0x372,1,9,0},
{0x373,0x373,2,5,0},
{0x374,0x374,4,1,0},
{0x375,0x375,26,0,0},
{0x376,0x376,1,9,0},
{0x377,0x377,2,5,0},
{0x37a,0x37a,4,5,0},
{0x37b,0x37d,2,5,0},
{0x37e,0x37e,23,0,0},
{0x37f,0x37f,1,9,0},
{0x384,0x385,26,0,0},
{0x386,0x386,1,9,0},
{0x387,0x387,23,0,0},
{0x388,0x38a,1,9,0},
{0x38c,0x38c,1,9,0},
{0x38e,0x38f,1,9,0},
{0x390,0x390,2,5,0},
{0x391,0x3a1,1,9,0},
{0x3a3,0x3ab,1,9,0},
{0x3ac,0x3ce,2,5,0},
{0x3cf,0x3cf,1,9,0},
{0x3d0,0x3d1,2,5,0},
{0x3d2,0x3d4,1,9,0},
{0x3d5,0x3d7,2,5,0},
{0x3d8,0x3d8,1,9,0},
{0x3d9,0x3d9,2,5,0},
{0x3da,0x3da,1,9,0},
{0x3db,0x3db,2,5,0},
{0x3dc,0x3dc,1,9,0},
{0x3dd,0x3dd,2,5,0},
{0x3de,0x3de,1,9,0},
{0x3df,0x3df,2,5,0},
{0x3e0,0x3e0,1,9,0},
{0x3e1,0x3e1,2,5,0},
{0x3e2,0x3e2,1,9,0},
{0x3e3,0x3e3,2,5,0},
{0x3e4,0x3e4,1,9,0},
{0x3e5,0x3e5,2,5,0},
{0x3e6,0x3e6,1,9,0},
{0x3e7,0x3e7,2,5,0},
{0x3e8,0x3e8,1,9,0},
{0x3e9,0x3e9,2,5,0},
{0x3ea,0x3ea,1,9,0},
{0x3eb,0x3eb,2,5,0},
{0x3ec,0x3ec,1,9,0},
{0x3ed,0x3ed,2,5,0},
{0x3ee,0x3ee,1,9,0},
{0x3ef,0x3f3,2,5,0},
{0x3f4,0x3f4,1,9,0},
{0x3f5,0x3f5,2,5,0},
{0x3f6,0x3f6,24,0,0},
{0x3f7,0x3f7,1,9,0},
{0x3f8,0x3f8,2,5,0},
{0x3f9,0x3fa,1,9,0},
{0x3fb,0x3fc,2,5,0},
{0x3fd,0x42f,1,9,0},
{0x430,0x45f,2,5,0},
{0x460,0x460,1,9,0},
{0x461,0x461,2,5,0},
{0x462,0x462,1,9,0},
{0x463,0x463,2,5,0},
{0x464,0x464,1,9,0},
{0x465,0x465,2,5,0},
{0x466,0x466,1,9,0},
{0x467,0x467,2,5,0},
{0x468,0x468,1,9,0},
{0x469,0x469,2,5,0},
{0x46a,0x46a,1,9,0},
{0x46b,0x46b,2,5,0},
{0x46c,0x46c,1,9,0},
{0x46d,0x46d,2,5,0},
{0x46e,0x46e,1,9,0},
{0x46f,0x46f,2,5,0},
{0x470,0x470,1,9,0},
{0x471,0x471,2,5,0},
{0x472,0x472,1,9,0},
{0x473,0x473,2,5,0},
{0x474,0x474,1,9,0},
{0x475,0x475,2,5,0},
{0x476,0x476,1,9,0},
{0x477,0x477,2,5,0},
{0x478,0x478,1,9,0},
{0x479,0x479,2,5,0},
{0x47a,0x47a,1,9,0},
{0x47b,0x47b,2,5,0},
{0x47c,0x47c,1,9,0},
{0x47d,0x47d,2,5,0},
{0x47e,0x47e,1,9,0},
{0x47f,0x47f,2,5,0},
{0x480,0x480,1,9,0},
{0x481,0x481,2,5,0},
{0x482,0x482,27,0,0},
{0x483,0x487,6,0,230},
{0x488,0x489,7,0,0},
{0x48a,0x48a,1,9,0},
{0x48b,0x48b,2,5,0},
{0x48c,0x48c,1,9,0},
{0x48d,0x48d,2,5,0},
{0x48e,0x48e,1,9,0},
{0x48f,0x48f,2,5,0},
{0x490,0x490,1,9,0},
{0x491,0x491,2,5,0},
{0x492,0x492,1,9,0},
{0x493,0x493,2,5,0},
{0x494,0x494,1,9,0},
{0x495,0x495,2,5,0},
{0x496,0x496,1,9,0},
{0x497,0x497,2,5,0},
{0x498,0x498,1,9,0},
{0x499,0x499,2,5,0},
{0x49a,0x49a,1,9,0},
{0x49b,0x49b,2,5,0},
{0x49c,0x49c,1,9,0},
{0x49d,0x49d,2,5,0},
{0x49e,0x49e,1,9,0},
{0x49f,0x49f,2,5,0},
{0x4a0,0x4a0,1,9,0},
{0x4a1,0x4a1,2,5,0},
{0x4a2,0x4a2,1,9,0},
{0x4a3,0x4a3,2,5,0},
{0x4a4,0x4a4,1,9,0},
{0x4a5,0x4a5,2,5,0},
{0x4a6,0x4a6,1,9,0},
{0x4a7,0x4a7,2,5,0},
{0x4a8,0x4a8,1,9,0},
{0x4a9,0x4a9,2,5,0},
{0x4aa,0x4aa,1,9,0},
{0x4ab,0x4ab,2,5,0},
{0x4ac,0x4ac,1,9,0},
{0x4ad,0x4ad,2,5,0},
{0x4ae,0x4ae,1,9,0},
{0x4af,0x4af,2,5,0},
{0x4b0,0x4b0,1,9,0},
{0x4b1,0x4b1,2,5,0},
{0x4b2,0x4b2,1,9,0},
{0x4b3,0x4b3,2,5,0},
{0x4b4,0x4b4,1,9,0},
{0x4b5,0x4b5,2,5,0},
{0x4b6,0x4b6,1,9,0},
{0x4b7,0x4b7,2,5,0},
{0x4b8,0x4b8,1,9,0},
{0x4b9,0x4b9,2,5,0},
{0x4ba,0x4ba,1,9,0},
{0x4bb,0x4bb,2,5,0},
{0x4bc,0x4bc,1,9,0},
{0x4bd,0x4bd,2,5,0},
{0x4be,0x4be,1,9,0},
{0x4bf,0x4bf,2,5,0},
{0x4c0,0x4c1,1,9,0},
{0x4c2,0x4c2,2,5,0},
{0x4c3,0x4c3,1,9,0},
{0x4c4,0x4c4,2,5,0},
{0x4c5,0x4c5,1,9,0},
{0x4c6,0x4c6,2,5,0},
{0x4c7,0x4c7,1,9,0},
{0x4c8,0x4c8,2,5,0},
{0x4c9,0x4c9,1,9,0},
{0x4ca,0x4ca,2,5,0},
{0x4cb,0x4cb,1,9,0},
{0x4cc,0x4cc,2,5,0},
{0x4cd,0x4cd,1,9,0},
{0x4ce,0x4cf,2,5,0},
{0x4d0,0x4d0,1,9,0},
{0x4d1,0x4d1,2,5,0},
{0x4d2,0x4d2,1,9,0},
{0x4d3,0x4d3,2,5,0},
{0x4d4,0x4d4,1,9,0},
{0x4d5,0x4d5,2,5,0},
{0x4d6,0x4d6,1,9,0},
{0x4d7,0x4d7,2,5,0},
{0x4d8,0x4d8,1,9,0},
{0x4d9,0x4d9,2,5,0},
{0x4da,0x4da,1,9,0},
{0x4db,0x4db,2,5,0},
{0x4dc,0x4dc,1,9,0},
{0x4dd,0x4dd,2,5,0},
{0x4de,0x4de,1,9,0},
{0x4df,0x4df,2,5,0},
{0x4e0,0x4e0,1,9,0},
{0x4e1,0x4e1,2,5,0},
{0x4e2,0x4e2,1,9,0},
{0x4e3,0x4e3,2,5,0},
{0x4e4,0x4e4,1,9,0},
{0x4e5,0x4e5,2,5,0},
{0x4e6,0x4e6,1,9,0},
{0x4e7,0x4e7,2,5,0},
{0x4e8,0x4e8,1,9,0},
{0x4e9,0x4e9,2,5,0},
{0x4ea,0x4ea,1,9,0},
{0x4eb,0x4eb,2,5,0},
{0x4ec,0x4ec,1,9,0},
{0x4ed,0x4ed,2,5,0},
{0x4ee,0x4ee,1,9,0},
{0x4ef,0x4ef,2,5,0},
{0x4f0,0x4f0,1,9,0},
{0x4f1,0x4f1,2,5,0},
{0x4f2,0x4f2,1,9,0},
{0x4f3,0x4f3,2,5,0},
{0x4f4,0x4f4,1,9,0},
{0x4f5,0x4f5,2,5,0},
{0x4f6,0x4f6,1,9,0},
{0x4f7,0x4f7,2,5,0},
{0x4f8,0x4f8,1,9,0},
{0x4f9,0x4f9,2,5,0},
{0x4fa,0x4fa,1,9,0},
{0x4fb,0x4fb,2,5,0},
{0x4fc,0x4fc,1,9,0},
{0x4fd,0x4fd,2,5,0},
{0x4fe,0x4fe,1,9,0},
{0x4ff,0x4ff,2,5,0},
{0x500,0x500,1,9,0},
{0x501,0x501,2,5,0},
{0x502,0x502,1,9,0},
{0x503,0x503,2,5,0},
{0x504,0x504,1,9,0},
{0x505,0x505,2,5,0},
{0x506,0x506,1,9,0},
{0x507,0x507,2,5,0},
{0x508,0x508,1,9,0},
{0x509,0x509,2,5,0},
{0x50a,0x50a,1,9,0},
{0x50b,0x50b,2,5,0},
{0x50c,0x50c,1,9,0},
{0x50d,0x50d,2,5,0},
{0x50e,0x50e,1,9,0},
{0x50f,0x50f,2,5,0},
{0x510,0x510,1,9,0},
{0x511,0x511,2,5,0},
{0x512,0x512,1,9,0},
{0x513,0x513,2,5,0},
{0x514,0x514,1,9,0},
{0x515,0x515,2,5,0},
{0x516,0x516,1,9,0},
{0x517,0x517,2,5,0},
{0x518,0x518,1,9,0},
{0x519,0x519,2,5,0},
{0x51a,0x51a,1,9,0},
{0x51b,0x51b,2,5,0},
{0x51c,0x51c,1,9,0},
{0x51d,0x51d,2,5,0},
{0x51e,0x51e,1,9,0},
{0x51f,0x51f,2,5,0},
{0x520,0x520,1,9,0},
{0x521,0x521,2,5,0},
{0x522,0x522,1,9,0},
{0x523,0x523,2,5,0},
{0x524,0x524,1,9,0},
{0x525,0x525,2,5,0},
{0x526,0x526,1,9,0},
{0x527,0x527,2,5,0},
{0x528,0x528,1,9,0},
{0x529,0x529,2,5,0},
{0x52a,0x52a,1,9,0},
{0x52b,0x52b,2,5,0},
{0x52c,0x52c,1,9,0},
{0x52d,0x52d,2,5,0},
{0x52e,0x52e,1,9,0},
{0x52f,0x52f,2,5,0},
{0x531,0x556,1,9,0},
{0x559,0x559,4,1,0},
{0x55a,0x55f,23,0,0},
{0x560,0x588,2,5,0},
{0x589,0x589,23,0,0},
{0x58a,0x58a,19,0,0},
{0x58d,0x58e,27,0,0},
{0x58f,0x58f,25,0,0},
{0x591,0x591,6,0,220},
{0x592,0x595,6,0,230},
{0x596,0x596,6,0,220},
{0x597,0x599,6,0,230},
{0x59a,0x59a,6,0,222},
{0x59b,0x59b,6,0,220},
{0x59c,0x5a1,6,0,230},
{0x5a2,0x5a7,6,0,220},
{0x5a8,0x5a9,6,0,230},
{0x5aa,0x5aa,6,0,220},
{0x5ab,0x5ac,6,0,230},
{0x5ad,0x5ad,6,0,222},
{0x5ae,0x5ae,6,0,228},
{0x5af,0x5af,6,0,230},
{0x5b0,0x5b0,6,1,10},
{0x5b1,0x5b1,6,1,11},
{0x5b2,0x5b2,6,1,12},
{0x5b3,0x5b3,6,1,13},
{0x5b4,0x5b4,6,1,14},
{0x5b5,0x5b5,6,1,15},
{0x5b6,0x5b6,6,1,16},
{0x5b7,0x5b7,6,1,17},
{0x5b8,0x5b8,6,1,18},
{0x5b9,0x5ba,6,1,19},
{0x5bb,0x5bb,6,1,20},
{0x5bc,0x5bc,6,1,21},
{0x5bd,0x5bd,6,1,22},
{0x5be,0x5be,19,0,0},
{0x5bf,0x5bf,6,1,23},
{0x5c0,0x5c0,23,0,0},
{0x5c1,0x5c1,6,1,24},
{0x5c2,0x5c2,6,1,25},
{0x5c3,0x5c3,23,0,0},
{0x5c4,0x5c4,6,1,230},
{0x5c5,0x5c5,6,1,220},
{0x5c6,0x5c6,23,0,0},
{0x5c7,0x5c7,6,1,18},
{0x5d0,0x5ea,5,1,0},
{0x5ef,0x5f2,5,1,0},
{0x5f3,0x5f4,23,0,0},
{0x600,0x605,16,0,0},
{0x606,0x608,24,0,0},
{0x609,0x60a,23,0,0},
{0x60b,0x60b,25,0,0},
{0x60c,0x60d,23,0,0},
{0x60e,0x60f,27,0,0},
{0x610,0x617,6,1,230},
{0x618,0x618,6,1,30},
{0x619,0x619,6,1,31},
{0x61a,0x61a,6,1,32},
{0x61b,0x61b,23,0,0},
{0x61c,0x61c,16,0,0},
{0x61d,0x61f,23,0,0},
{0x620,0x63f,5,1,0},
{0x640,0x640,4,1,0},
{0x641,0x64a,5,1,0},
{0x64b,0x64b,6,1,27},
{0x64c,0x64c,6,1,28},
{0x64d,0x64d,6,1,29},
{0x64e,0x64e,6,1,30},
{0x64f,0x64f,6,1,31},
{0x650,0x650,6,1,32},
{0x651,0x651,6,1,33},
{0x652,0x652,6,1,34},
{0x653,0x654,6,1,230},
{0x655,0x656,6,1,220},
{0x657,0x657,6,1,230},
{0x658,0x658,6,0,230},
{0x659,0x65b,6,1,230},
{0x65c,0x65c,6,1,220},
{0x65d,0x65e,6,1,230},
{0x65f,0x65f,6,1,220},
{0x660,0x669,9,0,0},
{0x66a,0x66d,23,0,0},
{0x66e,0x66f,5,1,0},
{0x670,0x670,6,1,35},
{0x671,0x6d3,5,1,0},
{0x6d4,0x6d4,23,0,0},
{0x6d5,0x6d5,5,1,0},
{0x6d6,0x6dc,6,1,230},
{0x6dd,0x6dd,16,0,0},
{0x6de,0x6de,27,0,0},
{0x6df,0x6e0,6,0,230},
{0x6e1,0x6e2,6,1,230},
{0x6e3,0x6e3,6,1,220},
{0x6e4,0x6e4,6,1,230},
{0x6e5,0x6e6,4,1,0},
{0x6e7,0x6e8,6,1,230},
{0x6e9,0x6e9,27,0,0},
{0x6ea,0x6ea,6,0,220},
{0x6eb,0x6ec,6,0,230},
{0x6ed,0x6ed,6,1,220},
{0x6ee,0x6ef,5,1,0},
{0x6f0,0x6f9,9,0,0},
{0x6fa,0x6fc,5,1,0},
{0x6fd,0x6fe,27,0,0},
{0x6ff,0x6ff,5,1,0},
{0x700,0x70d,23,0,0},
{0x70f,0x70f,16,0,0},
{0x710,0x710,5,1,0},
{0x711,0x711,6,1,36},
{0x712,0x72f,5,1,0},
{0x730,0x730,6,1,230},
{0x731,0x731,6,1,220},
{0x732,0x733,6,1,230},
{0x734,0x734,6,1,220},
{0x735,0x736,6,1,230},
{0x737,0x739,6,1,220},
{0x73a,0x73a,6,1,230},
{0x73b,0x73c,6,1,220},
{0x73d,0x73d,6,1,230},
{0x73e,0x73e,6,1,220},
{0x73f,0x73f,6,1,230},
{0x740,0x741,6,0,230},
{0x742,0x742,6,0,220},
{0x743,0x743,6,0,230},
{0x744,0x744,6,0,220},
{0x745,0x745,6,0,230},
{0x746,0x746,6,0,220},
{0x747,0x747,6,0,230},
{0x748,0x748,6,0,220},
{0x749,0x74a,6,0,230},
{0x74d,0x7a5,5,1,0},
{0x7a6,0x7b0,6,1,0},
{0x7b1,0x7b1,5,1,0},
{0x7c0,0x7c9,9,0,0},
{0x7ca,0x7ea,5,1,0},
{0x7eb,0x7f1,6,0,230},
{0x7f2,0x7f2,6,0,220},
{0x7f3,0x7f3,6,0,230},
{0x7f4,0x7f5,4,1,0},
{0x7f6,0x7f6,27,0,0},
{0x7f7,0x7f9,23,0,0},
{0x7fa,0x7fa,4,1,0},
{0x7fd,0x7fd,6,0,220},
{0x7fe,0x7ff,25,0,0},
{0x800,0x815,5,1,0},
{0x816,0x817,6,1,230},
{0x818,0x819,6,0,230},
{0x81a,0x81a,4,1,0},
{0x81b,0x823,6,1,230},
{0x824,0x824,4,1,0},
{0x825,0x827,6,1,230},
{0x828,0x828,4,1,0},
{0x829,0x82c,6,1,230},
{0x82d,0x82d,6,0,230},
{0x830,0x83e,23,0,0},
{0x840,0x858,5,1,0},
{0x859,0x85b,6,0,220},
{0x85e,0x85e,23,0,0},
{0x860,0x86a,5,1,0},
{0x870,0x887,5,1,0},
{0x888,0x888,26,0,0},
{0x889,0x88e,5,1,0},
{0x890,0x891,16,0,0},
{0x898,0x898,6,0,230},
{0x899,0x89b,6,0,220},
{0x89c,0x89f,6,0,230},
{0x8a0,0x8c8,5,1,0},
{0x8c9,0x8c9,4,1,0},
{0x8ca,0x8ce,6,0,230},
{0x8cf,0x8d3,6,0,220},
{0x8d4,0x8df,6,1,230},
{0x8e0,0x8e1,6,0,230},
{0x8e2,0x8e2,16,0,0},
{0x8e3,0x8e3,6,1,220},
{0x8e4,0x8e5,6,1,230},
{0x8e6,0x8e6,6,1,220},
{0x8e7,0x8e8,6,1,230},
{0x8e9,0x8e9,6,1,220},
{0x8ea,0x8ec,6,0,230},
{0x8ed,0x8ef,6,0,220},
{0x8f0,0x8f0,6,1,27},
{0x8f1,0x8f1,6,1,28},
{0x8f2,0x8f2,6,1,29},
{0x8f3,0x8f5,6,1,230},
{0x8f6,0x8f6,6,1,220},
{0x8f7,0x8f8,6,1,230},
{0x8f9,0x8fa,6,1,220},
{0x8fb,0x8ff,6,1,230},
{0x900,0x902,6,1,0},
{0x903,0x903,8,1,0},
{0x904,0x939,5,1,0},
{0x93a,0x93a,6,1,0},
{0x93b,0x93b,8,1,0},
{0x93c,0x93c,6,0,7},
{0x93d,0x93d,5,1,0},
{0x93e,0x940,8,1,0},
{0x941,0x948,6,1,0},
{0x949,0x94c,8,1,0},
{0x94d,0x94d,6,0,9},
{0x94e,0x94f,8,1,0},
{0x950,0x950,5,1,0},
{0x951,0x951,6,0,230},
{0x952,0x952,6,0,220},
{0x953,0x954,6,0,230},
{0x955,0x957,6,1,0},
{0x958,0x961,5,1,0},
{0x962,0x963,6,1,0},
{0x964,0x965,23,0,0},
{0x966,0x96f,9,0,0},
{0x970,0x970,23,0,0},
{0x971,0x971,4,1,0},
{0x972,0x980,5,1,0},
{0x981,0x981,6,1,0},
{0x982,0x983,8,1,0},
{0x985,0x98c,5,1,0},
{0x98f,0x990,5,1,0},
{0x993,0x9a8,5,1,0},
{0x9aa,0x9b0,5,1,0},
{0x9b2,0x9b2,5,1,0},
{0x9b6,0x9b9,5,1,0},
{0x9bc,0x9bc,6,0,7},
{0x9bd,0x9bd,5,1,0},
{0x9be,0x9c0,8,1,0},
{0x9c1,0x9c4,6,1,0},
{0x9c7,0x9c8,8,1,0},
{0x9cb,0x9cc,8,1,0},
{0x9cd,0x9cd,6,0,9},
{0x9ce,0x9ce,5,1,0},
{0x9d7,0x9d7,8,1,0},
{0x9dc,0x9dd,5,1,0},
{0x9df,0x9e1,5,1,0},
{0x9e2,0x9e3,6,1,0},
{0x9e6,0x9ef,9,0,0},
{0x9f0,0x9f1,5,1,0},
{0x9f2,0x9f3,25,0,0},
{0x9f4,0x9f9,11,0,0},
{0x9fa,0x9fa,27,0,0},
{0x9fb,0x9fb,25,0,0},
{0x9fc,0x9fc,5,1,0},
{0x9fd,0x9fd,23,0,0},
{0x9fe,0x9fe,6,0,230},
{0xa01,0xa02,6,1,0},
{0xa03,0xa03,8,1,0},
{0xa05,0xa0a,5,1,0},
{0xa0f,0xa10,5,1,0},
{0xa13,0xa28,5,1,0},
{0xa2a,0xa30,5,1,0},
{0xa32,0xa33,5,1,0},
{0xa35,0xa36,5,1,0},
{0xa38,0xa39,5,1,0},
{0xa3c,0xa3c,6,0,7},
{0xa3e,0xa40,8,1,0},
{0xa41,0xa42,6,1,0},
{0xa47,0xa48,6,1,0},
{0xa4b,0xa4c,6,1,0},
{0xa4d,0xa4d,6,0,9},
{0xa51,0xa51,6,1,0},
{0xa59,0xa5c,5,1,0},
{0xa5e,0xa5e,5,1,0},
{0xa66,0xa6f,9,0,0},
{0xa70,0xa71,6,1,0},
{0xa72,0xa74,5,1,0},
{0xa75,0xa75,6,1,0},
{0xa76,0xa76,23,0,0},
{0xa81,0xa82,6,1,0},
{0xa83,0xa83,8,1,0},
{0xa85,0xa8d,5,1,0},
{0xa8f,0xa91,5,1,0},
{0xa93,0xaa8,5,1,0},
{0xaaa,0xab0,5,1,0},
{0xab2,0xab3,5,1,0},
{0xab5,0xab9,5,1,0},
{0xabc,0xabc,6,0,7},
{0xabd,0xabd,5,1,0},
{0xabe,0xac0,8,1,0},
{0xac1,0xac5,6,1,0},
{0xac7,0xac8,6,1,0},
{0xac9,0xac9,8,1,0},
{0xacb,0xacc,8,1,0},
{0xacd,0xacd,6,0,9},
{0xad0,0xad0,5,1,0},
{0xae0,0xae1,5,1,0},
{0xae2,0xae3,6,1,0},
{0xae6,0xaef,9,0,0},
{0xaf0,0xaf0,23,0,0},
{0xaf1,0xaf1,25,0,0},
{0xaf9,0xaf9,5,1,0},
{0xafa,0xafc,6,1,0},
{0xafd,0xaff,6,0,0},
{0xb01,0xb01,6,1,0},
{0xb02,0xb03,8,1,0},
{0xb05,0xb0c,5,1,0},
{0xb0f,0xb10,5,1,0},
{0xb13,0xb28,5,1,0},
{0xb2a,0xb30,5,1,0},
{0xb32,0xb33,5,1,0},
{0xb35,0xb39,5,1,0},
{0xb3c,0xb3c,6,0,7},
{0xb3d,0xb3d,5,1,0},
{0xb3e,0xb3e,8,1,0},
{0xb3f,0xb3f,6,1,0},
{0xb40,0xb40,8,1,0},
{0xb41,0xb44,6,1,0},
{0xb47,0xb48,8,1,0},
{0xb4b,0xb4c,8,1,0},
{0xb4d,0xb4d,6,0,9},
{0xb55,0xb55,6,0,0},
{0xb56,0xb56,6,1,0},
{0xb57,0xb57,8,1,0},
{0xb5c,0xb5d,5,1,0},
{0xb5f,0xb61,5,1,0},
{0xb62,0xb63,6,1,0},
{0xb66,0xb6f,9,0,0},
{0xb70,0xb70,27,0,0},
{0xb71,0xb71,5,1,0},
{0xb72,0xb77,11,0,0},
{0xb82,0xb82,6,1,0},
{0xb83,0xb83,5,1,0},
{0xb85,0xb8a,5,1,0},
{0xb8e,0xb90,5,1,0},
{0xb92,0xb95,5,1,0},
{0xb99,0xb9a,5,1,0},
{0xb9c,0xb9c,5,1,0},
{0xb9e,0xb9f,5,1,0},
{0xba3,0xba4,5,1,0},
{0xba8,0xbaa,5,1,0},
{0xbae,0xbb9,5,1,0},
{0xbbe,0xbbf,8,1,0},
{0xbc0,0xbc0,6,1,0},
{0xbc1,0xbc2,8,1,0},
{0xbc6,0xbc8,8,1,0},
{0xbca,0xbcc,8,1,0},
{0xbcd,0xbcd,6,0,9},
{0xbd0,0xbd0,5,1,0},
{0xbd7,0xbd7,8,1,0},
{0xbe6,0xbef,9,0,0},
{0xbf0,0xbf2,11,0,0},
{0xbf3,0xbf8,27,0,0},
{0xbf9,0xbf9,25,0,0},
{0xbfa,0xbfa,27,0,0},
{0xc00,0xc00,6,1,0},
{0xc01,0xc03,8,1,0},
{0xc04,0xc04,6,1,0},
{0xc05,0xc0c,5,1,0},
{0xc0e,0xc10,5,1,0},
{0xc12,0xc28,5,1,0},
{0xc2a,0xc39,5,1,0},
{0xc3c,0xc3c,6,0,7},
{0xc3d,0xc3d,5,1,0},
{0xc3e,0xc40,6,1,0},
{0xc41,0xc44,8,1,0},
{0xc46,0xc48,6,1,0},
{0xc4a,0xc4c,6,1,0},
{0xc4d,0xc4d,6,0,9},
{0xc55,0xc55,6,1,84},
{0xc56,0xc56,6,1,91},
{0xc58,0xc5a,5,1,0},
{0xc5d,0xc5d,5,1,0},
{0xc60,0xc61,5,1,0},
{0xc62,0xc63,6,1,0},
{0xc66,0xc6f,9,0,0},
{0xc77,0xc77,23,0,0},
{0xc78,0xc7e,11,0,0},
{0xc7f,0xc7f,27,0,0},
{0xc80,0xc80,5,1,0},
{0xc81,0xc81,6,1,0},
{0xc82,0xc83,8,1,0},
{0xc84,0xc84,23,0,0},
{0xc85,0xc8c,5,1,0},
{0xc8e,0xc90,5,1,0},
{0xc92,0xca8,5,1,0},
{0xcaa,0xcb3,5,1,0},
{0xcb5,0xcb9,5,1,0},
{0xcbc,0xcbc,6,0,7},
{0xcbd,0xcbd,5,1,0},
{0xcbe,0xcbe,8,1,0},
{0xcbf,0xcbf,6,1,0},
{0xcc0,0xcc4,8,1,0},
{0xcc6,0xcc6,6,1,0},
{0xcc7,0xcc8,8,1,0},
{0xcca,0xccb,8,1,0},
{0xccc,0xccc,6,1,0},
{0xccd,0xccd,6,0,9},
{0xcd5,0xcd6,8,1,0},
{0xcdd,0xcde,5,1,0},
{0xce0,0xce1,5,1,0},
{0xce2,0xce3,6,1,0},
{0xce6,0xcef,9,0,0},
{0xcf1,0xcf2,5,1,0},
{0xcf3,0xcf3,8,1,0},
{0xd00,0xd01,6,1,0},
{0xd02,0xd03,8,1,0},
{0xd04,0xd0c,5,1,0},
{0xd0e,0xd10,5,1,0},
{0xd12,0xd3a,5,1,0},
{0xd3b,0xd3c,6,0,9},
{0xd3d,0xd3d,5,1,0},
{0xd3e,0xd40,8,1,0},
{0xd41,0xd44,6,1,0},
{0xd46,0xd48,8,1,0},
{0xd4a,0xd4c,8,1,0},
{0xd4d,0xd4d,6,0,9},
{0xd4e,0xd4e,5,1,0},
{0xd4f,0xd4f,27,0,0},
{0xd54,0xd56,5,1,0},
{0xd57,0xd57,8,1,0},
{0xd58,0xd5e,11,0,0},
{0xd5f,0xd61,5,1,0},
{0xd62,0xd63,6,1,0},
{0xd66,0xd6f,9,0,0},
{0xd70,0xd78,11,0,0},
{0xd79,0xd79,27,0,0},
{0xd7a,0xd7f,5,1,0},
{0xd81,0xd81,6,1,0},
{0xd82,0xd83,8,1,0},
{0xd85,0xd96,5,1,0},
{0xd9a,0xdb1,5,1,0},
{0xdb3,0xdbb,5,1,0},
{0xdbd,0xdbd,5,1,0},
{0xdc0,0xdc6,5,1,0},
{0xdca,0xdca,6,0,9},
{0xdcf,0xdd1,8,1,0},
{0xdd2,0xdd4,6,1,0},
{0xdd6,0xdd6,6,1,0},
{0xdd8,0xddf,8,1,0},
{0xde6,0xdef,9,0,0},
{0xdf2,0xdf3,8,1,0},
{0xdf4,0xdf4,23,0,0},
{0xe01,0xe30,5,1,0},
{0xe31,0xe31,6,1,0},
{0xe32,0xe33,5,1,0},
{0xe34,0xe37,6,1,0},
{0xe38,0xe39,6,1,103},
{0xe3a,0xe3a,6,1,9},
{0xe3f,0xe3f,25,0,0},
{0xe40,0xe45,5,1,0},
{0xe46,0xe46,4,1,0},
{0xe47,0xe47,6,0,0},
{0xe48,0xe4b,6,0,107},
{0xe4c,0xe4c,6,0,0},
{0xe4d,0xe4d,6,1,0},
{0xe4e,0xe4e,6,0,0},
{0xe4f,0xe4f,23,0,0},
{0xe50,0xe59,9,0,0},
{0xe5a,0xe5b,23,0,0},
{0xe81,0xe82,5,1,0},
{0xe84,0xe84,5,1,0},
{0xe86,0xe8a,5,1,0},
{0xe8c,0xea3,5,1,0},
{0xea5,0xea5,5,1,0},
{0xea7,0xeb0,5,1,0},
{0xeb1,0xeb1,6,1,0},
{0xeb2,0xeb3,5,1,0},
{0xeb4,0xeb7,6,1,0},
{0xeb8,0xeb9,6,1,118},
{0xeba,0xeba,6,0,9},
{0xebb,0xebc,6,1,0},
{0xebd,0xebd,5,1,0},
{0xec0,0xec4,5,1,0},
{0xec6,0xec6,4,1,0},
{0xec8,0xecb,6,0,122},
{0xecc,0xecc,6,0,0},
{0xecd,0xecd,6,1,0},
{0xece,0xece,6,0,0},
{0xed0,0xed9,9,0,0},
{0xedc,0xedf,5,1,0},
{0xf00,0xf00,5,1,0},
{0xf01,0xf03,27,0,0},
{0xf04,0xf12,23,0,0},
{0xf13,0xf13,27,0,0},
{0xf14,0xf14,23,0,0},
{0xf15,0xf17,27,0,0},
{0xf18,0xf19,6,0,220},
{0xf1a,0xf1f,27,0,0},
{0xf20,0xf29,9,0,0},
{0xf2a,0xf33,11,0,0},
{0xf34,0xf34,27,0,0},
{0xf35,0xf35,6,0,220},
{0xf36,0xf36,27,0,0},
{0xf37,0xf37,6,0,220},
{0xf38,0xf38,27,0,0},
{0xf39,0xf39,6,0,216},
{0xf3a,0xf3a,20,0,0},
{0xf3b,0xf3b,21,0,0},
{0xf3c,0xf3c,20,0,0},
{0xf3d,0xf3d,21,0,0},
{0xf3e,0xf3f,8,0,0},
{0xf40,0xf47,5,1,0},
{0xf49,0xf6c,5,1,0},
{0xf71,0xf71,6,1,129},
{0xf72,0xf72,6,1,130},
{0xf73,0xf73,6,1,0},
{0xf74,0xf74,6,1,132},
{0xf75,0xf79,6,1,0},
{0xf7a,0xf7d,6,1,130},
{0xf7e,0xf7e,6,1,0},
{0xf7f,0xf7f,8,1,0},
{0xf80,0xf80,6,1,130},
{0xf81,0xf81,6,1,0},
{0xf82,0xf83,6,1,230},
{0xf84,0xf84,6,0,9},
{0xf85,0xf85,23,0,0},
{0xf86,0xf87,6,0,230},
{0xf88,0xf8c,5,1,0},
{0xf8d,0xf97,6,1,0},
{0xf99,0xfbc,6,1,0},
{0xfbe,0xfc5,27,0,0},
{0xfc6,0xfc6,6,0,220},
{0xfc7,0xfcc,27,0,0},
{0xfce,0xfcf,27,0,0},
{0xfd0,0xfd4,23,0,0},
{0xfd5,0xfd8,27,0,0},
{0xfd9,0xfda,23,0,0},
{0x1000,0x102a,5,1,0},
{0x102b,0x102c,8,1,0},
{0x102d,0x1030,6,1,0},
{0x1031,0x1031,8,1,0},
{0x1032,0x1036,6,1,0},
{0x1037,0x1037,6,0,7},
{0x1038,0x1038,8,1,0},
{0x1039,0x103a,6,0,9},
{0x103b,0x103c,8,1,0},
{0x103d,0x103e,6,1,0},
{0x103f,0x103f,5,1,0},
{0x1040,0x1049,9,0,0},
{0x104a,0x104f,23,0,0},
{0x1050,0x1055,5,1,0},
{0x1056,0x1057,8,1,0},
{0x1058,0x1059,6,1,0},
{0x105a,0x105d,5,1,0},
{0x105e,0x1060,6,1,0},
{0x1061,0x1061,5,1,0},
{0x1062,0x1064,8,1,0},
{0x1065,0x1066,5,1,0},
{0x1067,0x106d,8,1,0},
{0x106e,0x1070,5,1,0},
{0x1071,0x1074,6,1,0},
{0x1075,0x1081,5,1,0},
{0x1082,0x1082,6,1,0},
{0x1083,0x1084,8,1,0},
{0x1085,0x1086,6,1,0},
{0x1087,0x108c,8,1,0},
{0x108d,0x108d,6,1,220},
{0x108e,0x108e,5,1,0},
{0x108f,0x108f,8,1,0},
{0x1090,0x1099,9,0,0},
{0x109a,0x109c,8,1,0},
{0x109d,0x109d,6,1,0},
{0x109e,0x109f,27,0,0},
{0x10a0,0x10c5,1,9,0},
{0x10c7,0x10c7,1,9,0},
{0x10cd,0x10cd,1,9,0},
{0x10d0,0x10fa,2,5,0},
{0x10fb,0x10fb,23,0,0},
{0x10fc,0x10fc,4,5,0},
{0x10fd,0x10ff,2,5,0},
{0x1100,0x1248,5,1,0},
{0x124a,0x124d,5,1,0},
{0x1250,0x1256,5,1,0},
{0x1258,0x1258,5,1,0},
{0x125a,0x125d,5,1,0},
{0x1260,0x1288,5,1,0},
{0x128a,0x128d,5,1,0},
{0x1290,0x12b0,5,1,0},
{0x12b2,0x12b5,5,1,0},
{0x12b8,0x12be,5,1,0},
{0x12c0,0x12c0,5,1,0},
{0x12c2,0x12c5,5,1,0},
{0x12c8,0x12d6,5,1,0},
{0x12d8,0x1310,5,1,0},
{0x1312,0x1315,5,1,0},
{0x1318,0x135a,5,1,0},
{0x135d,0x135f,6,0,230},
{0x1360,0x1368,23,0,0},
{0x1369,0x137c,11,0,0},
{0x1380,0x138f,5,1,0},
{0x1390,0x1399,27,0,0},
{0x13a0,0x13f5,1,9,0},
{0x13f8,0x13fd,2,5,0},
{0x1400,0x1400,19,0,0},
{0x1401,0x166c,5,1,0},
{0x166d,0x166d,27,0,0},
{0x166e,0x166e,23,0,0},
{0x166f,0x167f,5,1,0},
{0x1680,0x1680,12,0,0},
{0x1681,0x169a,5,1,0},
{0x169b,0x169b,20,0,0},
{0x169c,0x169c,21,0,0},
{0x16a0,0x16ea,5,1,0},
{0x16eb,0x16ed,23,0,0},
{0x16ee,0x16f0,10,1,0},
{0x16f1,0x16f8,5,1,0},
{0x1700,0x1711,5,1,0},
{0x1712,0x1713,6,1,0},
{0x1714,0x1714,6,0,9},
{0x1715,0x1715,8,0,9},
{0x171f,0x1731,5,1,0},
{0x1732,0x1733,6,1,0},
{0x1734,0x1734,8,0,9},
{0x1735,0x1736,23,0,0},
{0x1740,0x1751,5,1,0},
{0x1752,0x1753,6,1,0},
{0x1760,0x176c,5,1,0},
{0x176e,0x1770,5,1,0},
{0x1772,0x1773,6,1,0},
{0x1780,0x17b3,5,1,0},
{0x17b4,0x17b5,6,0,0},
{0x17b6,0x17b6,8,1,0},
{0x17b7,0x17bd,6,1,0},
{0x17be,0x17c5,8,1,0},
{0x17c6,0x17c6,6,1,0},
{0x17c7,0x17c8,8,1,0},
{0x17c9,0x17d1,6,0,0},
{0x17d2,0x17d2,6,0,9},
{0x17d3,0x17d3,6,0,0},
{0x17d4,0x17d6,23,0,0},
{0x17d7,0x17d7,4,1,0},
{0x17d8,0x17da,23,0,0},
{0x17db,0x17db,25,0,0},
{0x17dc,0x17dc,5,1,0},
{0x17dd,0x17dd,6,0,230},
{0x17e0,0x17e9,9,0,0},
{0x17f0,0x17f9,11,0,0},
{0x1800,0x1805,23,0,0},
{0x1806,0x1806,19,0,0},
{0x1807,0x180a,23,0,0},
{0x180b,0x180d,6,0,0},
{0x180e,0x180e,16,0,0},
{0x180f,0x180f,6,0,0},
{0x1810,0x1819,9,0,0},
{0x1820,0x1842,5,1,0},
{0x1843,0x1843,4,1,0},
{0x1844,0x1878,5,1,0},
{0x1880,0x1884,5,1,0},
{0x1885,0x1886,6,1,0},
{0x1887,0x18a8,5,1,0},
{0x18a9,0x18a9,6,1,228},
{0x18aa,0x18aa,5,1,0},
{0x18b0,0x18f5,5,1,0},
{0x1900,0x191e,5,1,0},
{0x1920,0x1922,6,1,0},
{0x1923,0x1926,8,1,0},
{0x1927,0x1928,6,1,0},
{0x1929,0x192b,8,1,0},
{0x1930,0x1931,8,1,0},
{0x1932,0x1932,6,1,0},
{0x1933,0x1938,8,1,0},
{0x1939,0x1939,6,0,222},
{0x193a,0x193a,6,0,230},
{0x193b,0x193b,6,0,220},
{0x1940,0x1940,27,0,0},
{0x1944,0x1945,23,0,0},
{0x1946,0x194f,9,0,0},
{0x1950,0x196d,5,1,0},
{0x1970,0x1974,5,1,0},
{0x1980,0x19ab,5,1,0},
{0x19b0,0x19c9,5,1,0},
{0x19d0,0x19d9,9,0,0},
{0x19da,0x19da,11,0,0},
{0x19de,0x19ff,27,0,0},
{0x1a00,0x1a16,5,1,0},
{0x1a17,0x1a17,6,1,230},
{0x1a18,0x1a18,6,1,220},
{0x1a19,0x1a1a,8,1,0},
{0x1a1b,0x1a1b,6,1,0},
{0x1a1e,0x1a1f,23,0,0},
{0x1a20,0x1a54,5,1,0},
{0x1a55,0x1a55,8,1,0},
{0x1a56,0x1a56,6,1,0},
{0x1a57,0x1a57,8,1,0},
{0x1a58,0x1a5e,6,1,0},
{0x1a60,0x1a60,6,0,9},
{0x1a61,0x1a61,8,1,0},
{0x1a62,0x1a62,6,1,0},
{0x1a63,0x1a64,8,1,0},
{0x1a65,0x1a6c,6,1,0},
{0x1a6d,0x1a72,8,1,0},
{0x1a73,0x1a74,6,1,0},
{0x1a75,0x1a7c,6,0,230},
{0x1a7f,0x1a7f,6,0,220},
{0x1a80,0x1a89,9,0,0},
{0x1a90,0x1a99,9,0,0},
{0x1aa0,0x1aa6,23,0,0},
{0x1aa7,0x1aa7,4,1,0},
{0x1aa8,0x1aad,23,0,0},
{0x1ab0,0x1ab4,6,0,230},
{0x1ab5,0x1aba,6,0,220},
{0x1abb,0x1abc,6,0,230},
{0x1abd,0x1abd,6,0,220},
{0x1abe,0x1abe,7,0,0},
{0x1abf,0x1ac0,6,1,220},
{0x1ac1,0x1ac2,6,0,230},
{0x1ac3,0x1ac4,6,0,220},
{0x1ac5,0x1ac9,6,0,230},
{0x1aca,0x1aca,6,0,220},
{0x1acb,0x1acb,6,0,230},
{0x1acc,0x1ace,6,1,230},
{0x1b00,0x1b03,6,1,0},
{0x1b04,0x1b04,8,1,0},
{0x1b05,0x1b33,5,1,0},
{0x1b34,0x1b34,6,0,7},
{0x1b35,0x1b35,8,1,0},
{0x1b36,0x1b3a,6,1,0},
{0x1b3b,0x1b3b,8,1,0},
{0x1b3c,0x1b3c,6,1,0},
{0x1b3d,0x1b41,8,1,0},
{0x1b42,0x1b42,6,1,0},
{0x1b43,0x1b43,8,1,0},
{0x1b44,0x1b44,8,0,9},
{0x1b45,0x1b4c,5,1,0},
{0x1b50,0x1b59,9,0,0},
{0x1b5a,0x1b60,23,0,0},
{0x1b61,0x1b6a,27,0,0},
{0x1b6b,0x1b6b,6,0,230},
{0x1b6c,0x1b6c,6,0,220},
{0x1b6d,0x1b73,6,0,230},
{0x1b74,0x1b7c,27,0,0},
{0x1b7d,0x1b7e,23,0,0},
{0x1b80,0x1b81,6,1,0},
{0x1b82,0x1b82,8,1,0},
{0x1b83,0x1ba0,5,1,0},
{0x1ba1,0x1ba1,8,1,0},
{0x1ba2,0x1ba5,6,1,0},
{0x1ba6,0x1ba7,8,1,0},
{0x1ba8,0x1ba9,6,1,0},
{0x1baa,0x1baa,8,0,9},
{0x1bab,0x1bab,6,0,9},
{0x1bac,0x1bad,6,1,0},
{0x1bae,0x1baf,5,1,0},
{0x1bb0,0x1bb9,9,0,0},
{0x1bba,0x1be5,5,1,0},
{0x1be6,0x1be6,6,0,7},
{0x1be7,0x1be7,8,1,0},
{0x1be8,0x1be9,6,1,0},
{0x1bea,0x1bec,8,1,0},
{0x1bed,0x1bed,6,1,0},
{0x1bee,0x1bee,8,1,0},
{0x1bef,0x1bf1,6,1,0},
{0x1bf2,0x1bf3,8,0,9},
{0x1bfc,0x1bff,23,0,0},
{0x1c00,0x1c23,5,1,0},
{0x1c24,0x1c2b,8,1,0},
{0x1c2c,0x1c33,6,1,0},
{0x1c34,0x1c35,8,1,0},
{0x1c36,0x1c36,6,1,0},
{0x1c37,0x1c37,6,0,7},
{0x1c3b,0x1c3f,23,0,0},
{0x1c40,0x1c49,9,0,0},
{0x1c4d,0x1c4f,5,1,0},
{0x1c50,0x1c59,9,0,0},
{0x1c5a,0x1c77,5,1,0},
{0x1c78,0x1c7d,4,1,0},
{0x1c7e,0x1c7f,23,0,0},
{0x1c80,0x1c88,2,5,0},
{0x1c90,0x1cba,1,9,0},
{0x1cbd,0x1cbf,1,9,0},
{0x1cc0,0x1cc7,23,0,0},
{0x1cd0,0x1cd2,6,0,230},
{0x1cd3,0x1cd3,23,0,0},
{0x1cd4,0x1cd4,6,0,1},
{0x1cd5,0x1cd9,6,0,220},
{0x1cda,0x1cdb,6,0,230},
{0x1cdc,0x1cdf,6,0,220},
{0x1ce0,0x1ce0,6,0,230},
{0x1ce1,0x1ce1,8,0,0},
{0x1ce2,0x1ce8,6,0,1},
{0x1ce9,0x1cec,5,1,0},
{0x1ced,0x1ced,6,0,220},
{0x1cee,0x1cf3,5,1,0},
{0x1cf4,0x1cf4,6,0,230},
{0x1cf5,0x1cf6,5,1,0},
{0x1cf7,0x1cf7,8,0,0},
{0x1cf8,0x1cf9,6,0,230},
{0x1cfa,0x1cfa,5,1,0},
{0x1d00,0x1d2b,2,5,0},
{0x1d2c,0x1d6a,4,5,0},
{0x1d6b,0x1d77,2,5,0},
{0x1d78,0x1d78,4,5,0},
{0x1d79,0x1d9a,2,5,0},
{0x1d9b,0x1dbf,4,5,0},
{0x1dc0,0x1dc1,6,0,230},
{0x1dc2,0x1dc2,6,0,220},
{0x1dc3,0x1dc9,6,0,230},
{0x1dca,0x1dca,6,0,220},
{0x1dcb,0x1dcc,6,0,230},
{0x1dcd,0x1dcd,6,0,234},
{0x1dce,0x1dce,6,0,214},
{0x1dcf,0x1dcf,6,0,220},
{0x1dd0,0x1dd0,6,0,202},
{0x1dd1,0x1de6,6,0,230},
{0x1de7,0x1df4,6,1,230},
{0x1df5,0x1df5,6,0,230},
{0x1df6,0x1df6,6,0,232},
{0x1df7,0x1df8,6,0,228},
{0x1df9,0x1df9,6,0,220},
{0x1dfa,0x1dfa,6,0,218},
{0x1dfb,0x1dfb,6,0,230},
{0x1dfc,0x1dfc,6,0,233},
{0x1dfd,0x1dfd,6,0,220},
{0x1dfe,0x1dfe,6,0,230},
{0x1dff,0x1dff,6,0,220},
{0x1e00,0x1e00,1,9,0},
{0x1e01,0x1e01,2,5,0},
{0x1e02,0x1e02,1,9,0},
{0x1e03,0x1e03,2,5,0},
{0x1e04,0x1e04,1,9,0},
{0x1e05,0x1e05,2,5,0},
{0x1e06,0x1e06,1,9,0},
{0x1e07,0x1e07,2,5,0},
{0x1e08,0x1e08,1,9,0},
{0x1e09,0x1e09,2,5,0},
{0x1e0a,0x1e0a,1,9,0},
{0x1e0b,0x1e0b,2,5,0},
{0x1e0c,0x1e0c,1,9,0},
{0x1e0d,0x1e0d,2,5,0},
{0x1e0e,0x1e0e,1,9,0},
{0x1e0f,0x1e0f,2,5,0},
{0x1e10,0x1e10,1,9,0},
{0x1e11,0x1e11,2,5,0},
{0x1e12,0x1e12,1,9,0},
{0x1e13,0x1e13,2,5,0},
{0x1e14,0x1e14,1,9,0},
{0x1e15,0x1e15,2,5,0},
{0x1e16,0x1e16,1,9,0},
{0x1e17,0x1e17,2,5,0},
{0x1e18,0x1e18,1,9,0},
{0x1e19,0x1e19,2,5,0},
{0x1e1a,0x1e1a,1,9,0},
{0x1e1b,0x1e1b,2,5,0},
{0x1e1c,0x1e1c,1,9,0},
{0x1e1d,0x1e1d,2,5,0},
{0x1e1e,0x1e1e,1,9,0},
{0x1e1f,0x1e1f,2,5,0},
{0x1e20,0x1e20,1,9,0},
{0x1e21,0x1e21,2,5,0},
{0x1e22,0x1e22,1,9,0},
{0x1e23,0x1e23,2,5,0},
{0x1e24,0x1e24,1,9,0},
{0x1e25,0x1e25,2,5,0},
{0x1e26,0x1e26,1,9,0},
{0x1e27,0x1e27,2,5,0},
{0x1e28,0x1e28,1,9,0},
{0x1e29,0x1e29,2,5,0},
{0x1e2a,0x1e2a,1,9,0},
{0x1e2b,0x1e2b,2,5,0},
{0x1e2c,0x1e2c,1,9,0},
{0x1e2d,0x1e2d,2,5,0},
{0x1e2e,0x1e2e,1,9,0},
{0x1e2f,0x1e2f,2,5,0},
{0x1e30,0x1e30,1,9,0},
{0x1e31,0x1e31,2,5,0},
{0x1e32,0x1e32,1,9,0},
{0x1e33,0x1e33,2,5,0},
{0x1e34,0x1e34,1,9,0},
{0x1e35,0x1e35,2,5,0},
{0x1e36,0x1e36,1,9,0},
{0x1e37,0x1e37,2,5,0},
{0x1e38,0x1e38,1,9,0},
{0x1e39,0x1e39,2,5,0},
{0x1e3a,0x1e3a,1,9,0},
{0x1e3b,0x1e3b,2,5,0},
{0x1e3c,0x1e3c,1,9,0},
{0x1e3d,0x1e3d,2,5,0},
{0x1e3e,0x1e3e,1,9,0},
{0x1e3f,0x1e3f,2,5,0},
{0x1e40,0x1e40,1,9,0},
{0x1e41,0x1e41,2,5,0},
{0x1e42,0x1e42,1,9,0},
{0x1e43,0x1e43,2,5,0},
{0x1e44,0x1e44,1,9,0},
{0x1e45,0x1e45,2,5,0},
{0x1e46,0x1e46,1,9,0},
{0x1e47,0x1e47,2,5,0},
{0x1e48,0x1e48,1,9,0},
{0x1e49,0x1e49,2,5,0},
{0x1e4a,0x1e4a,1,9,0},
{0x1e4b,0x1e4b,2,5,0},
{0x1e4c,0x1e4c,1,9,0},
{0x1e4d,0x1e4d,2,5,0},
{0x1e4e,0x1e4e,1,9,0},
{0x1e4f,0x1e4f,2,5,0},
{0x1e50,0x1e50,1,9,0},
{0x1e51,0x1e51,2,5,0},
{0x1e52,0x1e52,1,9,0},
{0x1e53,0x1e53,2,5,0},
{0x1e54,0x1e54,1,9,0},
{0x1e55,0x1e55,2,5,0},
{0x1e56,0x1e56,1,9,0},
{0x1e57,0x1e57,2,5,0},
{0x1e58,0x1e58,1,9,0},
{0x1e59,0x1e59,2,5,0},
{0x1e5a,0x1e5a,1,9,0},
{0x1e5b,0x1e5b,2,5,0},
{0x1e5c,0x1e5c,1,9,0},
{0x1e5d,0x1e5d,2,5,0},
{0x1e5e,0x1e5e,1,9,0},
{0x1e5f,0x1e5f,2,5,0},
{0x1e60,0x1e60,1,9,0},
{0x1e61,0x1e61,2,5,0},
{0x1e62,0x1e62,1,9,0},
{0x1e63,0x1e63,2,5,0},
{0x1e64,0x1e64,1,9,0},
{0x1e65,0x1e65,2,5,0},
{0x1e66,0x1e66,1,9,0},
{0x1e67,0x1e67,2,5,0},
{0x1e68,0x1e68,1,9,0},
{0x1e69,0x1e69,2,5,0},
{0x1e6a,0x1e6a,1,9,0},
{0x1e6b,0x1e6b,2,5,0},
{0x1e6c,0x1e6c,1,9,0},
{0x1e6d,0x1e6d,2,5,0},
{0x1e6e,0x1e6e,1,9,0},
{0x1e6f,0x1e6f,2,5,0},
{0x1e70,0x1e70,1,9,0},
{0x1e71,0x1e71,2,5,0},
{0x1e72,0x1e72,1,9,0},
{0x1e73,0x1e73,2,5,0},
{0x1e74,0x1e74,1,9,0},
{0x1e75,0x1e75,2,5,0},
{0x1e76,0x1e76,1,9,0},
{0x1e77,0x1e77,2,5,0},
{0x1e78,0x1e78,1,9,0},
{0x1e79,0x1e79,2,5,0},
{0x1e7a,0x1e7a,1,9,0},
{0x1e7b,0x1e7b,2,5,0},
{0x1e7c,0x1e7c,1,9,0},
{0x1e7d,0x1e7d,2,5,0},
{0x1e7e,0x1e7e,1,9,0},
{0x1e7f,0x1e7f,2,5,0},
{0x1e80,0x1e80,1,9,0},
{0x1e81,0x1e81,2,5,0},
{0x1e82,0x1e82,1,9,0},
{0x1e83,0x1e83,2,5,0},
{0x1e84,0x1e84,1,9,0},
{0x1e85,0x1e85,2,5,0},
{0x1e86,0x1e86,1,9,0},
{0x1e87,0x1e87,2,5,0},
{0x1e88,0x1e88,1,9,0},
{0x1e89,0x1e89,2,5,0},
{0x1e8a,0x1e8a,1,9,0},
{0x1e8b,0x1e8b,2,5,0},
{0x1e8c,0x1e8c,1,9,0},
{0x1e8d,0x1e8d,2,5,0},
{0x1e8e,0x1e8e,1,9,0},
{0x1e8f,0x1e8f,2,5,0},
{0x1e90,0x1e90,1,9,0},
{0x1e91,0x1e91,2,5,0},
{0x1e92,0x1e92,1,9,0},
{0x1e93,0x1e93,2,5,0},
{0x1e94,0x1e94,1,9,0},
{0x1e95,0x1e9d,2,5,0},
{0x1e9e,0x1e9e,1,9,0},
{0x1e9f,0x1e9f,2,5,0},
{0x1ea0,0x1ea0,1,9,0},
{0x1ea1,0x1ea1,2,5,0},
{0x1ea2,0x1ea2,1,9,0},
{0x1ea3,0x1ea3,2,5,0},
{0x1ea4,0x1ea4,1,9,0},
{0x1ea5,0x1ea5,2,5,0},
{0x1ea6,0x1ea6,1,9,0},
{0x1ea7,0x1ea7,2,5,0},
{0x1ea8,0x1ea8,1,9,0},
{0x1ea9,0x1ea9,2,5,0},
{0x1eaa,0x1eaa,1,9,0},
{0x1eab,0x1eab,2,5,0},
{0x1eac,0x1eac,1,9,0},
{0x1ead,0x1ead,2,5,0},
{0x1eae,0x1eae,1,9,0},
{0x1eaf,0x1eaf,2,5,0},
{0x1eb0,0x1eb0,1,9,0},
{0x1eb1,0x1eb1,2,5,0},
{0x1eb2,0x1eb2,1,9,0},
{0x1eb3,0x1eb3,2,5,0},
{0x1eb4,0x1eb4,1,9,0},
{0x1eb5,0x1eb5,2,5,0},
{0x1eb6,0x1eb6,1,9,0},
{0x1eb7,0x1eb7,2,5,0},
{0x1eb8,0x1eb8,1,9,0},
{0x1eb9,0x1eb9,2,5,0},
{0x1eba,0x1eba,1,9,0},
{0x1ebb,0x1ebb,2,5,0},
{0x1ebc,0x1ebc,1,9,0},
{0x1ebd,0x1ebd,2,5,0},
{0x1ebe,0x1ebe,1,9,0},
{0x1ebf,0x1ebf,2,5,0},
{0x1ec0,0x1ec0,1,9,0},
{0x1ec1,0x1ec1,2,5,0},
{0x1ec2,0x1ec2,1,9,0},
{0x1ec3,0x1ec3,2,5,0},
{0x1ec4,0x1ec4,1,9,0},
{0x1ec5,0x1ec5,2,5,0},
{0x1ec6,0x1ec6,1,9,0},
{0x1ec7,0x1ec7,2,5,0},
{0x1ec8,0x1ec8,1,9,0},
{0x1ec9,0x1ec9,2,5,0},
{0x1eca,0x1eca,1,9,0},
{0x1ecb,0x1ecb,2,5,0},
{0x1ecc,0x1ecc,1,9,0},
{0x1ecd,0x1ecd,2,5,0},
{0x1ece,0x1ece,1,9,0},
{0x1ecf,0x1ecf,2,5,0},
{0x1ed0,0x1ed0,1,9,0},
{0x1ed1,0x1ed1,2,5,0},
{0x1ed2,0x1ed2,1,9,0},
{0x1ed3,0x1ed3,2,5,0},
{0x1ed4,0x1ed4,1,9,0},
{0x1ed5,0x1ed5,2,5,0},
{0x1ed6,0x1ed6,1,9,0},
{0x1ed7,0x1ed7,2,5,0},
{0x1ed8,0x1ed8,1,9,0},
{0x1ed9,0x1ed9,2,5,0},
{0x1eda,0x1eda,1,9,0},
{0x1edb,0x1edb,2,5,0},
{0x1edc,0x1edc,1,9,0},
{0x1edd,0x1edd,2,5,0},
{0x1ede,0x1ede,1,9,0},
{0x1edf,0x1edf,2,5,0},
{0x1ee0,0x1ee0,1,9,0},
{0x1ee1,0x1ee1,2,5,0},
{0x1ee2,0x1ee2,1,9,0},
{0x1ee3,0x1ee3,2,5,0},
{0x1ee4,0x1ee4,1,9,0},
{0x1ee5,0x1ee5,2,5,0},
{0x1ee6,0x1ee6,1,9,0},
{0x1ee7,0x1ee7,2,5,0},
{0x1ee8,0x1ee8,1,9,0},
{0x1ee9,0x1ee9,2,5,0},
{0x1eea,0x1eea,1,9,0},
{0x1eeb,0x1eeb,2,5,0},
{0x1eec,0x1eec,1,9,0},
{0x1eed,0x1eed,2,5,0},
{0x1eee,0x1eee,1,9,0},
{0x1eef,0x1eef,2,5,0},
{0x1ef0,0x1ef0,1,9,0},
{0x1ef1,0x1ef1,2,5,0},
{0x1ef2,0x1ef2,1,9,0},
{0x1ef3,0x1ef3,2,5,0},
{0x1ef4,0x1ef4,1,9,0},
{0x1ef5,0x1ef5,2,5,0},
{0x1ef6,0x1ef6,1,9,0},
{0x1ef7,0x1ef7,2,5,0},
{0x1ef8,0x1ef8,1,9,0},
{0x1ef9,0x1ef9,2,5,0},
{0x1efa,0x1efa,1,9,0},
{0x1efb,0x1efb,2,5,0},
{0x1efc,0x1efc,1,9,0},
{0x1efd,0x1efd,2,5,0},
{0x1efe,0x1efe,1,9,0},
{0x1eff,0x1f07,2,5,0},
{0x1f08,0x1f0f,1,9,0},
{0x1f10,0x1f15,2,5,0},
{0x1f18,0x1f1d,1,9,0},
{0x1f20,0x1f27,2,5,0},
{0x1f28,0x1f2f,1,9,0},
{0x1f30,0x1f37,2,5,0},
{0x1f38,0x1f3f,1,9,0},
{0x1f40,0x1f45,2,5,0},
{0x1f48,0x1f4d,1,9,0},
{0x1f50,0x1f57,2,5,0},
{0x1f59,0x1f59,1,9,0},
{0x1f5b,0x1f5b,1,9,0},
{0x1f5d,0x1f5d,1,9,0},
{0x1f5f,0x1f5f,1,9,0},
{0x1f60,0x1f67,2,5,0},
{0x1f68,0x1f6f,1,9,0},
{0x1f70,0x1f7d,2,5,0},
{0x1f80,0x1f87,2,5,0},
{0x1f88,0x1f8f,3,1,0},
{0x1f90,0x1f97,2,5,0},
{0x1f98,0x1f9f,3,1,0},
{0x1fa0,0x1fa7,2,5,0},
{0x1fa8,0x1faf,3,1,0},
{0x1fb0,0x1fb4,2,5,0},
{0x1fb6,0x1fb7,2,5,0},
{0x1fb8,0x1fbb,1,9,0},
{0x1fbc,0x1fbc,3,1,0},
{0x1fbd,0x1fbd,26,0,0},
{0x1fbe,0x1fbe,2,5,0},
{0x1fbf,0x1fc1,26,0,0},
{0x1fc2,0x1fc4,2,5,0},
{0x1fc6,0x1fc7,2,5,0},
{0x1fc8,0x1fcb,1,9,0},
{0x1fcc,0x1fcc,3,1,0},
{0x1fcd,0x1fcf,26,0,0},
{0x1fd0,0x1fd3,2,5,0},
{0x1fd6,0x1fd7,2,5,0},
{0x1fd8,0x1fdb,1,9,0},
{0x1fdd,0x1fdf,26,0,0},
{0x1fe0,0x1fe7,2,5,0},
{0x1fe8,0x1fec,1,9,0},
{0x1fed,0x1fef,26,0,0},
{0x1ff2,0x1ff4,2,5,0},
{0x1ff6,0x1ff7,2,5,0},
{0x1ff8,0x1ffb,1,9,0},
{0x1ffc,0x1ffc,3,1,0},
{0x1ffd,0x1ffe,26,0,0},
{0x2000,0x200a,12,0,0},
{0x200b,0x200f,16,0,0},
{0x2010,0x2015,19,0,0},
{0x2016,0x2017,23,0,0},
{0x2018,0x2018,28,0,0},
{0x2019,0x2019,29,0,0},
{0x201a,0x201a,20,0,0},
{0x201b,0x201c,28,0,0},
{0x201d,0x201d,29,0,0},
{0x201e,0x201e,20,0,0},
{0x201f,0x201f,28,0,0},
{0x2020,0x2027,23,0,0},
{0x2028,0x2028,13,0,0},
{0x2029,0x2029,14,0,0},
{0x202a,0x202e,16,0,0},
{0x202f,0x202f,12,0,0},
{0x2030,0x2038,23,0,0},
{0x2039,0x2039,28,0,0},
{0x203a,0x203a,29,0,0},
{0x203b,0x203e,23,0,0},
{0x203f,0x2040,22,0,0},
{0x2041,0x2043,23,0,0},
{0x2044,0x2044,24,0,0},
{0x2045,0x2045,20,0,0},
{0x2046,0x2046,21,0,0},
{0x2047,0x2051,23,0,0},
{0x2052,0x2052,24,0,0},
{0x2053,0x2053,23,0,0},
{0x2054,0x2054,22,0,0},
{0x2055,0x205e,23,0,0},
{0x205f,0x205f,12,0,0},
{0x2060,0x2064,16,0,0},
{0x2066,0x206f,16,0,0},
{0x2070,0x2070,11,0,0},
{0x2071,0x2071,4,5,0},
{0x2074,0x2079,11,0,0},
{0x207a,0x207c,24,0,0},
{0x207d,0x207d,20,0,0},
{0x207e,0x207e,21,0,0},
{0x207f,0x207f,4,5,0},
{0x2080,0x2089,11,0,0},
{0x208a,0x208c,24,0,0},
{0x208d,0x208d,20,0,0},
{0x208e,0x208e,21,0,0},
{0x2090,0x209c,4,5,0},
{0x20a0,0x20c0,25,0,0},
{0x20d0,0x20d1,6,0,230},
{0x20d2,0x20d3,6,0,1},
{0x20d4,0x20d7,6,0,230},
{0x20d8,0x20da,6,0,1},
{0x20db,0x20dc,6,0,230},
{0x20dd,0x20e0,7,0,0},
{0x20e1,0x20e1,6,0,230},
{0x20e2,0x20e4,7,0,0},
{0x20e5,0x20e6,6,0,1},
{0x20e7,0x20e7,6,0,230},
{0x20e8,0x20e8,6,0,220},
{0x20e9,0x20e9,6,0,230},
{0x20ea,0x20eb,6,0,1},
{0x20ec,0x20ef,6,0,220},
{0x20f0,0x20f0,6,0,230},
{0x2100,0x2101,27,0,0},
{0x2102,0x2102,1,9,0},
{0x2103,0x2106,27,0,0},
{0x2107,0x2107,1,9,0},
{0x2108,0x2109,27,0,0},
{0x210a,0x210a,2,5,0},
{0x210b,0x210d,1,9,0},
{0x210e,0x210f,2,5,0},
{0x2110,0x2112,1,9,0},
{0x2113,0x2113,2,5,0},
{0x2114,0x2114,27,0,0},
{0x2115,0x2115,1,9,0},
{0x2116,0x2117,27,0,0},
{0x2118,0x2118,24,0,0},
{0x2119,0x211d,1,9,0},
{0x211e,0x2123,27,0,0},
{0x2124,0x2124,1,9,0},
{0x2125,0x2125,27,0,0},
{0x2126,0x2126,1,9,0},
{0x2127,0x2127,27,0,0},
{0x2128,0x2128,1,9,0},
{0x2129,0x2129,27,0,0},
{0x212a,0x212d,1,9,0},
{0x212e,0x212e,27,0,0},
{0x212f,0x212f,2,5,0},
{0x2130,0x2133,1,9,0},
{0x2134,0x2134,2,5,0},
{0x2135,0x2138,5,1,0},
{0x2139,0x2139,2,5,0},
{0x213a,0x213b,27,0,0},
{0x213c,0x213d,2,5,0},
{0x213e,0x213f,1,9,0},
{0x2140,0x2144,24,0,0},
{0x2145,0x2145,1,9,0},
{0x2146,0x2149,2,5,0},
{0x214a,0x214a,27,0,0},
{0x214b,0x214b,24,0,0},
{0x214c,0x214d,27,0,0},
{0x214e,0x214e,2,5,0},
{0x214f,0x214f,27,0,0},
{0x2150,0x215f,11,0,0},
{0x2160,0x216f,10,9,0},
{0x2170,0x217f,10,5,0},
{0x2180,0x2182,10,1,0},
{0x2183,0x2183,1,9,0},
{0x2184,0x2184,2,5,0},
{0x2185,0x2188,10,1,0},
{0x2189,0x2189,11,0,0},
{0x218a,0x218b,27,0,0},
{0x2190,0x2194,24,0,0},
{0x2195,0x2199,27,0,0},
{0x219a,0x219b,24,0,0},
{0x219c,0x219f,27,0,0},
{0x21a0,0x21a0,24,0,0},
{0x21a1,0x21a2,27,0,0},
{0x21a3,0x21a3,24,0,0},
{0x21a4,0x21a5,27,0,0},
{0x21a6,0x21a6,24,0,0},
{0x21a7,0x21ad,27,0,0},
{0x21ae,0x21ae,24,0,0},
{0x21af,0x21cd,27,0,0},
{0x21ce,0x21cf,24,0,0},
{0x21d0,0x21d1,27,0,0},
{0x21d2,0x21d2,24,0,0},
{0x21d3,0x21d3,27,0,0},
{0x21d4,0x21d4,24,0,0},
{0x21d5,0x21f3,27,0,0},
{0x21f4,0x22ff,24,0,0},
{0x2300,0x2307,27,0,0},
{0x2308,0x2308,20,0,0},
{0x2309,0x2309,21,0,0},
{0x230a,0x230a,20,0,0},
{0x230b,0x230b,21,0,0},
{0x230c,0x231f,27,0,0},
{0x2320,0x2321,24,0,0},
{0x2322,0x2328,27,0,0},
{0x2329,0x2329,20,0,0},
{0x232a,0x232a,21,0,0},
{0x232b,0x237b,27,0,0},
{0x237c,0x237c,24,0,0},
{0x237d,0x239a,27,0,0},
{0x239b,0x23b3,24,0,0},
{0x23b4,0x23db,27,0,0},
{0x23dc,0x23e1,24,0,0},
{0x23e2,0x2426,27,0,0},
{0x2440,0x244a,27,0,0},
{0x2460,0x249b,11,0,0},
{0x249c,0x24b5,27,0,0},
{0x24b6,0x24cf,27,9,0},
{0x24d0,0x24e9,27,5,0},
{0x24ea,0x24ff,11,0,0},
{0x2500,0x25b6,27,0,0},
{0x25b7,0x25b7,24,0,0},
{0x25b8,0x25c0,27,0,0},
{0x25c1,0x25c1,24,0,0},
{0x25c2,0x25f7,27,0,0},
{0x25f8,0x25ff,24,0,0},
{0x2600,0x266e,27,0,0},
{0x266f,0x266f,24,0,0},
{0x2670,0x2767,27,0,0},
{0x2768,0x2768,20,0,0},
{0x2769,0x2769,21,0,0},
{0x276a,0x276a,20,0,0},
{0x276b,0x276b,21,0,0},
{0x276c,0x276c,20,0,0},
{0x276d,0x276d,21,0,0},
{0x276e,0x276e,20,0,0},
{0x276f,0x276f,21,0,0},
{0x2770,0x2770,20,0,0},
{0x2771,0x2771,21,0,0},
{0x2772,0x2772,20,0,0},
{0x2773,0x2773,21,0,0},
{0x2774,0x2774,20,0,0},
{0x2775,0x2775,21,0,0},
{0x2776,0x2793,11,0,0},
{0x2794,0x27bf,27,0,0},
{0x27c0,0x27c4,24,0,0},
{0x27c5,0x27c5,20,0,0},
{0x27c6,0x27c6,21,0,0},
{0x27c7,0x27e5,24,0,0},
{0x27e6,0x27e6,20,0,0},
{0x27e7,0x27e7,21,0,0},
{0x27e8,0x27e8,20,0,0},
{0x27e9,0x27e9,21,0,0},
{0x27ea,0x27ea,20,0,0},
{0x27eb,0x27eb,21,0,0},
{0x27ec,0x27ec,20,0,0},
{0x27ed,0x27ed,21,0,0},
{0x27ee,0x27ee,20,0,0},
{0x27ef,0x27ef,21,0,0},
{0x27f0,0x27ff,24,0,0},
{0x2800,0x28ff,27,0,0},
{0x2900,0x2982,24,0,0},
{0x2983,0x2983,20,0,0},
{0x2984,0x2984,21,0,0},
{0x2985,0x2985,20,0,0},
{0x2986,0x2986,21,0,0},
{0x2987,0x2987,20,0,0},
{0x2988,0x2988,21,0,0},
{0x2989,0x2989,20,0,0},
{0x298a,0x298a,21,0,0},
{0x298b,0x298b,20,0,0},
{0x298c,0x298c,21,0,0},
{0x298d,0x298d,20,0,0},
{0x298e,0x298e,21,0,0},
{0x298f,0x298f,20,0,0},
{0x2990,0x2990,21,0,0},
{0x2991,0x2991,20,0,0},
{0x2992,0x2992,21,0,0},
{0x2993,0x2993,20,0,0},
{0x2994,0x2994,21,0,0},
{0x2995,0x2995,20,0,0},
{0x2996,0x2996,21,0,0},
{0x2997,0x2997,20,0,0},
{0x2998,0x2998,21,0,0},
{0x2999,0x29d7,24,0,0},
{0x29d8,0x29d8,20,0,0},
{0x29d9,0x29d9,21,0,0},
{0x29da,0x29da,20,0,0},
{0x29db,0x29db,21,0,0},
{0x29dc,0x29fb,24,0,0},
{0x29fc,0x29fc,20,0,0},
{0x29fd,0x29fd,21,0,0},
{0x29fe,0x2aff,24,0,0},
{0x2b00,0x2b2f,27,0,0},
{0x2b30,0x2b44,24,0,0},
{0x2b45,0x2b46,27,0,0},
{0x2b47,0x2b4c,24,0,0},
{0x2b4d,0x2b73,27,0,0},
{0x2b76,0x2b95,27,0,0},
{0x2b97,0x2bff,27,0,0},
{0x2c00,0x2c2f,1,9,0},
{0x2c30,0x2c5f,2,5,0},
{0x2c60,0x2c60,1,9,0},
{0x2c61,0x2c61,2,5,0},
{0x2c62,0x2c64,1,9,0},
{0x2c65,0x2c66,2,5,0},
{0x2c67,0x2c67,1,9,0},
{0x2c68,0x2c68,2,5,0},
{0x2c69,0x2c69,1,9,0},
{0x2c6a,0x2c6a,2,5,0},
{0x2c6b,0x2c6b,1,9,0},
{0x2c6c,0x2c6c,2,5,0},
{0x2c6d,0x2c70,1,9,0},
{0x2c71,0x2c71,2,5,0},
{0x2c72,0x2c72,1,9,0},
{0x2c73,0x2c74,2,5,0},
{0x2c75,0x2c75,1,9,0},
{0x2c76,0x2c7b,2,5,0},
{0x2c7c,0x2c7d,4,5,0},
{0x2c7e,0x2c80,1,9,0},
{0x2c81,0x2c81,2,5,0},
{0x2c82,0x2c82,1,9,0},
{0x2c83,0x2c83,2,5,0},
{0x2c84,0x2c84,1,9,0},
{0x2c85,0x2c85,2,5,0},
{0x2c86,0x2c86,1,9,0},
{0x2c87,0x2c87,2,5,0},
{0x2c88,0x2c88,1,9,0},
{0x2c89,0x2c89,2,5,0},
{0x2c8a,0x2c8a,1,9,0},
{0x2c8b,0x2c8b,2,5,0},
{0x2c8c,0x2c8c,1,9,0},
{0x2c8d,0x2c8d,2,5,0},
{0x2c8e,0x2c8e,1,9,0},
{0x2c8f,0x2c8f,2,5,0},
{0x2c90,0x2c90,1,9,0},
{0x2c91,0x2c91,2,5,0},
{0x2c92,0x2c92,1,9,0},
{0x2c93,0x2c93,2,5,0},
{0x2c94,0x2c94,1,9,0},
{0x2c95,0x2c95,2,5,0},
{0x2c96,0x2c96,1,9,0},
{0x2c97,0x2c97,2,5,0},
{0x2c98,0x2c98,1,9,0},
{0x2c99,0x2c99,2,5,0},
{0x2c9a,0x2c9a,1,9,0},
{0x2c9b,0x2c9b,2,5,0},
{0x2c9c,0x2c9c,1,9,0},
{0x2c9d,0x2c9d,2,5,0},
{0x2c9e,0x2c9e,1,9,0},
{0x2c9f,0x2c9f,2,5,0},
{0x2ca0,0x2ca0,1,9,0},
{0x2ca1,0x2ca1,2,5,0},
{0x2ca2,0x2ca2,1,9,0},
{0x2ca3,0x2ca3,2,5,0},
{0x2ca4,0x2ca4,1,9,0},
{0x2ca5,0x2ca5,2,5,0},
{0x2ca6,0x2ca6,1,9,0},
{0x2ca7,0x2ca7,2,5,0},
{0x2ca8,0x2ca8,1,9,0},
{0x2ca9,0x2ca9,2,5,0},
{0x2caa,0x2caa,1,9,0},
{0x2cab,0x2cab,2,5,0},
{0x2cac,0x2cac,1,9,0},
{0x2cad,0x2cad,2,5,0},
{0x2cae,0x2cae,1,9,0},
{0x2caf,0x2caf,2,5,0},
{0x2cb0,0x2cb0,1,9,0},
{0x2cb1,0x2cb1,2,5,0},
{0x2cb2,0x2cb2,1,9,0},
{0x2cb3,0x2cb3,2,5,0},
{0x2cb4,0x2cb4,1,9,0},
{0x2cb5,0x2cb5,2,5,0},
{0x2cb6,0x2cb6,1,9,0},
{0x2cb7,0x2cb7,2,5,0},
{0x2cb8,0x2cb8,1,9,0},
{0x2cb9,0x2cb9,2,5,0},
{0x2cba,0x2cba,1,9,0},
{0x2cbb,0x2cbb,2,5,0},
{0x2cbc,0x2cbc,1,9,0},
{0x2cbd,0x2cbd,2,5,0},
{0x2cbe,0x2cbe,1,9,0},
{0x2cbf,0x2cbf,2,5,0},
{0x2cc0,0x2cc0,1,9,0},
{0x2cc1,0x2cc1,2,5,0},
{0x2cc2,0x2cc2,1,9,0},
{0x2cc3,0x2cc3,2,5,0},
{0x2cc4,0x2cc4,1,9,0},
{0x2cc5,0x2cc5,2,5,0},
{0x2cc6,0x2cc6,1,9,0},
{0x2cc7,0x2cc7,2,5,0},
{0x2cc8,0x2cc8,1,9,0},
{0x2cc9,0x2cc9,2,5,0},
{0x2cca,0x2cca,1,9,0},
{0x2ccb,0x2ccb,2,5,0},
{0x2ccc,0x2ccc,1,9,0},
{0x2ccd,0x2ccd,2,5,0},
{0x2cce,0x2cce,1,9,0},
{0x2ccf,0x2ccf,2,5,0},
{0x2cd0,0x2cd0,1,9,0},
{0x2cd1,0x2cd1,2,5,0},
{0x2cd2,0x2cd2,1,9,0},
{0x2cd3,0x2cd3,2,5,0},
{0x2cd4,0x2cd4,1,9,0},
{0x2cd5,0x2cd5,2,5,0},
{0x2cd6,0x2cd6,1,9,0},
{0x2cd7,0x2cd7,2,5,0},
{0x2cd8,0x2cd8,1,9,0},
{0x2cd9,0x2cd9,2,5,0},
{0x2cda,0x2cda,1,9,0},
{0x2cdb,0x2cdb,2,5,0},
{0x2cdc,0x2cdc,1,9,0},
{0x2cdd,0x2cdd,2,5,0},
{0x2cde,0x2cde,1,9,0},
{0x2cdf,0x2cdf,2,5,0},
{0x2ce0,0x2ce0,1,9,0},
{0x2ce1,0x2ce1,2,5,0},
{0x2ce2,0x2ce2,1,9,0},
{0x2ce3,0x2ce4,2,5,0},
{0x2ce5,0x2cea,27,0,0},
{0x2ceb,0x2ceb,1,9,0},
{0x2cec,0x2cec,2,5,0},
{0x2ced,0x2ced,1,9,0},
{0x2cee,0x2cee,2,5,0},
{0x2cef,0x2cf1,6,0,230},
{0x2cf2,0x2cf2,1,9,0},
{0x2cf3,0x2cf3,2,5,0},
{0x2cf9,0x2cfc,23,0,0},
{0x2cfd,0x2cfd,11,0,0},
{0x2cfe,0x2cff,23,0,0},
{0x2d00,0x2d25,2,5,0},
{0x2d27,0x2d27,2,5,0},
{0x2d2d,0x2d2d,2,5,0},
{0x2d30,0x2d67,5,1,0},
{0x2d6f,0x2d6f,4,1,0},
{0x2d70,0x2d70,23,0,0},
{0x2d7f,0x2d7f,6,0,9},
{0x2d80,0x2d96,5,1,0},
{0x2da0,0x2da6,5,1,0},
{0x2da8,0x2dae,5,1,0},
{0x2db0,0x2db6,5,1,0},
{0x2db8,0x2dbe,5,1,0},
{0x2dc0,0x2dc6,5,1,0},
{0x2dc8,0x2dce,5,1,0},
{0x2dd0,0x2dd6,5,1,0},
{0x2dd8,0x2dde,5,1,0},
{0x2de0,0x2dff,6,1,230},
{0x2e00,0x2e01,23,0,0},
{0x2e02,0x2e02,28,0,0},
{0x2e03,0x2e03,29,0,0},
{0x2e04,0x2e04,28,0,0},
{0x2e05,0x2e05,29,0,0},
{0x2e06,0x2e08,23,0,0},
{0x2e09,0x2e09,28,0,0},
{0x2e0a,0x2e0a,29,0,0},
{0x2e0b,0x2e0b,23,0,0},
{0x2e0c,0x2e0c,28,0,0},
{0x2e0d,0x2e0d,29,0,0},
{0x2e0e,0x2e16,23,0,0},
{0x2e17,0x2e17,19,0,0},
{0x2e18,0x2e19,23,0,0},
{0x2e1a,0x2e1a,19,0,0},
{0x2e1b,0x2e1b,23,0,0},
{0x2e1c,0x2e1c,28,0,0},
{0x2e1d,0x2e1d,29,0,0},
{0x2e1e,0x2e1f,23,0,0},
{0x2e20,0x2e20,28,0,0},
{0x2e21,0x2e21,29,0,0},
{0x2e22,0x2e22,20,0,0},
{0x2e23,0x2e23,21,0,0},
{0x2e24,0x2e24,20,0,0},
{0x2e25,0x2e25,21,0,0},
{0x2e26,0x2e26,20,0,0},
{0x2e27,0x2e27,21,0,0},
{0x2e28,0x2e28,20,0,0},
{0x2e29,0x2e29,21,0,0},
{0x2e2a,0x2e2e,23,0,0},
{0x2e2f,0x2e2f,4,1,0},
{0x2e30,0x2e39,23,0,0},
{0x2e3a,0x2e3b,19,0,0},
{0x2e3c,0x2e3f,23,0,0},
{0x2e40,0x2e40,19,0,0},
{0x2e41,0x2e41,23,0,0},
{0x2e42,0x2e42,20,0,0},
{0x2e43,0x2e4f,23,0,0},
{0x2e50,0x2e51,27,0,0},
{0x2e52,0x2e54,23,0,0},
{0x2e55,0x2e55,20,0,0},
{0x2e56,0x2e56,21,0,0},
{0x2e57,0x2e57,20,0,0},
{0x2e58,0x2e58,21,0,0},
{0x2e59,0x2e59,20,0,0},
{0x2e5a,0x2e5a,21,0,0},
{0x2e5b,0x2e5b,20,0,0},
{0x2e5c,0x2e5c,21,0,0},
{0x2e5d,0x2e5d,19,0,0},
{0x2e80,0x2e99,27,0,0},
{0x2e9b,0x2ef3,27,0,0},
{0x2f00,0x2fd5,27,0,0},
{0x2ff0,0x2ffb,27,0,0},
{0x3000,0x3000,12,0,0},
{0x3001,0x3003,23,0,0},
{0x3004,0x3004,27,0,0},
{0x3005,0x3005,4,1,0},
{0x3006,0x3006,5,3,0},
{0x3007,0x3007,10,3,0},
{0x3008,0x3008,20,0,0},
{0x3009,0x3009,21,0,0},
{0x300a,0x300a,20,0,0},
{0x300b,0x300b,21,0,0},
{0x300c,0x300c,20,0,0},
{0x300d,0x300d,21,0,0},
{0x300e,0x300e,20,0,0},
{0x300f,0x300f,21,0,0},
{0x3010,0x3010,20,0,0},
{0x3011,0x3011,21,0,0},
{0x3012,0x3013,27,0,0},
{0x3014,0x3014,20,0,0},
{0x3015,0x3015,21,0,0},
{0x3016,0x3016,20,0,0},
{0x3017,0x3017,21,0,0},
{0x3018,0x3018,20,0,0},
{0x3019,0x3019,21,0,0},
{0x301a,0x301a,20,0,0},
{0x301b,0x301b,21,0,0},
{0x301c,0x301c,19,0,0},
{0x301d,0x301d,20,0,0},
{0x301e,0x301f,21,0,0},
{0x3020,0x3020,27,0,0},
{0x3021,0x3029,10,3,0},
{0x302a,0x302a,6,0,218},
{0x302b,0x302b,6,0,228},
{0x302c,0x302c,6,0,232},
{0x302d,0x302d,6,0,222},
{0x302e,0x302f,8,0,224},
{0x3030,0x3030,19,0,0},
{0x3031,0x3035,4,1,0},
{0x3036,0x3037,27,0,0},
{0x3038,0x303a,10,3,0},
{0x303b,0x303b,4,1,0},
{0x303c,0x303c,5,1,0},
{0x303d,0x303d,23,0,0},
{0x303e,0x303f,27,0,0},
{0x3041,0x3096,5,1,0},
{0x3099,0x309a,6,0,8},
{0x309b,0x309c,26,0,0},
{0x309d,0x309e,4,1,0},
{0x309f,0x309f,5,1,0},
{0x30a0,0x30a0,19,0,0},
{0x30a1,0x30fa,5,1,0},
{0x30fb,0x30fb,23,0,0},
{0x30fc,0x30fe,4,1,0},
{0x30ff,0x30ff,5,1,0},
{0x3105,0x312f,5,1,0},
{0x3131,0x318e,5,1,0},
{0x3190,0x3191,27,0,0},
{0x3192,0x3195,11,0,0},
{0x3196,0x319f,27,0,0},
{0x31a0,0x31bf,5,1,0},
{0x31c0,0x31e3,27,0,0},
{0x31f0,0x31ff,5,1,0},
{0x3200,0x321e,27,0,0},
{0x3220,0x3229,11,0,0},
{0x322a,0x3247,27,0,0},
{0x3248,0x324f,11,0,0},
{0x3250,0x3250,27,0,0},
{0x3251,0x325f,11,0,0},
{0x3260,0x327f,27,0,0},
{0x3280,0x3289,11,0,0},
{0x328a,0x32b0,27,0,0},
{0x32b1,0x32bf,11,0,0},
{0x32c0,0x33ff,27,0,0},
{0x3400,0x4dbf,5,3,0},
{0x4dc0,0x4dff,27,0,0},
{0x4e00,0x9fff,5,3,0},
{0xa000,0xa014,5,1,0},
{0xa015,0xa015,4,1,0},
{0xa016,0xa48c,5,1,0},
{0xa490,0xa4c6,27,0,0},
{0xa4d0,0xa4f7,5,1,0},
{0xa4f8,0xa4fd,4,1,0},
{0xa4fe,0xa4ff,23,0,0},
{0xa500,0xa60b,5,1,0},
{0xa60c,0xa60c,4,1,0},
{0xa60d,0xa60f,23,0,0},
{0xa610,0xa61f,5,1,0},
{0xa620,0xa629,9,0,0},
{0xa62a,0xa62b,5,1,0},
{0xa640,0xa640,1,9,0},
{0xa641,0xa641,2,5,0},
{0xa642,0xa642,1,9,0},
{0xa643,0xa643,2,5,0},
{0xa644,0xa644,1,9,0},
{0xa645,0xa645,2,5,0},
{0xa646,0xa646,1,9,0},
{0xa647,0xa647,2,5,0},
{0xa648,0xa648,1,9,0},
{0xa649,0xa649,2,5,0},
{0xa64a,0xa64a,1,9,0},
{0xa64b,0xa64b,2,5,0},
{0xa64c,0xa64c,1,9,0},
{0xa64d,0xa64d,2,5,0},
{0xa64e,0xa64e,1,9,0},
{0xa64f,0xa64f,2,5,0},
{0xa650,0xa650,1,9,0},
{0xa651,0xa651,2,5,0},
{0xa652,0xa652,1,9,0},
{0xa653,0xa653,2,5,0},
{0xa654,0xa654,1,9,0},
{0xa655,0xa655,2,5,0},
{0xa656,0xa656,1,9,0},
{0xa657,0xa657,2,5,0},
{0xa658,0xa658,1,9,0},
{0xa659,0xa659,2,5,0},
{0xa65a,0xa65a,1,9,0},
{0xa65b,0xa65b,2,5,0},
{0xa65c,0xa65c,1,9,0},
{0xa65d,0xa65d,2,5,0},
{0xa65e,0xa65e,1,9,0},
{0xa65f,0xa65f,2,5,0},
{0xa660,0xa660,1,9,0},
{0xa661,0xa661,2,5,0},
{0xa662,0xa662,1,9,0},
{0xa663,0xa663,2,5,0},
{0xa664,0xa664,1,9,0},
{0xa665,0xa665,2,5,0},
{0xa666,0xa666,1,9,0},
{0xa667,0xa667,2,5,0},
{0xa668,0xa668,1,9,0},
{0xa669,0xa669,2,5,0},
{0xa66a,0xa66a,1,9,0},
{0xa66b,0xa66b,2,5,0},
{0xa66c,0xa66c,1,9,0},
{0xa66d,0xa66d,2,5,0},
{0xa66e,0xa66e,5,1,0},
{0xa66f,0xa66f,6,0,230},
{0xa670,0xa672,7,0,0},
{0xa673,0xa673,23,0,0},
{0xa674,0xa67b,6,1,230},
{0xa67c,0xa67d,6,0,230},
{0xa67e,0xa67e,23,0,0},
{0xa67f,0xa67f,4,1,0},
{0xa680,0xa680,1,9,0},
{0xa681,0xa681,2,5,0},
{0xa682,0xa682,1,9,0},
{0xa683,0xa683,2,5,0},
{0xa684,0xa684,1,9,0},
{0xa685,0xa685,2,5,0},
{0xa686,0xa686,1,9,0},
{0xa687,0xa687,2,5,0},
{0xa688,0xa688,1,9,0},
{0xa689,0xa689,2,5,0},
{0xa68a,0xa68a,1,9,0},
{0xa68b,0xa68b,2,5,0},
{0xa68c,0xa68c,1,9,0},
{0xa68d,0xa68d,2,5,0},
{0xa68e,0xa68e,1,9,0},
{0xa68f,0xa68f,2,5,0},
{0xa690,0xa690,1,9,0},
{0xa691,0xa691,2,5,0},
{0xa692,0xa692,1,9,0},
{0xa693,0xa693,2,5,0},
{0xa694,0xa694,1,9,0},
{0xa695,0xa695,2,5,0},
{0xa696,0xa696,1,9,0},
{0xa697,0xa697,2,5,0},
{0xa698,0xa698,1,9,0},
{0xa699,0xa699,2,5,0},
{0xa69a,0xa69a,1,9,0},
{0xa69b,0xa69b,2,5,0},
{0xa69c,0xa69d,4,5,0},
{0xa69e,0xa69f,6,1,230},
{0xa6a0,0xa6e5,5,1,0},
{0xa6e6,0xa6ef,10,1,0},
{0xa6f0,0xa6f1,6,0,230},
{0xa6f2,0xa6f7,23,0,0},
{0xa700,0xa716,26,0,0},
{0xa717,0xa71f,4,1,0},
{0xa720,0xa721,26,0,0},
{0xa722,0xa722,1,9,0},
{0xa723,0xa723,2,5,0},
{0xa724,0xa724,1,9,0},
{0xa725,0xa725,2,5,0},
{0xa726,0xa726,1,9,0},
{0xa727,0xa727,2,5,0},
{0xa728,0xa728,1,9,0},
{0xa729,0xa729,2,5,0},
{0xa72a,0xa72a,1,9,0},
{0xa72b,0xa72b,2,5,0},
{0xa72c,0xa72c,1,9,0},
{0xa72d,0xa72d,2,5,0},
{0xa72e,0xa72e,1,9,0},
{0xa72f,0xa731,2,5,0},
{0xa732,0xa732,1,9,0},
{0xa733,0xa733,2,5,0},
{0xa734,0xa734,1,9,0},
{0xa735,0xa735,2,5,0},
{0xa736,0xa736,1,9,0},
{0xa737,0xa737,2,5,0},
{0xa738,0xa738,1,9,0},
{0xa739,0xa739,2,5,0},
{0xa73a,0xa73a,1,9,0},
{0xa73b,0xa73b,2,5,0},
{0xa73c,0xa73c,1,9,0},
{0xa73d,0xa73d,2,5,0},
{0xa73e,0xa73e,1,9,0},
{0xa73f,0xa73f,2,5,0},
{0xa740,0xa740,1,9,0},
{0xa741,0xa741,2,5,0},
{0xa742,0xa742,1,9,0},
{0xa743,0xa743,2,5,0},
{0xa744,0xa744,1,9,0},
{0xa745,0xa745,2,5,0},
{0xa746,0xa746,1,9,0},
{0xa747,0xa747,2,5,0},
{0xa748,0xa748,1,9,0},
{0xa749,0xa749,2,5,0},
{0xa74a,0xa74a,1,9,0},
{0xa74b,0xa74b,2,5,0},
{0xa74c,0xa74c,1,9,0},
{0xa74d,0xa74d,2,5,0},
{0xa74e,0xa74e,1,9,0},
{0xa74f,0xa74f,2,5,0},
{0xa750,0xa750,1,9,0},
{0xa751,0xa751,2,5,0},
{0xa752,0xa752,1,9,0},
{0xa753,0xa753,2,5,0},
{0xa754,0xa754,1,9,0},
{0xa755,0xa755,2,5,0},
{0xa756,0xa756,1,9,0},
{0xa757,0xa757,2,5,0},
{0xa758,0xa758,1,9,0},
{0xa759,0xa759,2,5,0},
{0xa75a,0xa75a,1,9,0},
{0xa75b,0xa75b,2,5,0},
{0xa75c,0xa75c,1,9,0},
{0xa75d,0xa75d,2,5,0},
{0xa75e,0xa75e,1,9,0},
{0xa75f,0xa75f,2,5,0},
{0xa760,0xa760,1,9,0},
{0xa761,0xa761,2,5,0},
{0xa762,0xa762,1,9,0},
{0xa763,0xa763,2,5,0},
{0xa764,0xa764,1,9,0},
{0xa765,0xa765,2,5,0},
{0xa766,0xa766,1,9,0},
{0xa767,0xa767,2,5,0},
{0xa768,0xa768,1,9,0},
{0xa769,0xa769,2,5,0},
{0xa76a,0xa76a,1,9,0},
{0xa76b,0xa76b,2,5,0},
{0xa76c,0xa76c,1,9,0},
{0xa76d,0xa76d,2,5,0},
{0xa76e,0xa76e,1,9,0},
{0xa76f,0xa76f,2,5,0},
{0xa770,0xa770,4,5,0},
{0xa771,0xa778,2,5,0},
{0xa779,0xa779,1,9,0},
{0xa77a,0xa77a,2,5,0},
{0xa77b,0xa77b,1,9,0},
{0xa77c,0xa77c,2,5,0},
{0xa77d,0xa77e,1,9,0},
{0xa77f,0xa77f,2,5,0},
{0xa780,0xa780,1,9,0},
{0xa781,0xa781,2,5,0},
{0xa782,0xa782,1,9,0},
{0xa783,0xa783,2,5,0},
{0xa784,0xa784,1,9,0},
{0xa785,0xa785,2,5,0},
{0xa786,0xa786,1,9,0},
{0xa787,0xa787,2,5,0},
{0xa788,0xa788,4,1,0},
{0xa789,0xa78a,26,0,0},
{0xa78b,0xa78b,1,9,0},
{0xa78c,0xa78c,2,5,0},
{0xa78d,0xa78d,1,9,0},
{0xa78e,0xa78e,2,5,0},
{0xa78f,0xa78f,5,1,0},
{0xa790,0xa790,1,9,0},
{0xa791,0xa791,2,5,0},
{0xa792,0xa792,1,9,0},
{0xa793,0xa795,2,5,0},
{0xa796,0xa796,1,9,0},
{0xa797,0xa797,2,5,0},
{0xa798,0xa798,1,9,0},
{0xa799,0xa799,2,5,0},
{0xa79a,0xa79a,1,9,0},
{0xa79b,0xa79b,2,5,0},
{0xa79c,0xa79c,1,9,0},
{0xa79d,0xa79d,2,5,0},
{0xa79e,0xa79e,1,9,0},
{0xa79f,0xa79f,2,5,0},
{0xa7a0,0xa7a0,1,9,0},
{0xa7a1,0xa7a1,2,5,0},
{0xa7a2,0xa7a2,1,9,0},
{0xa7a3,0xa7a3,2,5,0},
{0xa7a4,0xa7a4,1,9,0},
{0xa7a5,0xa7a5,2,5,0},
{0xa7a6,0xa7a6,1,9,0},
{0xa7a7,0xa7a7,2,5,0},
{0xa7a8,0xa7a8,1,9,0},
{0xa7a9,0xa7a9,2,5,0},
{0xa7aa,0xa7ae,1,9,0},
{0xa7af,0xa7af,2,5,0},
{0xa7b0,0xa7b4,1,9,0},
{0xa7b5,0xa7b5,2,5,0},
{0xa7b6,0xa7b6,1,9,0},
{0xa7b7,0xa7b7,2,5,0},
{0xa7b8,0xa7b8,1,9,0},
{0xa7b9,0xa7b9,2,5,0},
{0xa7ba,0xa7ba,1,9,0},
{0xa7bb,0xa7bb,2,5,0},
{0xa7bc,0xa7bc,1,9,0},
{0xa7bd,0xa7bd,2,5,0},
{0xa7be,0xa7be,1,9,0},
{0xa7bf,0xa7bf,2,5,0},
{0xa7c0,0xa7c0,1,9,0},
{0xa7c1,0xa7c1,2,5,0},
{0xa7c2,0xa7c2,1,9,0},
{0xa7c3,0xa7c3,2,5,0},
{0xa7c4,0xa7c7,1,9,0},
{0xa7c8,0xa7c8,2,5,0},
{0xa7c9,0xa7c9,1,9,0},
{0xa7ca,0xa7ca,2,5,0},
{0xa7d0,0xa7d0,1,9,0},
{0xa7d1,0xa7d1,2,5,0},
{0xa7d3,0xa7d3,2,5,0},
{0xa7d5,0xa7d5,2,5,0},
{0xa7d6,0xa7d6,1,9,0},
{0xa7d7,0xa7d7,2,5,0},
{0xa7d8,0xa7d8,1,9,0},
{0xa7d9,0xa7d9,2,5,0},
{0xa7f2,0xa7f4,4,5,0},
{0xa7f5,0xa7f5,1,9,0},
{0xa7f6,0xa7f6,2,5,0},
{0xa7f7,0xa7f7,5,1,0},
{0xa7f8,0xa7f9,4,5,0},
{0xa7fa,0xa7fa,2,5,0},
{0xa7fb,0xa801,5,1,0},
{0xa802,0xa802,6,1,0},
{0xa803,0xa805,5,1,0},
{0xa806,0xa806,6,0,9},
{0xa807,0xa80a,5,1,0},
{0xa80b,0xa80b,6,1,0},
{0xa80c,0xa822,5,1,0},
{0xa823,0xa824,8,1,0},
{0xa825,0xa826,6,1,0},
{0xa827,0xa827,8,1,0},
{0xa828,0xa82b,27,0,0},
{0xa82c,0xa82c,6,0,9},
{0xa830,0xa835,11,0,0},
{0xa836,0xa837,27,0,0},
{0xa838,0xa838,25,0,0},
{0xa839,0xa839,27,0,0},
{0xa840,0xa873,5,1,0},
{0xa874,0xa877,23,0,0},
{0xa880,0xa881,8,1,0},
{0xa882,0xa8b3,5,1,0},
{0xa8b4,0xa8c3,8,1,0},
{0xa8c4,0xa8c4,6,0,9},
{0xa8c5,0xa8c5,6,1,0},
{0xa8ce,0xa8cf,23,0,0},
{0xa8d0,0xa8d9,9,0,0},
{0xa8e0,0xa8f1,6,0,230},
{0xa8f2,0xa8f7,5,1,0},
{0xa8f8,0xa8fa,23,0,0},
{0xa8fb,0xa8fb,5,1,0},
{0xa8fc,0xa8fc,23,0,0},
{0xa8fd,0xa8fe,5,1,0},
{0xa8ff,0xa8ff,6,1,0},
{0xa900,0xa909,9,0,0},
{0xa90a,0xa925,5,1,0},
{0xa926,0xa92a,6,1,0},
{0xa92b,0xa92d,6,0,220},
{0xa92e,0xa92f,23,0,0},
{0xa930,0xa946,5,1,0},
{0xa947,0xa951,6,1,0},
{0xa952,0xa952,8,1,0},
{0xa953,0xa953,8,0,9},
{0xa95f,0xa95f,23,0,0},
{0xa960,0xa97c,5,1,0},
{0xa980,0xa982,6,1,0},
{0xa983,0xa983,8,1,0},
{0xa984,0xa9b2,5,1,0},
{0xa9b3,0xa9b3,6,0,7},
{0xa9b4,0xa9b5,8,1,0},
{0xa9b6,0xa9b9,6,1,0},
{0xa9ba,0xa9bb,8,1,0},
{0xa9bc,0xa9bd,6,1,0},
{0xa9be,0xa9bf,8,1,0},
{0xa9c0,0xa9c0,8,0,9},
{0xa9c1,0xa9cd,23,0,0},
{0xa9cf,0xa9cf,4,1,0},
{0xa9d0,0xa9d9,9,0,0},
{0xa9de,0xa9df,23,0,0},
{0xa9e0,0xa9e4,5,1,0},
{0xa9e5,0xa9e5,6,1,0},
{0xa9e6,0xa9e6,4,1,0},
{0xa9e7,0xa9ef,5,1,0},
{0xa9f0,0xa9f9,9,0,0},
{0xa9fa,0xa9fe,5,1,0},
{0xaa00,0xaa28,5,1,0},
{0xaa29,0xaa2e,6,1,0},
{0xaa2f,0xaa30,8,1,0},
{0xaa31,0xaa32,6,1,0},
{0xaa33,0xaa34,8,1,0},
{0xaa35,0xaa36,6,1,0},
{0xaa40,0xaa42,5,1,0},
{0xaa43,0xaa43,6,1,0},
{0xaa44,0xaa4b,5,1,0},
{0xaa4c,0xaa4c,6,1,0},
{0xaa4d,0xaa4d,8,1,0},
{0xaa50,0xaa59,9,0,0},
{0xaa5c,0xaa5f,23,0,0},
{0xaa60,0xaa6f,5,1,0},
{0xaa70,0xaa70,4,1,0},
{0xaa71,0xaa76,5,1,0},
{0xaa77,0xaa79,27,0,0},
{0xaa7a,0xaa7a,5,1,0},
{0xaa7b,0xaa7b,8,1,0},
{0xaa7c,0xaa7c,6,1,0},
{0xaa7d,0xaa7d,8,1,0},
{0xaa7e,0xaaaf,5,1,0},
{0xaab0,0xaab0,6,1,230},
{0xaab1,0xaab1,5,1,0},
{0xaab2,0xaab3,6,1,230},
{0xaab4,0xaab4,6,1,220},
{0xaab5,0xaab6,5,1,0},
{0xaab7,0xaab8,6,1,230},
{0xaab9,0xaabd,5,1,0},
{0xaabe,0xaabe,6,1,230},
{0xaabf,0xaabf,6,0,230},
{0xaac0,0xaac0,5,1,0},
{0xaac1,0xaac1,6,0,230},
{0xaac2,0xaac2,5,1,0},
{0xaadb,0xaadc,5,1,0},
{0xaadd,0xaadd,4,1,0},
{0xaade,0xaadf,23,0,0},
{0xaae0,0xaaea,5,1,0},
{0xaaeb,0xaaeb,8,1,0},
{0xaaec,0xaaed,6,1,0},
{0xaaee,0xaaef,8,1,0},
{0xaaf0,0xaaf1,23,0,0},
{0xaaf2,0xaaf2,5,1,0},
{0xaaf3,0xaaf4,4,1,0},
{0xaaf5,0xaaf5,8,1,0},
{0xaaf6,0xaaf6,6,0,9},
{0xab01,0xab06,5,1,0},
{0xab09,0xab0e,5,1,0},
{0xab11,0xab16,5,1,0},
{0xab20,0xab26,5,1,0},
{0xab28,0xab2e,5,1,0},
{0xab30,0xab5a,2,5,0},
{0xab5b,0xab5b,26,0,0},
{0xab5c,0xab5f,4,5,0},
{0xab60,0xab68,2,5,0},
{0xab69,0xab69,4,5,0},
{0xab6a,0xab6b,26,0,0},
{0xab70,0xabbf,2,5,0},
{0xabc0,0xabe2,5,1,0},
{0xabe3,0xabe4,8,1,0},
{0xabe5,0xabe5,6,1,0},
{0xabe6,0xabe7,8,1,0},
{0xabe8,0xabe8,6,1,0},
{0xabe9,0xabea,8,1,0},
{0xabeb,0xabeb,23,0,0},
{0xabec,0xabec,8,0,0},
{0xabed,0xabed,6,0,9},
{0xabf0,0xabf9,9,0,0},
{0xac00,0xd7a3,5,1,0},
{0xd7b0,0xd7c6,5,1,0},
{0xd7cb,0xd7fb,5,1,0},
{0xd800,0xdfff,18,0,0},
{0xe000,0xf8ff,17,0,0},
{0xf900,0xfa6d,5,3,0},
{0xfa70,0xfad9,5,3,0},
{0xfb00,0xfb06,2,5,0},
{0xfb13,0xfb17,2,5,0},
{0xfb1d,0xfb1d,5,1,0},
{0xfb1e,0xfb1e,6,1,26},
{0xfb1f,0xfb28,5,1,0},
{0xfb29,0xfb29,24,0,0},
{0xfb2a,0xfb36,5,1,0},
{0xfb38,0xfb3c,5,1,0},
{0xfb3e,0xfb3e,5,1,0},
{0xfb40,0xfb41,5,1,0},
{0xfb43,0xfb44,5,1,0},
{0xfb46,0xfbb1,5,1,0},
{0xfbb2,0xfbc2,26,0,0},
{0xfbd3,0xfd3d,5,1,0},
{0xfd3e,0xfd3e,21,0,0},
{0xfd3f,0xfd3f,20,0,0},
{0xfd40,0xfd4f,27,0,0},
{0xfd50,0xfd8f,5,1,0},
{0xfd92,0xfdc7,5,1,0},
{0xfdcf,0xfdcf,27,0,0},
{0xfdf0,0xfdfb,5,1,0},
{0xfdfc,0xfdfc,25,0,0},
{0xfdfd,0xfdff,27,0,0},
{0xfe00,0xfe0f,6,0,0},
{0xfe10,0xfe16,23,0,0},
{0xfe17,0xfe17,20,0,0},
{0xfe18,0xfe18,21,0,0},
{0xfe19,0xfe19,23,0,0},
{0xfe20,0xfe26,6,0,230},
{0xfe27,0xfe2d,6,0,220},
{0xfe2e,0xfe2f,6,0,230},
{0xfe30,0xfe30,23,0,0},
{0xfe31,0xfe32,19,0,0},
{0xfe33,0xfe34,22,0,0},
{0xfe35,0xfe35,20,0,0},
{0xfe36,0xfe36,21,0,0},
{0xfe37,0xfe37,20,0,0},
{0xfe38,0xfe38,21,0,0},
{0xfe39,0xfe39,20,0,0},
{0xfe3a,0xfe3a,21,0,0},
{0xfe3b,0xfe3b,20,0,0},
{0xfe3c,0xfe3c,21,0,0},
{0xfe3d,0xfe3d,20,0,0},
{0xfe3e,0xfe3e,21,0,0},
{0xfe3f,0xfe3f,20,0,0},
{0xfe40,0xfe40,21,0,0},
{0xfe41,0xfe41,20,0,0},
{0xfe42,0xfe42,21,0,0},
{0xfe43,0xfe43,20,0,0},
{0xfe44,0xfe44,21,0,0},
{0xfe45,0xfe46,23,0,0},
{0xfe47,0xfe47,20,0,0},
{0xfe48,0xfe48,21,0,0},
{0xfe49,0xfe4c,23,0,0},
{0xfe4d,0xfe4f,22,0,0},
{0xfe50,0xfe52,23,0,0},
{0xfe54,0xfe57,23,0,0},
{0xfe58,0xfe58,19,0,0},
{0xfe59,0xfe59,20,0,0},
{0xfe5a,0xfe5a,21,0,0},
{0xfe5b,0xfe5b,20,0,0},
{0xfe5c,0xfe5c,21,0,0},
{0xfe5d,0xfe5d,20,0,0},
{0xfe5e,0xfe5e,21,0,0},
{0xfe5f,0xfe61,23,0,0},
{0xfe62,0xfe62,24,0,0},
{0xfe63,0xfe63,19,0,0},
{0xfe64,0xfe66,24,0,0},
{0xfe68,0xfe68,23,0,0},
{0xfe69,0xfe69,25,0,0},
{0xfe6a,0xfe6b,23,0,0},
{0xfe70,0xfe74,5,1,0},
{0xfe76,0xfefc,5,1,0},
{0xfeff,0xfeff,16,0,0},
{0xff01,0xff03,23,0,0},
{0xff04,0xff04,25,0,0},
{0xff05,0xff07,23,0,0},
{0xff08,0xff08,20,0,0},
{0xff09,0xff09,21,0,0},
{0xff0a,0xff0a,23,0,0},
{0xff0b,0xff0b,24,0,0},
{0xff0c,0xff0c,23,0,0},
{0xff0d,0xff0d,19,0,0},
{0xff0e,0xff0f,23,0,0},
{0xff10,0xff19,9,0,0},
{0xff1a,0xff1b,23,0,0},
{0xff1c,0xff1e,24,0,0},
{0xff1f,0xff20,23,0,0},
{0xff21,0xff3a,1,9,0},
{0xff3b,0xff3b,20,0,0},
{0xff3c,0xff3c,23,0,0},
{0xff3d,0xff3d,21,0,0},
{0xff3e,0xff3e,26,0,0},
{0xff3f,0xff3f,22,0,0},
{0xff40,0xff40,26,0,0},
{0xff41,0xff5a,2,5,0},
{0xff5b,0xff5b,20,0,0},
{0xff5c,0xff5c,24,0,0},
{0xff5d,0xff5d,21,0,0},
{0xff5e,0xff5e,24,0,0},
{0xff5f,0xff5f,20,0,0},
{0xff60,0xff60,21,0,0},
{0xff61,0xff61,23,0,0},
{0xff62,0xff62,20,0,0},
{0xff63,0xff63,21,0,0},
{0xff64,0xff65,23,0,0},
{0xff66,0xff6f,5,1,0},
{0xff70,0xff70,4,1,0},
{0xff71,0xff9d,5,1,0},
{0xff9e,0xff9f,4,1,0},
{0xffa0,0xffbe,5,1,0},
{0xffc2,0xffc7,5,1,0},
{0xffca,0xffcf,5,1,0},
{0xffd2,0xffd7,5,1,0},
{0xffda,0xffdc,5,1,0},
{0xffe0,0xffe1,25,0,0},
{0xffe2,0xffe2,24,0,0},
{0xffe3,0xffe3,26,0,0},
{0xffe4,0xffe4,27,0,0},
{0xffe5,0xffe6,25,0,0},
{0xffe8,0xffe8,27,0,0},
{0xffe9,0xffec,24,0,0},
{0xffed,0xffee,27,0,0},
{0xfff9,0xfffb,16,0,0},
{0xfffc,0xfffd,27,0,0},
{0x10000,0x1000b,5,1,0},
{0x1000d,0x10026,5,1,0},
{0x10028,0x1003a,5,1,0},
{0x1003c,0x1003d,5,1,0},
{0x1003f,0x1004d,5,1,0},
{0x10050,0x1005d,5,1,0},
{0x10080,0x100fa,5,1,0},
{0x10100,0x10102,23,0,0},
{0x10107,0x10133,11,0,0},
{0x10137,0x1013f,27,0,0},
{0x10140,0x10174,10,1,0},
{0x10175,0x10178,11,0,0},
{0x10179,0x10189,27,0,0},
{0x1018a,0x1018b,11,0,0},
{0x1018c,0x1018e,27,0,0},
{0x10190,0x1019c,27,0,0},
{0x101a0,0x101a0,27,0,0},
{0x101d0,0x101fc,27,0,0},
{0x101fd,0x101fd,6,0,220},
{0x10280,0x1029c,5,1,0},
{0x102a0,0x102d0,5,1,0},
{0x102e0,0x102e0,6,0,220},
{0x102e1,0x102fb,11,0,0},
{0x10300,0x1031f,5,1,0},
{0x10320,0x10323,11,0,0},
{0x1032d,0x10340,5,1,0},
{0x10341,0x10341,10,1,0},
{0x10342,0x10349,5,1,0},
{0x1034a,0x1034a,10,1,0},
{0x10350,0x10375,5,1,0},
{0x10376,0x1037a,6,1,230},
{0x10380,0x1039d,5,1,0},
{0x1039f,0x1039f,23,0,0},
{0x103a0,0x103c3,5,1,0},
{0x103c8,0x103cf,5,1,0},
{0x103d0,0x103d0,23,0,0},
{0x103d1,0x103d5,10,1,0},
{0x10400,0x10427,1,9,0},
{0x10428,0x1044f,2,5,0},
{0x10450,0x1049d,5,1,0},
{0x104a0,0x104a9,9,0,0},
{0x104b0,0x104d3,1,9,0},
{0x104d8,0x104fb,2,5,0},
{0x10500,0x10527,5,1,0},
{0x10530,0x10563,5,1,0},
{0x1056f,0x1056f,23,0,0},
{0x10570,0x1057a,1,9,0},
{0x1057c,0x1058a,1,9,0},
{0x1058c,0x10592,1,9,0},
{0x10594,0x10595,1,9,0},
{0x10597,0x105a1,2,5,0},
{0x105a3,0x105b1,2,5,0},
{0x105b3,0x105b9,2,5,0},
{0x105bb,0x105bc,2,5,0},
{0x10600,0x10736,5,1,0},
{0x10740,0x10755,5,1,0},
{0x10760,0x10767,5,1,0},
{0x10780,0x10780,4,5,0},
{0x10781,0x10782,4,1,0},
{0x10783,0x10785,4,5,0},
{0x10787,0x107b0,4,5,0},
{0x107b2,0x107ba,4,5,0},
{0x10800,0x10805,5,1,0},
{0x10808,0x10808,5,1,0},
{0x1080a,0x10835,5,1,0},
{0x10837,0x10838,5,1,0},
{0x1083c,0x1083c,5,1,0},
{0x1083f,0x10855,5,1,0},
{0x10857,0x10857,23,0,0},
{0x10858,0x1085f,11,0,0},
{0x10860,0x10876,5,1,0},
{0x10877,0x10878,27,0,0},
{0x10879,0x1087f,11,0,0},
{0x10880,0x1089e,5,1,0},
{0x108a7,0x108af,11,0,0},
{0x108e0,0x108f2,5,1,0},
{0x108f4,0x108f5,5,1,0},
{0x108fb,0x108ff,11,0,0},
{0x10900,0x10915,5,1,0},
{0x10916,0x1091b,11,0,0},
{0x1091f,0x1091f,23,0,0},
{0x10920,0x10939,5,1,0},
{0x1093f,0x1093f,23,0,0},
{0x10980,0x109b7,5,1,0},
{0x109bc,0x109bd,11,0,0},
{0x109be,0x109bf,5,1,0},
{0x109c0,0x109cf,11,0,0},
{0x109d2,0x109ff,11,0,0},
{0x10a00,0x10a00,5,1,0},
{0x10a01,0x10a03,6,1,0},
{0x10a05,0x10a06,6,1,0},
{0x10a0c,0x10a0c,6,1,0},
{0x10a0d,0x10a0d,6,1,220},
{0x10a0e,0x10a0e,6,1,0},
{0x10a0f,0x10a0f,6,1,230},
{0x10a10,0x10a13,5,1,0},
{0x10a15,0x10a17,5,1,0},
{0x10a19,0x10a35,5,1,0},
{0x10a38,0x10a38,6,0,230},
{0x10a39,0x10a39,6,0,1},
{0x10a3a,0x10a3a,6,0,220},
{0x10a3f,0x10a3f,6,0,9},
{0x10a40,0x10a48,11,0,0},
{0x10a50,0x10a58,23,0,0},
{0x10a60,0x10a7c,5,1,0},
{0x10a7d,0x10a7e,11,0,0},
{0x10a7f,0x10a7f,23,0,0},
{0x10a80,0x10a9c,5,1,0},
{0x10a9d,0x10a9f,11,0,0},
{0x10ac0,0x10ac7,5,1,0},
{0x10ac8,0x10ac8,27,0,0},
{0x10ac9,0x10ae4,5,1,0},
{0x10ae5,0x10ae5,6,0,230},
{0x10ae6,0x10ae6,6,0,220},
{0x10aeb,0x10aef,11,0,0},
{0x10af0,0x10af6,23,0,0},
{0x10b00,0x10b35,5,1,0},
{0x10b39,0x10b3f,23,0,0},
{0x10b40,0x10b55,5,1,0},
{0x10b58,0x10b5f,11,0,0},
{0x10b60,0x10b72,5,1,0},
{0x10b78,0x10b7f,11,0,0},
{0x10b80,0x10b91,5,1,0},
{0x10b99,0x10b9c,23,0,0},
{0x10ba9,0x10baf,11,0,0},
{0x10c00,0x10c48,5,1,0},
{0x10c80,0x10cb2,1,9,0},
{0x10cc0,0x10cf2,2,5,0},
{0x10cfa,0x10cff,11,0,0},
{0x10d00,0x10d23,5,1,0},
{0x10d24,0x10d27,6,1,230},
{0x10d30,0x10d39,9,0,0},
{0x10e60,0x10e7e,11,0,0},
{0x10e80,0x10ea9,5,1,0},
{0x10eab,0x10eac,6,1,230},
{0x10ead,0x10ead,19,0,0},
{0x10eb0,0x10eb1,5,1,0},
{0x10efd,0x10eff,6,0,220},
{0x10f00,0x10f1c,5,1,0},
{0x10f1d,0x10f26,11,0,0},
{0x10f27,0x10f27,5,1,0},
{0x10f30,0x10f45,5,1,0},
{0x10f46,0x10f47,6,0,220},
{0x10f48,0x10f4a,6,0,230},
{0x10f4b,0x10f4b,6,0,220},
{0x10f4c,0x10f4c,6,0,230},
{0x10f4d,0x10f50,6,0,220},
{0x10f51,0x10f54,11,0,0},
{0x10f55,0x10f59,23,0,0},
{0x10f70,0x10f81,5,1,0},
{0x10f82,0x10f82,6,0,230},
{0x10f83,0x10f83,6,0,220},
{0x10f84,0x10f84,6,0,230},
{0x10f85,0x10f85,6,0,220},
{0x10f86,0x10f89,23,0,0},
{0x10fb0,0x10fc4,5,1,0},
{0x10fc5,0x10fcb,11,0,0},
{0x10fe0,0x10ff6,5,1,0},
{0x11000,0x11000,8,1,0},
{0x11001,0x11001,6,1,0},
{0x11002,0x11002,8,1,0},
{0x11003,0x11037,5,1,0},
{0x11038,0x11045,6,1,0},
{0x11046,0x11046,6,0,9},
{0x11047,0x1104d,23,0,0},
{0x11052,0x11065,11,0,0},
{0x11066,0x1106f,9,0,0},
{0x11070,0x11070,6,0,9},
{0x11071,0x11072,5,1,0},
{0x11073,0x11074,6,1,0},
{0x11075,0x11075,5,1,0},
{0x1107f,0x1107f,6,0,9},
{0x11080,0x11081,6,1,0},
{0x11082,0x11082,8,1,0},
{0x11083,0x110af,5,1,0},
{0x110b0,0x110b2,8,1,0},
{0x110b3,0x110b6,6,1,0},
{0x110b7,0x110b8,8,1,0},
{0x110b9,0x110b9,6,0,9},
{0x110ba,0x110ba,6,0,7},
{0x110bb,0x110bc,23,0,0},
{0x110bd,0x110bd,16,0,0},
{0x110be,0x110c1,23,0,0},
{0x110c2,0x110c2,6,1,0},
{0x110cd,0x110cd,16,0,0},
{0x110d0,0x110e8,5,1,0},
{0x110f0,0x110f9,9,0,0},
{0x11100,0x11102,6,1,230},
{0x11103,0x11126,5,1,0},
{0x11127,0x1112b,6,1,0},
{0x1112c,0x1112c,8,1,0},
{0x1112d,0x11132,6,1,0},
{0x11133,0x11134,6,0,9},
{0x11136,0x1113f,9,0,0},
{0x11140,0x11143,23,0,0},
{0x11144,0x11144,5,1,0},
{0x11145,0x11146,8,1,0},
{0x11147,0x11147,5,1,0},
{0x11150,0x11172,5,1,0},
{0x11173,0x11173,6,0,7},
{0x11174,0x11175,23,0,0},
{0x11176,0x11176,5,1,0},
{0x11180,0x11181,6,1,0},
{0x11182,0x11182,8,1,0},
{0x11183,0x111b2,5,1,0},
{0x111b3,0x111b5,8,1,0},
{0x111b6,0x111be,6,1,0},
{0x111bf,0x111bf,8,1,0},
{0x111c0,0x111c0,8,0,9},
{0x111c1,0x111c4,5,1,0},
{0x111c5,0x111c8,23,0,0},
{0x111c9,0x111c9,6,0,0},
{0x111ca,0x111ca,6,0,7},
{0x111cb,0x111cc,6,0,0},
{0x111cd,0x111cd,23,0,0},
{0x111ce,0x111ce,8,1,0},
{0x111cf,0x111cf,6,1,0},
{0x111d0,0x111d9,9,0,0},
{0x111da,0x111da,5,1,0},
{0x111db,0x111db,23,0,0},
{0x111dc,0x111dc,5,1,0},
{0x111dd,0x111df,23,0,0},
{0x111e1,0x111f4,11,0,0},
{0x11200,0x11211,5,1,0},
{0x11213,0x1122b,5,1,0},
{0x1122c,0x1122e,8,1,0},
{0x1122f,0x11231,6,1,0},
{0x11232,0x11233,8,1,0},
{0x11234,0x11234,6,1,0},
{0x11235,0x11235,8,0,9},
{0x11236,0x11236,6,0,7},
{0x11237,0x11237,6,1,0},
{0x11238,0x1123d,23,0,0},
{0x1123e,0x1123e,6,1,0},
{0x1123f,0x11240,5,1,0},
{0x11241,0x11241,6,1,0},
{0x11280,0x11286,5,1,0},
{0x11288,0x11288,5,1,0},
{0x1128a,0x1128d,5,1,0},
{0x1128f,0x1129d,5,1,0},
{0x1129f,0x112a8,5,1,0},
{0x112a9,0x112a9,23,0,0},
{0x112b0,0x112de,5,1,0},
{0x112df,0x112df,6,1,0},
{0x112e0,0x112e2,8,1,0},
{0x112e3,0x112e8,6,1,0},
{0x112e9,0x112e9,6,0,7},
{0x112ea,0x112ea,6,0,9},
{0x112f0,0x112f9,9,0,0},
{0x11300,0x11301,6,1,0},
{0x11302,0x11303,8,1,0},
{0x11305,0x1130c,5,1,0},
{0x1130f,0x11310,5,1,0},
{0x11313,0x11328,5,1,0},
{0x1132a,0x11330,5,1,0},
{0x11332,0x11333,5,1,0},
{0x11335,0x11339,5,1,0},
{0x1133b,0x1133c,6,0,7},
{0x1133d,0x1133d,5,1,0},
{0x1133e,0x1133f,8,1,0},
{0x11340,0x11340,6,1,0},
{0x11341,0x11344,8,1,0},
{0x11347,0x11348,8,1,0},
{0x1134b,0x1134c,8,1,0},
{0x1134d,0x1134d,8,0,9},
{0x11350,0x11350,5,1,0},
{0x11357,0x11357,8,1,0},
{0x1135d,0x11361,5,1,0},
{0x11362,0x11363,8,1,0},
{0x11366,0x1136c,6,0,230},
{0x11370,0x11374,6,0,230},
{0x11400,0x11434,5,1,0},
{0x11435,0x11437,8,1,0},
{0x11438,0x1143f,6,1,0},
{0x11440,0x11441,8,1,0},
{0x11442,0x11442,6,0,9},
{0x11443,0x11444,6,1,0},
{0x11445,0x11445,8,1,0},
{0x11446,0x11446,6,0,7},
{0x11447,0x1144a,5,1,0},
{0x1144b,0x1144f,23,0,0},
{0x11450,0x11459,9,0,0},
{0x1145a,0x1145b,23,0,0},
{0x1145d,0x1145d,23,0,0},
{0x1145e,0x1145e,6,0,230},
{0x1145f,0x11461,5,1,0},
{0x11480,0x114af,5,1,0},
{0x114b0,0x114b2,8,1,0},
{0x114b3,0x114b8,6,1,0},
{0x114b9,0x114b9,8,1,0},
{0x114ba,0x114ba,6,1,0},
{0x114bb,0x114be,8,1,0},
{0x114bf,0x114c0,6,1,0},
{0x114c1,0x114c1,8,1,0},
{0x114c2,0x114c2,6,0,9},
{0x114c3,0x114c3,6,0,7},
{0x114c4,0x114c5,5,1,0},
{0x114c6,0x114c6,23,0,0},
{0x114c7,0x114c7,5,1,0},
{0x114d0,0x114d9,9,0,0},
{0x11580,0x115ae,5,1,0},
{0x115af,0x115b1,8,1,0},
{0x115b2,0x115b5,6,1,0},
{0x115b8,0x115bb,8,1,0},
{0x115bc,0x115bd,6,1,0},
{0x115be,0x115be,8,1,0},
{0x115bf,0x115bf,6,0,9},
{0x115c0,0x115c0,6,0,7},
{0x115c1,0x115d7,23,0,0},
{0x115d8,0x115db,5,1,0},
{0x115dc,0x115dd,6,1,0},
{0x11600,0x1162f,5,1,0},
{0x11630,0x11632,8,1,0},
{0x11633,0x1163a,6,1,0},
{0x1163b,0x1163c,8,1,0},
{0x1163d,0x1163d,6,1,0},
{0x1163e,0x1163e,8,1,0},
{0x1163f,0x1163f,6,0,9},
{0x11640,0x11640,6,1,0},
{0x11641,0x11643,23,0,0},
{0x11644,0x11644,5,1,0},
{0x11650,0x11659,9,0,0},
{0x11660,0x1166c,23,0,0},
{0x11680,0x116aa,5,1,0},
{0x116ab,0x116ab,6,1,0},
{0x116ac,0x116ac,8,1,0},
{0x116ad,0x116ad,6,1,0},
{0x116ae,0x116af,8,1,0},
{0x116b0,0x116b5,6,1,0},
{0x116b6,0x116b6,8,0,9},
{0x116b7,0x116b7,6,0,7},
{0x116b8,0x116b8,5,1,0},
{0x116b9,0x116b9,23,0,0},
{0x116c0,0x116c9,9,0,0},
{0x11700,0x1171a,5,1,0},
{0x1171d,0x1171f,6,1,0},
{0x11720,0x11721,8,1,0},
{0x11722,0x11725,6,1,0},
{0x11726,0x11726,8,1,0},
{0x11727,0x1172a,6,1,0},
{0x1172b,0x1172b,6,0,9},
{0x11730,0x11739,9,0,0},
{0x1173a,0x1173b,11,0,0},
{0x1173c,0x1173e,23,0,0},
{0x1173f,0x1173f,27,0,0},
{0x11740,0x11746,5,1,0},
{0x11800,0x1182b,5,1,0},
{0x1182c,0x1182e,8,1,0},
{0x1182f,0x11837,6,1,0},
{0x11838,0x11838,8,1,0},
{0x11839,0x11839,6,0,9},
{0x1183a,0x1183a,6,0,7},
{0x1183b,0x1183b,23,0,0},
{0x118a0,0x118bf,1,9,0},
{0x118c0,0x118df,2,5,0},
{0x118e0,0x118e9,9,0,0},
{0x118ea,0x118f2,11,0,0},
{0x118ff,0x11906,5,1,0},
{0x11909,0x11909,5,1,0},
{0x1190c,0x11913,5,1,0},
{0x11915,0x11916,5,1,0},
{0x11918,0x1192f,5,1,0},
{0x11930,0x11935,8,1,0},
{0x11937,0x11938,8,1,0},
{0x1193b,0x1193c,6,1,0},
{0x1193d,0x1193d,8,0,9},
{0x1193e,0x1193e,6,0,9},
{0x1193f,0x1193f,5,1,0},
{0x11940,0x11940,8,1,0},
{0x11941,0x11941,5,1,0},
{0x11942,0x11942,8,1,0},
{0x11943,0x11943,6,0,7},
{0x11944,0x11946,23,0,0},
{0x11950,0x11959,9,0,0},
{0x119a0,0x119a7,5,1,0},
{0x119aa,0x119d0,5,1,0},
{0x119d1,0x119d3,8,1,0},
{0x119d4,0x119d7,6,1,0},
{0x119da,0x119db,6,1,0},
{0x119dc,0x119df,8,1,0},
{0x119e0,0x119e0,6,0,9},
{0x119e1,0x119e1,5,1,0},
{0x119e2,0x119e2,23,0,0},
{0x119e3,0x119e3,5,1,0},
{0x119e4,0x119e4,8,1,0},
{0x11a00,0x11a00,5,1,0},
{0x11a01,0x11a0a,6,1,0},
{0x11a0b,0x11a32,5,1,0},
{0x11a33,0x11a33,6,0,0},
{0x11a34,0x11a34,6,0,9},
{0x11a35,0x11a38,6,1,0},
{0x11a39,0x11a39,8,1,0},
{0x11a3a,0x11a3a,5,1,0},
{0x11a3b,0x11a3e,6,1,0},
{0x11a3f,0x11a46,23,0,0},
{0x11a47,0x11a47,6,0,9},
{0x11a50,0x11a50,5,1,0},
{0x11a51,0x11a56,6,1,0},
{0x11a57,0x11a58,8,1,0},
{0x11a59,0x11a5b,6,1,0},
{0x11a5c,0x11a89,5,1,0},
{0x11a8a,0x11a96,6,1,0},
{0x11a97,0x11a97,8,1,0},
{0x11a98,0x11a98,6,0,0},
{0x11a99,0x11a99,6,0,9},
{0x11a9a,0x11a9c,23,0,0},
{0x11a9d,0x11a9d,5,1,0},
{0x11a9e,0x11aa2,23,0,0},
{0x11ab0,0x11af8,5,1,0},
{0x11b00,0x11b09,23,0,0},
{0x11c00,0x11c08,5,1,0},
{0x11c0a,0x11c2e,5,1,0},
{0x11c2f,0x11c2f,8,1,0},
{0x11c30,0x11c36,6,1,0},
{0x11c38,0x11c3d,6,1,0},
{0x11c3e,0x11c3e,8,1,0},
{0x11c3f,0x11c3f,6,0,9},
{0x11c40,0x11c40,5,1,0},
{0x11c41,0x11c45,23,0,0},
{0x11c50,0x11c59,9,0,0},
{0x11c5a,0x11c6c,11,0,0},
{0x11c70,0x11c71,23,0,0},
{0x11c72,0x11c8f,5,1,0},
{0x11c92,0x11ca7,6,1,0},
{0x11ca9,0x11ca9,8,1,0},
{0x11caa,0x11cb0,6,1,0},
{0x11cb1,0x11cb1,8,1,0},
{0x11cb2,0x11cb3,6,1,0},
{0x11cb4,0x11cb4,8,1,0},
{0x11cb5,0x11cb6,6,1,0},
{0x11d00,0x11d06,5,1,0},
{0x11d08,0x11d09,5,1,0},
{0x11d0b,0x11d30,5,1,0},
{0x11d31,0x11d36,6,1,0},
{0x11d3a,0x11d3a,6,1,0},
{0x11d3c,0x11d3d,6,1,0},
{0x11d3f,0x11d41,6,1,0},
{0x11d42,0x11d42,6,0,7},
{0x11d43,0x11d43,6,1,0},
{0x11d44,0x11d45,6,0,9},
{0x11d46,0x11d46,5,1,0},
{0x11d47,0x11d47,6,1,0},
{0x11d50,0x11d59,9,0,0},
{0x11d60,0x11d65,5,1,0},
{0x11d67,0x11d68,5,1,0},
{0x11d6a,0x11d89,5,1,0},
{0x11d8a,0x11d8e,8,1,0},
{0x11d90,0x11d91,6,1,0},
{0x11d93,0x11d94,8,1,0},
{0x11d95,0x11d95,6,1,0},
{0x11d96,0x11d96,8,1,0},
{0x11d97,0x11d97,6,0,9},
{0x11d98,0x11d98,5,1,0},
{0x11da0,0x11da9,9,0,0},
{0x11ee0,0x11ef2,5,1,0},
{0x11ef3,0x11ef4,6,1,0},
{0x11ef5,0x11ef6,8,1,0},
{0x11ef7,0x11ef8,23,0,0},
{0x11f00,0x11f01,6,1,0},
{0x11f02,0x11f02,5,1,0},
{0x11f03,0x11f03,8,1,0},
{0x11f04,0x11f10,5,1,0},
{0x11f12,0x11f33,5,1,0},
{0x11f34,0x11f35,8,1,0},
{0x11f36,0x11f3a,6,1,0},
{0x11f3e,0x11f3f,8,1,0},
{0x11f40,0x11f40,6,1,0},
{0x11f41,0x11f41,8,0,9},
{0x11f42,0x11f42,6,0,9},
{0x11f43,0x11f4f,23,0,0},
{0x11f50,0x11f59,9,0,0},
{0x11fb0,0x11fb0,5,1,0},
{0x11fc0,0x11fd4,11,0,0},
{0x11fd5,0x11fdc,27,0,0},
{0x11fdd,0x11fe0,25,0,0},
{0x11fe1,0x11ff1,27,0,0},
{0x11fff,0x11fff,23,0,0},
{0x12000,0x12399,5,1,0},
{0x12400,0x1246e,10,1,0},
{0x12470,0x12474,23,0,0},
{0x12480,0x12543,5,1,0},
{0x12f90,0x12ff0,5,1,0},
{0x12ff1,0x12ff2,23,0,0},
{0x13000,0x1342f,5,1,0},
{0x13430,0x1343f,16,0,0},
{0x13440,0x13440,6,0,0},
{0x13441,0x13446,5,1,0},
{0x13447,0x13455,6,0,0},
{0x14400,0x14646,5,1,0},
{0x16800,0x16a38,5,1,0},
{0x16a40,0x16a5e,5,1,0},
{0x16a60,0x16a69,9,0,0},
{0x16a6e,0x16a6f,23,0,0},
{0x16a70,0x16abe,5,1,0},
{0x16ac0,0x16ac9,9,0,0},
{0x16ad0,0x16aed,5,1,0},
{0x16af0,0x16af4,6,0,1},
{0x16af5,0x16af5,23,0,0},
{0x16b00,0x16b2f,5,1,0},
{0x16b30,0x16b36,6,0,230},
{0x16b37,0x16b3b,23,0,0},
{0x16b3c,0x16b3f,27,0,0},
{0x16b40,0x16b43,4,1,0},
{0x16b44,0x16b44,23,0,0},
{0x16b45,0x16b45,27,0,0},
{0x16b50,0x16b59,9,0,0},
{0x16b5b,0x16b61,11,0,0},
{0x16b63,0x16b77,5,1,0},
{0x16b7d,0x16b8f,5,1,0},
{0x16e40,0x16e5f,1,9,0},
{0x16e60,0x16e7f,2,5,0},
{0x16e80,0x16e96,11,0,0},
{0x16e97,0x16e9a,23,0,0},
{0x16f00,0x16f4a,5,1,0},
{0x16f4f,0x16f4f,6,1,0},
{0x16f50,0x16f50,5,1,0},
{0x16f51,0x16f87,8,1,0},
{0x16f8f,0x16f92,6,1,0},
{0x16f93,0x16f9f,4,1,0},
{0x16fe0,0x16fe1,4,1,0},
{0x16fe2,0x16fe2,23,0,0},
{0x16fe3,0x16fe3,4,1,0},
{0x16fe4,0x16fe4,6,2,0},
{0x16ff0,0x16ff1,8,1,6},
{0x17000,0x187f7,5,3,0},
{0x18800,0x18cd5,5,3,0},
{0x18d00,0x18d08,5,3,0},
{0x1aff0,0x1aff3,4,1,0},
{0x1aff5,0x1affb,4,1,0},
{0x1affd,0x1affe,4,1,0},
{0x1b000,0x1b122,5,1,0},
{0x1b132,0x1b132,5,1,0},
{0x1b150,0x1b152,5,1,0},
{0x1b155,0x1b155,5,1,0},
{0x1b164,0x1b167,5,1,0},
{0x1b170,0x1b2fb,5,3,0},
{0x1bc00,0x1bc6a,5,1,0},
{0x1bc70,0x1bc7c,5,1,0},
{0x1bc80,0x1bc88,5,1,0},
{0x1bc90,0x1bc99,5,1,0},
{0x1bc9c,0x1bc9c,27,0,0},
{0x1bc9d,0x1bc9d,6,0,0},
{0x1bc9e,0x1bc9e,6,1,1},
{0x1bc9f,0x1bc9f,23,0,0},
{0x1bca0,0x1bca3,16,0,0},
{0x1cf00,0x1cf2d,6,0,0},
{0x1cf30,0x1cf46,6,0,0},
{0x1cf50,0x1cfc3,27,0,0},
{0x1d000,0x1d0f5,27,0,0},
{0x1d100,0x1d126,27,0,0},
{0x1d129,0x1d164,27,0,0},
{0x1d165,0x1d166,8,0,216},
{0x1d167,0x1d169,6,0,1},
{0x1d16a,0x1d16c,27,0,0},
{0x1d16d,0x1d16d,8,0,226},
{0x1d16e,0x1d172,8,0,216},
{0x1d173,0x1d17a,16,0,0},
{0x1d17b,0x1d182,6,0,220},
{0x1d183,0x1d184,27,0,0},
{0x1d185,0x1d189,6,0,230},
{0x1d18a,0x1d18b,6,0,220},
{0x1d18c,0x1d1a9,27,0,0},
{0x1d1aa,0x1d1ad,6,0,230},
{0x1d1ae,0x1d1ea,27,0,0},
{0x1d200,0x1d241,27,0,0},
{0x1d242,0x1d244,6,0,230},
{0x1d245,0x1d245,27,0,0},
{0x1d2c0,0x1d2d3,11,0,0},
{0x1d2e0,0x1d2f3,11,0,0},
{0x1d300,0x1d356,27,0,0},
{0x1d360,0x1d378,11,0,0},
{0x1d400,0x1d419,1,9,0},
{0x1d41a,0x1d433,2,5,0},
{0x1d434,0x1d44d,1,9,0},
{0x1d44e,0x1d454,2,5,0},
{0x1d456,0x1d467,2,5,0},
{0x1d468,0x1d481,1,9,0},
{0x1d482,0x1d49b,2,5,0},
{0x1d49c,0x1d49c,1,9,0},
{0x1d49e,0x1d49f,1,9,0},
{0x1d4a2,0x1d4a2,1,9,0},
{0x1d4a5,0x1d4a6,1,9,0},
{0x1d4a9,0x1d4ac,1,9,0},
{0x1d4ae,0x1d4b5,1,9,0},
{0x1d4b6,0x1d4b9,2,5,0},
{0x1d4bb,0x1d4bb,2,5,0},
{0x1d4bd,0x1d4c3,2,5,0},
{0x1d4c5,0x1d4cf,2,5,0},
{0x1d4d0,0x1d4e9,1,9,0},
{0x1d4ea,0x1d503,2,5,0},
{0x1d504,0x1d505,1,9,0},
{0x1d507,0x1d50a,1,9,0},
{0x1d50d,0x1d514,1,9,0},
{0x1d516,0x1d51c,1,9,0},
{0x1d51e,0x1d537,2,5,0},
{0x1d538,0x1d539,1,9,0},
{0x1d53b,0x1d53e,1,9,0},
{0x1d540,0x1d544,1,9,0},
{0x1d546,0x1d546,1,9,0},
{0x1d54a,0x1d550,1,9,0},
{0x1d552,0x1d56b,2,5,0},
{0x1d56c,0x1d585,1,9,0},
{0x1d586,0x1d59f,2,5,0},
{0x1d5a0,0x1d5b9,1,9,0},
{0x1d5ba,0x1d5d3,2,5,0},
{0x1d5d4,0x1d5ed,1,9,0},
{0x1d5ee,0x1d607,2,5,0},
{0x1d608,0x1d621,1,9,0},
{0x1d622,0x1d63b,2,5,0},
{0x1d63c,0x1d655,1,9,0},
{0x1d656,0x1d66f,2,5,0},
{0x1d670,0x1d689,1,9,0},
{0x1d68a,0x1d6a5,2,5,0},
{0x1d6a8,0x1d6c0,1,9,0},
{0x1d6c1,0x1d6c1,24,0,0},
{0x1d6c2,0x1d6da,2,5,0},
{0x1d6db,0x1d6db,24,0,0},
{0x1d6dc,0x1d6e1,2,5,0},
{0x1d6e2,0x1d6fa,1,9,0},
{0x1d6fb,0x1d6fb,24,0,0},
{0x1d6fc,0x1d714,2,5,0},
{0x1d715,0x1d715,24,0,0},
{0x1d716,0x1d71b,2,5,0},
{0x1d71c,0x1d734,1,9,0},
{0x1d735,0x1d735,24,0,0},
{0x1d736,0x1d74e,2,5,0},
{0x1d74f,0x1d74f,24,0,0},
{0x1d750,0x1d755,2,5,0},
{0x1d756,0x1d76e,1,9,0},
{0x1d76f,0x1d76f,24,0,0},
{0x1d770,0x1d788,2,5,0},
{0x1d789,0x1d789,24,0,0},
{0x1d78a,0x1d78f,2,5,0},
{0x1d790,0x1d7a8,1,9,0},
{0x1d7a9,0x1d7a9,24,0,0},
{0x1d7aa,0x1d7c2,2,5,0},
{0x1d7c3,0x1d7c3,24,0,0},
{0x1d7c4,0x1d7c9,2,5,0},
{0x1d7ca,0x1d7ca,1,9,0},
{0x1d7cb,0x1d7cb,2,5,0},
{0x1d7ce,0x1d7ff,9,0,0},
{0x1d800,0x1d9ff,27,0,0},
{0x1da00,0x1da36,6,0,0},
{0x1da37,0x1da3a,27,0,0},
{0x1da3b,0x1da6c,6,0,0},
{0x1da6d,0x1da74,27,0,0},
{0x1da75,0x1da75,6,0,0},
{0x1da76,0x1da83,27,0,0},
{0x1da84,0x1da84,6,0,0},
{0x1da85,0x1da86,27,0,0},
{0x1da87,0x1da8b,23,0,0},
{0x1da9b,0x1da9f,6,0,0},
{0x1daa1,0x1daaf,6,0,0},
{0x1df00,0x1df09,2,5,0},
{0x1df0a,0x1df0a,5,1,0},
{0x1df0b,0x1df1e,2,5,0},
{0x1df25,0x1df2a,2,5,0},
{0x1e000,0x1e006,6,1,230},
{0x1e008,0x1e018,6,1,230},
{0x1e01b,0x1e021,6,1,230},
{0x1e023,0x1e024,6,1,230},
{0x1e026,0x1e02a,6,1,230},
{0x1e030,0x1e06d,4,5,0},
{0x1e08f,0x1e08f,6,1,230},
{0x1e100,0x1e12c,5,1,0},
{0x1e130,0x1e136,6,0,230},
{0x1e137,0x1e13d,4,1,0},
{0x1e140,0x1e149,9,0,0},
{0x1e14e,0x1e14e,5,1,0},
{0x1e14f,0x1e14f,27,0,0},
{0x1e290,0x1e2ad,5,1,0},
{0x1e2ae,0x1e2ae,6,0,230},
{0x1e2c0,0x1e2eb,5,1,0},
{0x1e2ec,0x1e2ef,6,0,230},
{0x1e2f0,0x1e2f9,9,0,0},
{0x1e2ff,0x1e2ff,25,0,0},
{0x1e4d0,0x1e4ea,5,1,0},
{0x1e4eb,0x1e4eb,4,1,0},
{0x1e4ec,0x1e4ed,6,0,232},
{0x1e4ee,0x1e4ee,6,0,220},
{0x1e4ef,0x1e4ef,6,0,230},
{0x1e4f0,0x1e4f9,9,0,0},
{0x1e7e0,0x1e7e6,5,1,0},
{0x1e7e8,0x1e7eb,5,1,0},
{0x1e7ed,0x1e7ee,5,1,0},
{0x1e7f0,0x1e7fe,5,1,0},
{0x1e800,0x1e8c4,5,1,0},
{0x1e8c7,0x1e8cf,11,0,0},
{0x1e8d0,0x1e8d6,6,0,220},
{0x1e900,0x1e921,1,9,0},
{0x1e922,0x1e943,2,5,0},
{0x1e944,0x1e946,6,0,230},
{0x1e947,0x1e947,6,1,230},
{0x1e948,0x1e949,6,0,230},
{0x1e94a,0x1e94a,6,0,7},
{0x1e94b,0x1e94b,4,1,0},
{0x1e950,0x1e959,9,0,0},
{0x1e95e,0x1e95f,23,0,0},
{0x1ec71,0x1ecab,11,0,0},
{0x1ecac,0x1ecac,27,0,0},
{0x1ecad,0x1ecaf,11,0,0},
{0x1ecb0,0x1ecb0,25,0,0},
{0x1ecb1,0x1ecb4,11,0,0},
{0x1ed01,0x1ed2d,11,0,0},
{0x1ed2e,0x1ed2e,27,0,0},
{0x1ed2f,0x1ed3d,11,0,0},
{0x1ee00,0x1ee03,5,1,0},
{0x1ee05,0x1ee1f,5,1,0},
{0x1ee21,0x1ee22,5,1,0},
{0x1ee24,0x1ee24,5,1,0},
{0x1ee27,0x1ee27,5,1,0},
{0x1ee29,0x1ee32,5,1,0},
{0x1ee34,0x1ee37,5,1,0},
{0x1ee39,0x1ee39,5,1,0},
{0x1ee3b,0x1ee3b,5,1,0},
{0x1ee42,0x1ee42,5,1,0},
{0x1ee47,0x1ee47,5,1,0},
{0x1ee49,0x1ee49,5,1,0},
{0x1ee4b,0x1ee4b,5,1,0},
{0x1ee4d,0x1ee4f,5,1,0},
{0x1ee51,0x1ee52,5,1,0},
{0x1ee54,0x1ee54,5,1,0},
{0x1ee57,0x1ee57,5,1,0},
{0x1ee59,0x1ee59,5,1,0},
{0x1ee5b,0x1ee5b,5,1,0},
{0x1ee5d,0x1ee5d,5,1,0},
{0x1ee5f,0x1ee5f,5,1,0},
{0x1ee61,0x1ee62,5,1,0},
{0x1ee64,0x1ee64,5,1,0},
{0x1ee67,0x1ee6a,5,1,0},
{0x1ee6c,0x1ee72,5,1,0},
{0x1ee74,0x1ee77,5,1,0},
{0x1ee79,0x1ee7c,5,1,0},
{0x1ee7e,0x1ee7e,5,1,0},
{0x1ee80,0x1ee89,5,1,0},
{0x1ee8b,0x1ee9b,5,1,0},
{0x1eea1,0x1eea3,5,1,0},
{0x1eea5,0x1eea9,5,1,0},
{0x1eeab,0x1eebb,5,1,0},
{0x1eef0,0x1eef1,24,0,0},
{0x1f000,0x1f02b,27,0,0},
{0x1f030,0x1f093,27,0,0},
{0x1f0a0,0x1f0ae,27,0,0},
{0x1f0b1,0x1f0bf,27,0,0},
{0x1f0c1,0x1f0cf,27,0,0},
{0x1f0d1,0x1f0f5,27,0,0},
{0x1f100,0x1f10c,11,0,0},
{0x1f10d,0x1f12f,27,0,0},
{0x1f130,0x1f149,27,9,0},
{0x1f14a,0x1f14f,27,0,0},
{0x1f150,0x1f169,27,9,0},
{0x1f16a,0x1f16f,27,0,0},
{0x1f170,0x1f189,27,9,0},
{0x1f18a,0x1f1ad,27,0,0},
{0x1f1e6,0x1f202,27,0,0},
{0x1f210,0x1f23b,27,0,0},
{0x1f240,0x1f248,27,0,0},
{0x1f250,0x1f251,27,0,0},
{0x1f260,0x1f265,27,0,0},
{0x1f300,0x1f3fa,27,0,0},
{0x1f3fb,0x1f3ff,26,0,0},
{0x1f400,0x1f6d7,27,0,0},
{0x1f6dc,0x1f6ec,27,0,0},
{0x1f6f0,0x1f6fc,27,0,0},
{0x1f700,0x1f776,27,0,0},
{0x1f77b,0x1f7d9,27,0,0},
{0x1f7e0,0x1f7eb,27,0,0},
{0x1f7f0,0x1f7f0,27,0,0},
{0x1f800,0x1f80b,27,0,0},
{0x1f810,0x1f847,27,0,0},
{0x1f850,0x1f859,27,0,0},
{0x1f860,0x1f887,27,0,0},
{0x1f890,0x1f8ad,27,0,0},
{0x1f8b0,0x1f8b1,27,0,0},
{0x1f900,0x1fa53,27,0,0},
{0x1fa60,0x1fa6d,27,0,0},
{0x1fa70,0x1fa7c,27,0,0},
{0x1fa80,0x1fa88,27,0,0},
{0x1fa90,0x1fabd,27,0,0},
{0x1fabf,0x1fac5,27,0,0},
{0x1face,0x1fadb,27,0,0},
{0x1fae0,0x1fae8,27,0,0},
{0x1faf0,0x1faf8,27,0,0},
{0x1fb00,0x1fb92,27,0,0},
{0x1fb94,0x1fbca,27,0,0},
{0x1fbf0,0x1fbf9,9,0,0},
{0x20000,0x2a6df,5,3,0},
{0x2a700,0x2b739,5,3,0},
{0x2b740,0x2b81d,5,3,0},
{0x2b820,0x2cea1,5,3,0},
{0x2ceb0,0x2ebe0,5,3,0},
{0x2f800,0x2fa1d,5,3,0},
{0x30000,0x3134a,5,3,0},
{0x31350,0x323af,5,3,0},
{0xe0001,0xe0001,16,0,0},
{0xe0020,0xe007f,16,0,0},
{0xe0100,0xe01ef,6,0,0},
{0xf0000,0xffffd,17,0,0},
{0x100000,0x10fffd,17,0,0},
};
static const struct uc_range uc_ascii[128]={
{0x0,0x0,15,0,0},
{0x1,0x1,15,0,0},
{0x2,0x2,15,0,0},
{0x3,0x3,15,0,0},
{0x4,0x4,15,0,0},
{0x5,0x5,15,0,0},
{0x6,0x6,15,0,0},
{0x7,0x7,15,0,0},
{0x8,0x8,15,0,0},
{0x9,0x9,15,0,0},
{0xa,0xa,15,0,0},
{0xb,0xb,15,0,0},
{0xc,0xc,15,0,0},
{0xd,0xd,15,0,0},
{0xe,0xe,15,0,0},
{0xf,0xf,15,0,0},
{0x10,0x10,15,0,0},
{0x11,0x11,15,0,0},
{0x12,0x12,15,0,0},
{0x13,0x13,15,0,0},
{0x14,0x14,15,0,0},
{0x15,0x15,15,0,0},
{0x16,0x16,15,0,0},
{0x17,0x17,15,0,0},
{0x18,0x18,15,0,0},
{0x19,0x19,15,0,0},
{0x1a,0x1a,15,0,0},
{0x1b,0x1b,15,0,0},
{0x1c,0x1c,15,0,0},
{0x1d,0x1d,15,0,0},
{0x1e,0x1e,15,0,0},
{0x1f,0x1f,15,0,0},
{0x20,0x20,12,0,0},
{0x21,0x21,23,0,0},
{0x22,0x22,23,0,0},
{0x23,0x23,23,0,0},
{0x24,0x24,25,0,0},
{0x25,0x25,23,0,0},
{0x26,0x26,23,0,0},
{0x27,0x27,23,0,0},
{0x28,0x28,20,0,0},
{0x29,0x29,21,0,0},
{0x2a,0x2a,23,0,0},
{0x2b,0x2b,24,0,0},
{0x2c,0x2c,23,0,0},
{0x2d,0x2d,19,0,0},
{0x2e,0x2e,23,0,0},
{0x2f,0x2f,23,0,0},
{0x30,0x30,9,0,0},
{0x31,0x31,9,0,0},
{0x32,0x32,9,0,0},
{0x33,0x33,9,0,0},
{0x34,0x34,9,0,0},
{0x35,0x35,9,0,0},
{0x36,0x36,9,0,0},
{0x37,0x37,9,0,0},
{0x38,0x38,9,0,0},
{0x39,0x39,9,0,0},
{0x3a,0x3a,23,0,0},
{0x3b,0x3b,23,0,0},
{0x3c,0x3c,24,0,0},
{0x3d,0x3d,24,0,0},
{0x3e,0x3e,24,0,0},
{0x3f,0x3f,23,0,0},
{0x40,0x40,23,0,0},
{0x41,0x41,1,9,0},
{0x42,0x42,1,9,0},
{0x43,0x43,1,9,0},
{0x44,0x44,1,9,0},
{0x45,0x45,1,9,0},
{0x46,0x46,1,9,0},
{0x47,0x47,1,9,0},
{0x48,0x48,1,9,0},
{0x49,0x49,1,9,0},
{0x4a,0x4a,1,9,0},
{0x4b,0x4b,1,9,0},
{0x4c,0x4c,1,9,0},
{0x4d,0x4d,1,9,0},
{0x4e,0x4e,1,9,0},
{0x4f,0x4f,1,9,0},
{0x50,0x50,1,9,0},
{0x51,0x51,1,9,0},
{0x52,0x52,1,9,0},
{0x53,0x53,1,9,0},
{0x54,0x54,1,9,0},
{0x55,0x55,1,9,0},
{0x56,0x56,1,9,0},
{0x57,0x57,1,9,0},
{0x58,0x58,1,9,0},
{0x59,0x59,1,9,0},
{0x5a,0x5a,1,9,0},
{0x5b,0x5b,20,0,0},
{0x5c,0x5c,23,0,0},
{0x5d,0x5d,21,0,0},
{0x5e,0x5e,26,0,0},
{0x5f,0x5f,22,0,0},
{0x60,0x60,26,0,0},
{0x61,0x61,2,5,0},
{0x62,0x62,2,5,0},
{0x63,0x63,2,5,0},
{0x64,0x64,2,5,0},
{0x65,0x65,2,5,0},
{0x66,0x66,2,5,0},
{0x67,0x67,2,5,0},
{0x68,0x68,2,5,0},
{0x69,0x69,2,5,0},
{0x6a,0x6a,2,5,0},
{0x6b,0x6b,2,5,0},
{0x6c,0x6c,2,5,0},
{0x6d,0x6d,2,5,0},
{0x6e,0x6e,2,5,0},
{0x6f,0x6f,2,5,0},
{0x70,0x70,2,5,0},
{0x71,0x71,2,5,0},
{0x72,0x72,2,5,0},
{0x73,0x73,2,5,0},
{0x74,0x74,2,5,0},
{0x75,0x75,2,5,0},
{0x76,0x76,2,5,0},
{0x77,0x77,2,5,0},
{0x78,0x78,2,5,0},
{0x79,0x79,2,5,0},
{0x7a,0x7a,2,5,0},
{0x7b,0x7b,20,0,0},
{0x7c,0x7c,24,0,0},
{0x7d,0x7d,21,0,0},
{0x7e,0x7e,24,0,0},
{0x7f,0x7f,15,0,0},
};
static const struct uc_case { uint32_t cp,upper,lower; } uc_cases[]={
{0x41,0x41,0x61},
{0x42,0x42,0x62},
{0x43,0x43,0x63},
{0x44,0x44,0x64},
{0x45,0x45,0x65},
{0x46,0x46,0x66},
{0x47,0x47,0x67},
{0x48,0x48,0x68},
{0x49,0x49,0x69},
{0x4a,0x4a,0x6a},
{0x4b,0x4b,0x6b},
{0x4c,0x4c,0x6c},
{0x4d,0x4d,0x6d},
{0x4e,0x4e,0x6e},
{0x4f,0x4f,0x6f},
{0x50,0x50,0x70},
{0x51,0x51,0x71},
{0x52,0x52,0x72},
{0x53,0x53,0x73},
{0x54,0x54,0x74},
{0x55,0x55,0x75},
{0x56,0x56,0x76},
{0x57,0x57,0x77},
{0x58,0x58,0x78},
{0x59,0x59,0x79},
{0x5a,0x5a,0x7a},
{0x61,0x41,0x61},
{0x62,0x42,0x62},
{0x63,0x43,0x63},
{0x64,0x44,0x64},
{0x65,0x45,0x65},
{0x66,0x46,0x66},
{0x67,0x47,0x67},
{0x68,0x48,0x68},
{0x69,0x49,0x69},
{0x6a,0x4a,0x6a},
{0x6b,0x4b,0x6b},
{0x6c,0x4c,0x6c},
{0x6d,0x4d,0x6d},
{0x6e,0x4e,0x6e},
{0x6f,0x4f,0x6f},
{0x70,0x50,0x70},
{0x71,0x51,0x71},
{0x72,0x52,0x72},
{0x73,0x53,0x73},
{0x74,0x54,0x74},
{0x75,0x55,0x75},
{0x76,0x56,0x76},
{0x77,0x57,0x77},
{0x78,0x58,0x78},
{0x79,0x59,0x79},
{0x7a,0x5a,0x7a},
{0xb5,0x39c,0xb5},
{0xc0,0xc0,0xe0},
{0xc1,0xc1,0xe1},
{0xc2,0xc2,0xe2},
{0xc3,0xc3,0xe3},
{0xc4,0xc4,0xe4},
{0xc5,0xc5,0xe5},
{0xc6,0xc6,0xe6},
{0xc7,0xc7,0xe7},
{0xc8,0xc8,0xe8},
{0xc9,0xc9,0xe9},
{0xca,0xca,0xea},
{0xcb,0xcb,0xeb},
{0xcc,0xcc,0xec},
{0xcd,0xcd,0xed},
{0xce,0xce,0xee},
{0xcf,0xcf,0xef},
{0xd0,0xd0,0xf0},
{0xd1,0xd1,0xf1},
{0xd2,0xd2,0xf2},
{0xd3,0xd3,0xf3},
{0xd4,0xd4,0xf4},
{0xd5,0xd5,0xf5},
{0xd6,0xd6,0xf6},
{0xd8,0xd8,0xf8},
{0xd9,0xd9,0xf9},
{0xda,0xda,0xfa},
{0xdb,0xdb,0xfb},
{0xdc,0xdc,0xfc},
{0xdd,0xdd,0xfd},
{0xde,0xde,0xfe},
{0xe0,0xc0,0xe0},
{0xe1,0xc1,0xe1},
{0xe2,0xc2,0xe2},
{0xe3,0xc3,0xe3},
{0xe4,0xc4,0xe4},
{0xe5,0xc5,0xe5},
{0xe6,0xc6,0xe6},
{0xe7,0xc7,0xe7},
{0xe8,0xc8,0xe8},
{0xe9,0xc9,0xe9},
{0xea,0xca,0xea},
{0xeb,0xcb,0xeb},
{0xec,0xcc,0xec},
{0xed,0xcd,0xed},
{0xee,0xce,0xee},
{0xef,0xcf,0xef},
{0xf0,0xd0,0xf0},
{0xf1,0xd1,0xf1},
{0xf2,0xd2,0xf2},
{0xf3,0xd3,0xf3},
{0xf4,0xd4,0xf4},
{0xf5,0xd5,0xf5},
{0xf6,0xd6,0xf6},
{0xf8,0xd8,0xf8},
{0xf9,0xd9,0xf9},
{0xfa,0xda,0xfa},
{0xfb,0xdb,0xfb},
{0xfc,0xdc,0xfc},
{0xfd,0xdd,0xfd},
{0xfe,0xde,0xfe},
{0xff,0x178,0xff},
{0x100,0x100,0x101},
{0x101,0x100,0x101},
{0x102,0x102,0x103},
{0x103,0x102,0x103},
{0x104,0x104,0x105},
{0x105,0x104,0x105},
{0x106,0x106,0x107},
{0x107,0x106,0x107},
{0x108,0x108,0x109},
{0x109,0x108,0x109},
{0x10a,0x10a,0x10b},
{0x10b,0x10a,0x10b},
{0x10c,0x10c,0x10d},
{0x10d,0x10c,0x10d},
{0x10e,0x10e,0x10f},
{0x10f,0x10e,0x10f},
{0x110,0x110,0x111},
{0x111,0x110,0x111},
{0x112,0x112,0x113},
{0x113,0x112,0x113},
{0x114,0x114,0x115},
{0x115,0x114,0x115},
{0x116,0x116,0x117},
{0x117,0x116,0x117},
{0x118,0x118,0x119},
{0x119,0x118,0x119},
{0x11a,0x11a,0x11b},
{0x11b,0x11a,0x11b},
{0x11c,0x11c,0x11d},
{0x11d,0x11c,0x11d},
{0x11e,0x11e,0x11f},
{0x11f,0x11e,0x11f},
{0x120,0x120,0x121},
{0x121,0x120,0x121},
{0x122,0x122,0x123},
{0x123,0x122,0x123},
{0x124,0x124,0x125},
{0x125,0x124,0x125},
{0x126,0x126,0x127},
{0x127,0x126,0x127},
{0x128,0x128,0x129},
{0x129,0x128,0x129},
{0x12a,0x12a,0x12b},
{0x12b,0x12a,0x12b},
{0x12c,0x12c,0x12d},
{0x12d,0x12c,0x12d},
{0x12e,0x12e,0x12f},
{0x12f,0x12e,0x12f},
{0x130,0x130,0x69},
{0x131,0x49,0x131},
{0x132,0x132,0x133},
{0x133,0x132,0x133},
{0x134,0x134,0x135},
{0x135,0x134,0x135},
{0x136,0x136,0x137},
{0x137,0x136,0x137},
{0x139,0x139,0x13a},
{0x13a,0x139,0x13a},
{0x13b,0x13b,0x13c},
{0x13c,0x13b,0x13c},
{0x13d,0x13d,0x13e},
{0x13e,0x13d,0x13e},
{0x13f,0x13f,0x140},
{0x140,0x13f,0x140},
{0x141,0x141,0x142},
{0x142,0x141,0x142},
{0x143,0x143,0x144},
{0x144,0x143,0x144},
{0x145,0x145,0x146},
{0x146,0x145,0x146},
{0x147,0x147,0x148},
{0x148,0x147,0x148},
{0x14a,0x14a,0x14b},
{0x14b,0x14a,0x14b},
{0x14c,0x14c,0x14d},
{0x14d,0x14c,0x14d},
{0x14e,0x14e,0x14f},
{0x14f,0x14e,0x14f},
{0x150,0x150,0x151},
{0x151,0x150,0x151},
{0x152,0x152,0x153},
{0x153,0x152,0x153},
{0x154,0x154,0x155},
{0x155,0x154,0x155},
{0x156,0x156,0x157},
{0x157,0x156,0x157},
{0x158,0x158,0x159},
{0x159,0x158,0x159},
{0x15a,0x15a,0x15b},
{0x15b,0x15a,0x15b},
{0x15c,0x15c,0x15d},
{0x15d,0x15c,0x15d},
{0x15e,0x15e,0x15f},
{0x15f,0x15e,0x15f},
{0x160,0x160,0x161},
{0x161,0x160,0x161},
{0x162,0x162,0x163},
{0x163,0x162,0x163},
{0x164,0x164,0x165},
{0x165,0x164,0x165},
{0x166,0x166,0x167},
{0x167,0x166,0x167},
{0x168,0x168,0x169},
{0x169,0x168,0x169},
{0x16a,0x16a,0x16b},
{0x16b,0x16a,0x16b},
{0x16c,0x16c,0x16d},
{0x16d,0x16c,0x16d},
{0x16e,0x16e,0x16f},
{0x16f,0x16e,0x16f},
{0x170,0x170,0x171},
{0x171,0x170,0x171},
{0x172,0x172,0x173},
{0x173,0x172,0x173},
{0x174,0x174,0x175},
{0x175,0x174,0x175},
{0x176,0x176,0x177},
{0x177,0x176,0x177},
{0x178,0x178,0xff},
{0x179,0x179,0x17a},
{0x17a,0x179,0x17a},
{0x17b,0x17b,0x17c},
{0x17c,0x17b,0x17c},
{0x17d,0x17d,0x17e},
{0x17e,0x17d,0x17e},
{0x17f,0x53,0x17f},
{0x180,0x243,0x180},
{0x181,0x181,0x253},
{0x182,0x182,0x183},
{0x183,0x182,0x183},
{0x184,0x184,0x185},
{0x185,0x184,0x185},
{0x186,0x186,0x254},
{0x187,0x187,0x188},
{0x188,0x187,0x188},
{0x189,0x189,0x256},
{0x18a,0x18a,0x257},
{0x18b,0x18b,0x18c},
{0x18c,0x18b,0x18c},
{0x18e,0x18e,0x1dd},
{0x18f,0x18f,0x259},
{0x190,0x190,0x25b},
{0x191,0x191,0x192},
{0x192,0x191,0x192},
{0x193,0x193,0x260},
{0x194,0x194,0x263},
{0x195,0x1f6,0x195},
{0x196,0x196,0x269},
{0x197,0x197,0x268},
{0x198,0x198,0x199},
{0x199,0x198,0x199},
{0x19a,0x23d,0x19a},
{0x19c,0x19c,0x26f},
{0x19d,0x19d,0x272},
{0x19e,0x220,0x19e},
{0x19f,0x19f,0x275},
{0x1a0,0x1a0,0x1a1},
{0x1a1,0x1a0,0x1a1},
{0x1a2,0x1a2,0x1a3},
{0x1a3,0x1a2,0x1a3},
{0x1a4,0x1a4,0x1a5},
{0x1a5,0x1a4,0x1a5},
{0x1a6,0x1a6,0x280},
{0x1a7,0x1a7,0x1a8},
{0x1a8,0x1a7,0x1a8},
{0x1a9,0x1a9,0x283},
{0x1ac,0x1ac,0x1ad},
{0x1ad,0x1ac,0x1ad},
{0x1ae,0x1ae,0x288},
{0x1af,0x1af,0x1b0},
{0x1b0,0x1af,0x1b0},
{0x1b1,0x1b1,0x28a},
{0x1b2,0x1b2,0x28b},
{0x1b3,0x1b3,0x1b4},
{0x1b4,0x1b3,0x1b4},
{0x1b5,0x1b5,0x1b6},
{0x1b6,0x1b5,0x1b6},
{0x1b7,0x1b7,0x292},
{0x1b8,0x1b8,0x1b9},
{0x1b9,0x1b8,0x1b9},
{0x1bc,0x1bc,0x1bd},
{0x1bd,0x1bc,0x1bd},
{0x1bf,0x1f7,0x1bf},
{0x1c4,0x1c4,0x1c6},
{0x1c5,0x1c4,0x1c6},
{0x1c6,0x1c4,0x1c6},
{0x1c7,0x1c7,0x1c9},
{0x1c8,0x1c7,0x1c9},
{0x1c9,0x1c7,0x1c9},
{0x1ca,0x1ca,0x1cc},
{0x1cb,0x1ca,0x1cc},
{0x1cc,0x1ca,0x1cc},
{0x1cd,0x1cd,0x1ce},
{0x1ce,0x1cd,0x1ce},
{0x1cf,0x1cf,0x1d0},
{0x1d0,0x1cf,0x1d0},
{0x1d1,0x1d1,0x1d2},
{0x1d2,0x1d1,0x1d2},
{0x1d3,0x1d3,0x1d4},
{0x1d4,0x1d3,0x1d4},
{0x1d5,0x1d5,0x1d6},
{0x1d6,0x1d5,0x1d6},
{0x1d7,0x1d7,0x1d8},
{0x1d8,0x1d7,0x1d8},
{0x1d9,0x1d9,0x1da},
{0x1da,0x1d9,0x1da},
{0x1db,0x1db,0x1dc},
{0x1dc,0x1db,0x1dc},
{0x1dd,0x18e,0x1dd},
{0x1de,0x1de,0x1df},
{0x1df,0x1de,0x1df},
{0x1e0,0x1e0,0x1e1},
{0x1e1,0x1e0,0x1e1},
{0x1e2,0x1e2,0x1e3},
{0x1e3,0x1e2,0x1e3},
{0x1e4,0x1e4,0x1e5},
{0x1e5,0x1e4,0x1e5},
{0x1e6,0x1e6,0x1e7},
{0x1e7,0x1e6,0x1e7},
{0x1e8,0x1e8,0x1e9},
{0x1e9,0x1e8,0x1e9},
{0x1ea,0x1ea,0x1eb},
{0x1eb,0x1ea,0x1eb},
{0x1ec,0x1ec,0x1ed},
{0x1ed,0x1ec,0x1ed},
{0x1ee,0x1ee,0x1ef},
{0x1ef,0x1ee,0x1ef},
{0x1f1,0x1f1,0x1f3},
{0x1f2,0x1f1,0x1f3},
{0x1f3,0x1f1,0x1f3},
{0x1f4,0x1f4,0x1f5},
{0x1f5,0x1f4,0x1f5},
{0x1f6,0x1f6,0x195},
{0x1f7,0x1f7,0x1bf},
{0x1f8,0x1f8,0x1f9},
{0x1f9,0x1f8,0x1f9},
{0x1fa,0x1fa,0x1fb},
{0x1fb,0x1fa,0x1fb},
{0x1fc,0x1fc,0x1fd},
{0x1fd,0x1fc,0x1fd},
{0x1fe,0x1fe,0x1ff},
{0x1ff,0x1fe,0x1ff},
{0x200,0x200,0x201},
{0x201,0x200,0x201},
{0x202,0x202,0x203},
{0x203,0x202,0x203},
{0x204,0x204,0x205},
{0x205,0x204,0x205},
{0x206,0x206,0x207},
{0x207,0x206,0x207},
{0x208,0x208,0x209},
{0x209,0x208,0x209},
{0x20a,0x20a,0x20b},
{0x20b,0x20a,0x20b},
{0x20c,0x20c,0x20d},
{0x20d,0x20c,0x20d},
{0x20e,0x20e,0x20f},
{0x20f,0x20e,0x20f},
{0x210,0x210,0x211},
{0x211,0x210,0x211},
{0x212,0x212,0x213},
{0x213,0x212,0x213},
{0x214,0x214,0x215},
{0x215,0x214,0x215},
{0x216,0x216,0x217},
{0x217,0x216,0x217},
{0x218,0x218,0x219},
{0x219,0x218,0x219},
{0x21a,0x21a,0x21b},
{0x21b,0x21a,0x21b},
{0x21c,0x21c,0x21d},
{0x21d,0x21c,0x21d},
{0x21e,0x21e,0x21f},
{0x21f,0x21e,0x21f},
{0x220,0x220,0x19e},
{0x222,0x222,0x223},
{0x223,0x222,0x223},
{0x224,0x224,0x225},
{0x225,0x224,0x225},
{0x226,0x226,0x227},
{0x227,0x226,0x227},
{0x228,0x228,0x229},
{0x229,0x228,0x229},
{0x22a,0x22a,0x22b},
{0x22b,0x22a,0x22b},
{0x22c,0x22c,0x22d},
{0x22d,0x22c,0x22d},
{0x22e,0x22e,0x22f},
{0x22f,0x22e,0x22f},
{0x230,0x230,0x231},
{0x231,0x230,0x231},
{0x232,0x232,0x233},
{0x233,0x232,0x233},
{0x23a,0x23a,0x2c65},
{0x23b,0x23b,0x23c},
{0x23c,0x23b,0x23c},
{0x23d,0x23d,0x19a},
{0x23e,0x23e,0x2c66},
{0x23f,0x2c7e,0x23f},
{0x240,0x2c7f,0x240},
{0x241,0x241,0x242},
{0x242,0x241,0x242},
{0x243,0x243,0x180},
{0x244,0x244,0x289},
{0x245,0x245,0x28c},
{0x246,0x246,0x247},
{0x247,0x246,0x247},
{0x248,0x248,0x249},
{0x249,0x248,0x249},
{0x24a,0x24a,0x24b},
{0x24b,0x24a,0x24b},
{0x24c,0x24c,0x24d},
{0x24d,0x24c,0x24d},
{0x24e,0x24e,0x24f},
{0x24f,0x24e,0x24f},
{0x250,0x2c6f,0x250},
{0x251,0x2c6d,0x251},
{0x252,0x2c70,0x252},
{0x253,0x181,0x253},
{0x254,0x186,0x254},
{0x256,0x189,0x256},
{0x257,0x18a,0x257},
{0x259,0x18f,0x259},
{0x25b,0x190,0x25b},
{0x25c,0xa7ab,0x25c},
{0x260,0x193,0x260},
{0x261,0xa7ac,0x261},
{0x263,0x194,0x263},
{0x265,0xa78d,0x265},
{0x266,0xa7aa,0x266},
{0x268,0x197,0x268},
{0x269,0x196,0x269},
{0x26a,0xa7ae,0x26a},
{0x26b,0x2c62,0x26b},
{0x26c,0xa7ad,0x26c},
{0x26f,0x19c,0x26f},
{0x271,0x2c6e,0x271},
{0x272,0x19d,0x272},
{0x275,0x19f,0x275},
{0x27d,0x2c64,0x27d},
{0x280,0x1a6,0x280},
{0x282,0xa7c5,0x282},
{0x283,0x1a9,0x283},
{0x287,0xa7b1,0x287},
{0x288,0x1ae,0x288},
{0x289,0x244,0x289},
{0x28a,0x1b1,0x28a},
{0x28b,0x1b2,0x28b},
{0x28c,0x245,0x28c},
{0x292,0x1b7,0x292},
{0x29d,0xa7b2,0x29d},
{0x29e,0xa7b0,0x29e},
{0x345,0x399,0x345},
{0x370,0x370,0x371},
{0x371,0x370,0x371},
{0x372,0x372,0x373},
{0x373,0x372,0x373},
{0x376,0x376,0x377},
{0x377,0x376,0x377},
{0x37b,0x3fd,0x37b},
{0x37c,0x3fe,0x37c},
{0x37d,0x3ff,0x37d},
{0x37f,0x37f,0x3f3},
{0x386,0x386,0x3ac},
{0x388,0x388,0x3ad},
{0x389,0x389,0x3ae},
{0x38a,0x38a,0x3af},
{0x38c,0x38c,0x3cc},
{0x38e,0x38e,0x3cd},
{0x38f,0x38f,0x3ce},
{0x391,0x391,0x3b1},
{0x392,0x392,0x3b2},
{0x393,0x393,0x3b3},
{0x394,0x394,0x3b4},
{0x395,0x395,0x3b5},
{0x396,0x396,0x3b6},
{0x397,0x397,0x3b7},
{0x398,0x398,0x3b8},
{0x399,0x399,0x3b9},
{0x39a,0x39a,0x3ba},
{0x39b,0x39b,0x3bb},
{0x39c,0x39c,0x3bc},
{0x39d,0x39d,0x3bd},
{0x39e,0x39e,0x3be},
{0x39f,0x39f,0x3bf},
{0x3a0,0x3a0,0x3c0},
{0x3a1,0x3a1,0x3c1},
{0x3a3,0x3a3,0x3c3},
{0x3a4,0x3a4,0x3c4},
{0x3a5,0x3a5,0x3c5},
{0x3a6,0x3a6,0x3c6},
{0x3a7,0x3a7,0x3c7},
{0x3a8,0x3a8,0x3c8},
{0x3a9,0x3a9,0x3c9},
{0x3aa,0x3aa,0x3ca},
{0x3ab,0x3ab,0x3cb},
{0x3ac,0x386,0x3ac},
{0x3ad,0x388,0x3ad},
{0x3ae,0x389,0x3ae},
{0x3af,0x38a,0x3af},
{0x3b1,0x391,0x3b1},
{0x3b2,0x392,0x3b2},
{0x3b3,0x393,0x3b3},
{0x3b4,0x394,0x3b4},
{0x3b5,0x395,0x3b5},
{0x3b6,0x396,0x3b6},
{0x3b7,0x397,0x3b7},
{0x3b8,0x398,0x3b8},
{0x3b9,0x399,0x3b9},
{0x3ba,0x39a,0x3ba},
{0x3bb,0x39b,0x3bb},
{0x3bc,0x39c,0x3bc},
{0x3bd,0x39d,0x3bd},
{0x3be,0x39e,0x3be},
{0x3bf,0x39f,0x3bf},
{0x3c0,0x3a0,0x3c0},
{0x3c1,0x3a1,0x3c1},
{0x3c2,0x3a3,0x3c2},
{0x3c3,0x3a3,0x3c3},
{0x3c4,0x3a4,0x3c4},
{0x3c5,0x3a5,0x3c5},
{0x3c6,0x3a6,0x3c6},
{0x3c7,0x3a7,0x3c7},
{0x3c8,0x3a8,0x3c8},
{0x3c9,0x3a9,0x3c9},
{0x3ca,0x3aa,0x3ca},
{0x3cb,0x3ab,0x3cb},
{0x3cc,0x38c,0x3cc},
{0x3cd,0x38e,0x3cd},
{0x3ce,0x38f,0x3ce},
{0x3cf,0x3cf,0x3d7},
{0x3d0,0x392,0x3d0},
{0x3d1,0x398,0x3d1},
{0x3d5,0x3a6,0x3d5},
{0x3d6,0x3a0,0x3d6},
{0x3d7,0x3cf,0x3d7},
{0x3d8,0x3d8,0x3d9},
{0x3d9,0x3d8,0x3d9},
{0x3da,0x3da,0x3db},
{0x3db,0x3da,0x3db},
{0x3dc,0x3dc,0x3dd},
{0x3dd,0x3dc,0x3dd},
{0x3de,0x3de,0x3df},
{0x3df,0x3de,0x3df},
{0x3e0,0x3e0,0x3e1},
{0x3e1,0x3e0,0x3e1},
{0x3e2,0x3e2,0x3e3},
{0x3e3,0x3e2,0x3e3},
{0x3e4,0x3e4,0x3e5},
{0x3e5,0x3e4,0x3e5},
{0x3e6,0x3e6,0x3e7},
{0x3e7,0x3e6,0x3e7},
{0x3e8,0x3e8,0x3e9},
{0x3e9,0x3e8,0x3e9},
{0x3ea,0x3ea,0x3eb},
{0x3eb,0x3ea,0x3eb},
{0x3ec,0x3ec,0x3ed},
{0x3ed,0x3ec,0x3ed},
{0x3ee,0x3ee,0x3ef},
{0x3ef,0x3ee,0x3ef},
{0x3f0,0x39a,0x3f0},
{0x3f1,0x3a1,0x3f1},
{0x3f2,0x3f9,0x3f2},
{0x3f3,0x37f,0x3f3},
{0x3f4,0x3f4,0x3b8},
{0x3f5,0x395,0x3f5},
{0x3f7,0x3f7,0x3f8},
{0x3f8,0x3f7,0x3f8},
{0x3f9,0x3f9,0x3f2},
{0x3fa,0x3fa,0x3fb},
{0x3fb,0x3fa,0x3fb},
{0x3fd,0x3fd,0x37b},
{0x3fe,0x3fe,0x37c},
{0x3ff,0x3ff,0x37d},
{0x400,0x400,0x450},
{0x401,0x401,0x451},
{0x402,0x402,0x452},
{0x403,0x403,0x453},
{0x404,0x404,0x454},
{0x405,0x405,0x455},
{0x406,0x406,0x456},
{0x407,0x407,0x457},
{0x408,0x408,0x458},
{0x409,0x409,0x459},
{0x40a,0x40a,0x45a},
{0x40b,0x40b,0x45b},
{0x40c,0x40c,0x45c},
{0x40d,0x40d,0x45d},
{0x40e,0x40e,0x45e},
{0x40f,0x40f,0x45f},
{0x410,0x410,0x430},
{0x411,0x411,0x431},
{0x412,0x412,0x432},
{0x413,0x413,0x433},
{0x414,0x414,0x434},
{0x415,0x415,0x435},
{0x416,0x416,0x436},
{0x417,0x417,0x437},
{0x418,0x418,0x438},
{0x419,0x419,0x439},
{0x41a,0x41a,0x43a},
{0x41b,0x41b,0x43b},
{0x41c,0x41c,0x43c},
{0x41d,0x41d,0x43d},
{0x41e,0x41e,0x43e},
{0x41f,0x41f,0x43f},
{0x420,0x420,0x440},
{0x421,0x421,0x441},
{0x422,0x422,0x442},
{0x423,0x423,0x443},
{0x424,0x424,0x444},
{0x425,0x425,0x445},
{0x426,0x426,0x446},
{0x427,0x427,0x447},
{0x428,0x428,0x448},
{0x429,0x429,0x449},
{0x42a,0x42a,0x44a},
{0x42b,0x42b,0x44b},
{0x42c,0x42c,0x44c},
{0x42d,0x42d,0x44d},
{0x42e,0x42e,0x44e},
{0x42f,0x42f,0x44f},
{0x430,0x410,0x430},
{0x431,0x411,0x431},
{0x432,0x412,0x432},
{0x433,0x413,0x433},
{0x434,0x414,0x434},
{0x435,0x415,0x435},
{0x436,0x416,0x436},
{0x437,0x417,0x437},
{0x438,0x418,0x438},
{0x439,0x419,0x439},
{0x43a,0x41a,0x43a},
{0x43b,0x41b,0x43b},
{0x43c,0x41c,0x43c},
{0x43d,0x41d,0x43d},
{0x43e,0x41e,0x43e},
{0x43f,0x41f,0x43f},
{0x440,0x420,0x440},
{0x441,0x421,0x441},
{0x442,0x422,0x442},
{0x443,0x423,0x443},
{0x444,0x424,0x444},
{0x445,0x425,0x445},
{0x446,0x426,0x446},
{0x447,0x427,0x447},
{0x448,0x428,0x448},
{0x449,0x429,0x449},
{0x44a,0x42a,0x44a},
{0x44b,0x42b,0x44b},
{0x44c,0x42c,0x44c},
{0x44d,0x42d,0x44d},
{0x44e,0x42e,0x44e},
{0x44f,0x42f,0x44f},
{0x450,0x400,0x450},
{0x451,0x401,0x451},
{0x452,0x402,0x452},
{0x453,0x403,0x453},
{0x454,0x404,0x454},
{0x455,0x405,0x455},
{0x456,0x406,0x456},
{0x457,0x407,0x457},
{0x458,0x408,0x458},
{0x459,0x409,0x459},
{0x45a,0x40a,0x45a},
{0x45b,0x40b,0x45b},
{0x45c,0x40c,0x45c},
{0x45d,0x40d,0x45d},
{0x45e,0x40e,0x45e},
{0x45f,0x40f,0x45f},
{0x460,0x460,0x461},
{0x461,0x460,0x461},
{0x462,0x462,0x463},
{0x463,0x462,0x463},
{0x464,0x464,0x465},
{0x465,0x464,0x465},
{0x466,0x466,0x467},
{0x467,0x466,0x467},
{0x468,0x468,0x469},
{0x469,0x468,0x469},
{0x46a,0x46a,0x46b},
{0x46b,0x46a,0x46b},
{0x46c,0x46c,0x46d},
{0x46d,0x46c,0x46d},
{0x46e,0x46e,0x46f},
{0x46f,0x46e,0x46f},
{0x470,0x470,0x471},
{0x471,0x470,0x471},
{0x472,0x472,0x473},
{0x473,0x472,0x473},
{0x474,0x474,0x475},
{0x475,0x474,0x475},
{0x476,0x476,0x477},
{0x477,0x476,0x477},
{0x478,0x478,0x479},
{0x479,0x478,0x479},
{0x47a,0x47a,0x47b},
{0x47b,0x47a,0x47b},
{0x47c,0x47c,0x47d},
{0x47d,0x47c,0x47d},
{0x47e,0x47e,0x47f},
{0x47f,0x47e,0x47f},
{0x480,0x480,0x481},
{0x481,0x480,0x481},
{0x48a,0x48a,0x48b},
{0x48b,0x48a,0x48b},
{0x48c,0x48c,0x48d},
{0x48d,0x48c,0x48d},
{0x48e,0x48e,0x48f},
{0x48f,0x48e,0x48f},
{0x490,0x490,0x491},
{0x491,0x490,0x491},
{0x492,0x492,0x493},
{0x493,0x492,0x493},
{0x494,0x494,0x495},
{0x495,0x494,0x495},
{0x496,0x496,0x497},
{0x497,0x496,0x497},
{0x498,0x498,0x499},
{0x499,0x498,0x499},
{0x49a,0x49a,0x49b},
{0x49b,0x49a,0x49b},
{0x49c,0x49c,0x49d},
{0x49d,0x49c,0x49d},
{0x49e,0x49e,0x49f},
{0x49f,0x49e,0x49f},
{0x4a0,0x4a0,0x4a1},
{0x4a1,0x4a0,0x4a1},
{0x4a2,0x4a2,0x4a3},
{0x4a3,0x4a2,0x4a3},
{0x4a4,0x4a4,0x4a5},
{0x4a5,0x4a4,0x4a5},
{0x4a6,0x4a6,0x4a7},
{0x4a7,0x4a6,0x4a7},
{0x4a8,0x4a8,0x4a9},
{0x4a9,0x4a8,0x4a9},
{0x4aa,0x4aa,0x4ab},
{0x4ab,0x4aa,0x4ab},
{0x4ac,0x4ac,0x4ad},
{0x4ad,0x4ac,0x4ad},
{0x4ae,0x4ae,0x4af},
{0x4af,0x4ae,0x4af},
{0x4b0,0x4b0,0x4b1},
{0x4b1,0x4b0,0x4b1},
{0x4b2,0x4b2,0x4b3},
{0x4b3,0x4b2,0x4b3},
{0x4b4,0x4b4,0x4b5},
{0x4b5,0x4b4,0x4b5},
{0x4b6,0x4b6,0x4b7},
{0x4b7,0x4b6,0x4b7},
{0x4b8,0x4b8,0x4b9},
{0x4b9,0x4b8,0x4b9},
{0x4ba,0x4ba,0x4bb},
{0x4bb,0x4ba,0x4bb},
{0x4bc,0x4bc,0x4bd},
{0x4bd,0x4bc,0x4bd},
{0x4be,0x4be,0x4bf},
{0x4bf,0x4be,0x4bf},
{0x4c0,0x4c0,0x4cf},
{0x4c1,0x4c1,0x4c2},
{0x4c2,0x4c1,0x4c2},
{0x4c3,0x4c3,0x4c4},
{0x4c4,0x4c3,0x4c4},
{0x4c5,0x4c5,0x4c6},
{0x4c6,0x4c5,0x4c6},
{0x4c7,0x4c7,0x4c8},
{0x4c8,0x4c7,0x4c8},
{0x4c9,0x4c9,0x4ca},
{0x4ca,0x4c9,0x4ca},
{0x4cb,0x4cb,0x4cc},
{0x4cc,0x4cb,0x4cc},
{0x4cd,0x4cd,0x4ce},
{0x4ce,0x4cd,0x4ce},
{0x4cf,0x4c0,0x4cf},
{0x4d0,0x4d0,0x4d1},
{0x4d1,0x4d0,0x4d1},
{0x4d2,0x4d2,0x4d3},
{0x4d3,0x4d2,0x4d3},
{0x4d4,0x4d4,0x4d5},
{0x4d5,0x4d4,0x4d5},
{0x4d6,0x4d6,0x4d7},
{0x4d7,0x4d6,0x4d7},
{0x4d8,0x4d8,0x4d9},
{0x4d9,0x4d8,0x4d9},
{0x4da,0x4da,0x4db},
{0x4db,0x4da,0x4db},
{0x4dc,0x4dc,0x4dd},
{0x4dd,0x4dc,0x4dd},
{0x4de,0x4de,0x4df},
{0x4df,0x4de,0x4df},
{0x4e0,0x4e0,0x4e1},
{0x4e1,0x4e0,0x4e1},
{0x4e2,0x4e2,0x4e3},
{0x4e3,0x4e2,0x4e3},
{0x4e4,0x4e4,0x4e5},
{0x4e5,0x4e4,0x4e5},
{0x4e6,0x4e6,0x4e7},
{0x4e7,0x4e6,0x4e7},
{0x4e8,0x4e8,0x4e9},
{0x4e9,0x4e8,0x4e9},
{0x4ea,0x4ea,0x4eb},
{0x4eb,0x4ea,0x4eb},
{0x4ec,0x4ec,0x4ed},
{0x4ed,0x4ec,0x4ed},
{0x4ee,0x4ee,0x4ef},
{0x4ef,0x4ee,0x4ef},
{0x4f0,0x4f0,0x4f1},
{0x4f1,0x4f0,0x4f1},
{0x4f2,0x4f2,0x4f3},
{0x4f3,0x4f2,0x4f3},
{0x4f4,0x4f4,0x4f5},
{0x4f5,0x4f4,0x4f5},
{0x4f6,0x4f6,0x4f7},
{0x4f7,0x4f6,0x4f7},
{0x4f8,0x4f8,0x4f9},
{0x4f9,0x4f8,0x4f9},
{0x4fa,0x4fa,0x4fb},
{0x4fb,0x4fa,0x4fb},
{0x4fc,0x4fc,0x4fd},
{0x4fd,0x4fc,0x4fd},
{0x4fe,0x4fe,0x4ff},
{0x4ff,0x4fe,0x4ff},
{0x500,0x500,0x501},
{0x501,0x500,0x501},
{0x502,0x502,0x503},
{0x503,0x502,0x503},
{0x504,0x504,0x505},
{0x505,0x504,0x505},
{0x506,0x506,0x507},
{0x507,0x506,0x507},
{0x508,0x508,0x509},
{0x509,0x508,0x509},
{0x50a,0x50a,0x50b},
{0x50b,0x50a,0x50b},
{0x50c,0x50c,0x50d},
{0x50d,0x50c,0x50d},
{0x50e,0x50e,0x50f},
{0x50f,0x50e,0x50f},
{0x510,0x510,0x511},
{0x511,0x510,0x511},
{0x512,0x512,0x513},
{0x513,0x512,0x513},
{0x514,0x514,0x515},
{0x515,0x514,0x515},
{0x516,0x516,0x517},
{0x517,0x516,0x517},
{0x518,0x518,0x519},
{0x519,0x518,0x519},
{0x51a,0x51a,0x51b},
{0x51b,0x51a,0x51b},
{0x51c,0x51c,0x51d},
{0x51d,0x51c,0x51d},
{0x51e,0x51e,0x51f},
{0x51f,0x51e,0x51f},
{0x520,0x520,0x521},
{0x521,0x520,0x521},
{0x522,0x522,0x523},
{0x523,0x522,0x523},
{0x524,0x524,0x525},
{0x525,0x524,0x525},
{0x526,0x526,0x527},
{0x527,0x526,0x527},
{0x528,0x528,0x529},
{0x529,0x528,0x529},
{0x52a,0x52a,0x52b},
{0x52b,0x52a,0x52b},
{0x52c,0x52c,0x52d},
{0x52d,0x52c,0x52d},
{0x52e,0x52e,0x52f},
{0x52f,0x52e,0x52f},
{0x531,0x531,0x561},
{0x532,0x532,0x562},
{0x533,0x533,0x563},
{0x534,0x534,0x564},
{0x535,0x535,0x565},
{0x536,0x536,0x566},
{0x537,0x537,0x567},
{0x538,0x538,0x568},
{0x539,0x539,0x569},
{0x53a,0x53a,0x56a},
{0x53b,0x53b,0x56b},
{0x53c,0x53c,0x56c},
{0x53d,0x53d,0x56d},
{0x53e,0x53e,0x56e},
{0x53f,0x53f,0x56f},
{0x540,0x540,0x570},
{0x541,0x541,0x571},
{0x542,0x542,0x572},
{0x543,0x543,0x573},
{0x544,0x544,0x574},
{0x545,0x545,0x575},
{0x546,0x546,0x576},
{0x547,0x547,0x577},
{0x548,0x548,0x578},
{0x549,0x549,0x579},
{0x54a,0x54a,0x57a},
{0x54b,0x54b,0x57b},
{0x54c,0x54c,0x57c},
{0x54d,0x54d,0x57d},
{0x54e,0x54e,0x57e},
{0x54f,0x54f,0x57f},
{0x550,0x550,0x580},
{0x551,0x551,0x581},
{0x552,0x552,0x582},
{0x553,0x553,0x583},
{0x554,0x554,0x584},
{0x555,0x555,0x585},
{0x556,0x556,0x586},
{0x561,0x531,0x561},
{0x562,0x532,0x562},
{0x563,0x533,0x563},
{0x564,0x534,0x564},
{0x565,0x535,0x565},
{0x566,0x536,0x566},
{0x567,0x537,0x567},
{0x568,0x538,0x568},
{0x569,0x539,0x569},
{0x56a,0x53a,0x56a},
{0x56b,0x53b,0x56b},
{0x56c,0x53c,0x56c},
{0x56d,0x53d,0x56d},
{0x56e,0x53e,0x56e},
{0x56f,0x53f,0x56f},
{0x570,0x540,0x570},
{0x571,0x541,0x571},
{0x572,0x542,0x572},
{0x573,0x543,0x573},
{0x574,0x544,0x574},
{0x575,0x545,0x575},
{0x576,0x546,0x576},
{0x577,0x547,0x577},
{0x578,0x548,0x578},
{0x579,0x549,0x579},
{0x57a,0x54a,0x57a},
{0x57b,0x54b,0x57b},
{0x57c,0x54c,0x57c},
{0x57d,0x54d,0x57d},
{0x57e,0x54e,0x57e},
{0x57f,0x54f,0x57f},
{0x580,0x550,0x580},
{0x581,0x551,0x581},
{0x582,0x552,0x582},
{0x583,0x553,0x583},
{0x584,0x554,0x584},
{0x585,0x555,0x585},
{0x586,0x556,0x586},
{0x10a0,0x10a0,0x2d00},
{0x10a1,0x10a1,0x2d01},
{0x10a2,0x10a2,0x2d02},
{0x10a3,0x10a3,0x2d03},
{0x10a4,0x10a4,0x2d04},
{0x10a5,0x10a5,0x2d05},
{0x10a6,0x10a6,0x2d06},
{0x10a7,0x10a7,0x2d07},
{0x10a8,0x10a8,0x2d08},
{0x10a9,0x10a9,0x2d09},
{0x10aa,0x10aa,0x2d0a},
{0x10ab,0x10ab,0x2d0b},
{0x10ac,0x10ac,0x2d0c},
{0x10ad,0x10ad,0x2d0d},
{0x10ae,0x10ae,0x2d0e},
{0x10af,0x10af,0x2d0f},
{0x10b0,0x10b0,0x2d10},
{0x10b1,0x10b1,0x2d11},
{0x10b2,0x10b2,0x2d12},
{0x10b3,0x10b3,0x2d13},
{0x10b4,0x10b4,0x2d14},
{0x10b5,0x10b5,0x2d15},
{0x10b6,0x10b6,0x2d16},
{0x10b7,0x10b7,0x2d17},
{0x10b8,0x10b8,0x2d18},
{0x10b9,0x10b9,0x2d19},
{0x10ba,0x10ba,0x2d1a},
{0x10bb,0x10bb,0x2d1b},
{0x10bc,0x10bc,0x2d1c},
{0x10bd,0x10bd,0x2d1d},
{0x10be,0x10be,0x2d1e},
{0x10bf,0x10bf,0x2d1f},
{0x10c0,0x10c0,0x2d20},
{0x10c1,0x10c1,0x2d21},
{0x10c2,0x10c2,0x2d22},
{0x10c3,0x10c3,0x2d23},
{0x10c4,0x10c4,0x2d24},
{0x10c5,0x10c5,0x2d25},
{0x10c7,0x10c7,0x2d27},
{0x10cd,0x10cd,0x2d2d},
{0x10d0,0x1c90,0x10d0},
{0x10d1,0x1c91,0x10d1},
{0x10d2,0x1c92,0x10d2},
{0x10d3,0x1c93,0x10d3},
{0x10d4,0x1c94,0x10d4},
{0x10d5,0x1c95,0x10d5},
{0x10d6,0x1c96,0x10d6},
{0x10d7,0x1c97,0x10d7},
{0x10d8,0x1c98,0x10d8},
{0x10d9,0x1c99,0x10d9},
{0x10da,0x1c9a,0x10da},
{0x10db,0x1c9b,0x10db},
{0x10dc,0x1c9c,0x10dc},
{0x10dd,0x1c9d,0x10dd},
{0x10de,0x1c9e,0x10de},
{0x10df,0x1c9f,0x10df},
{0x10e0,0x1ca0,0x10e0},
{0x10e1,0x1ca1,0x10e1},
{0x10e2,0x1ca2,0x10e2},
{0x10e3,0x1ca3,0x10e3},
{0x10e4,0x1ca4,0x10e4},
{0x10e5,0x1ca5,0x10e5},
{0x10e6,0x1ca6,0x10e6},
{0x10e7,0x1ca7,0x10e7},
{0x10e8,0x1ca8,0x10e8},
{0x10e9,0x1ca9,0x10e9},
{0x10ea,0x1caa,0x10ea},
{0x10eb,0x1cab,0x10eb},
{0x10ec,0x1cac,0x10ec},
{0x10ed,0x1cad,0x10ed},
{0x10ee,0x1cae,0x10ee},
{0x10ef,0x1caf,0x10ef},
{0x10f0,0x1cb0,0x10f0},
{0x10f1,0x1cb1,0x10f1},
{0x10f2,0x1cb2,0x10f2},
{0x10f3,0x1cb3,0x10f3},
{0x10f4,0x1cb4,0x10f4},
{0x10f5,0x1cb5,0x10f5},
{0x10f6,0x1cb6,0x10f6},
{0x10f7,0x1cb7,0x10f7},
{0x10f8,0x1cb8,0x10f8},
{0x10f9,0x1cb9,0x10f9},
{0x10fa,0x1cba,0x10fa},
{0x10fd,0x1cbd,0x10fd},
{0x10fe,0x1cbe,0x10fe},
{0x10ff,0x1cbf,0x10ff},
{0x13a0,0x13a0,0xab70},
{0x13a1,0x13a1,0xab71},
{0x13a2,0x13a2,0xab72},
{0x13a3,0x13a3,0xab73},
{0x13a4,0x13a4,0xab74},
{0x13a5,0x13a5,0xab75},
{0x13a6,0x13a6,0xab76},
{0x13a7,0x13a7,0xab77},
{0x13a8,0x13a8,0xab78},
{0x13a9,0x13a9,0xab79},
{0x13aa,0x13aa,0xab7a},
{0x13ab,0x13ab,0xab7b},
{0x13ac,0x13ac,0xab7c},
{0x13ad,0x13ad,0xab7d},
{0x13ae,0x13ae,0xab7e},
{0x13af,0x13af,0xab7f},
{0x13b0,0x13b0,0xab80},
{0x13b1,0x13b1,0xab81},
{0x13b2,0x13b2,0xab82},
{0x13b3,0x13b3,0xab83},
{0x13b4,0x13b4,0xab84},
{0x13b5,0x13b5,0xab85},
{0x13b6,0x13b6,0xab86},
{0x13b7,0x13b7,0xab87},
{0x13b8,0x13b8,0xab88},
{0x13b9,0x13b9,0xab89},
{0x13ba,0x13ba,0xab8a},
{0x13bb,0x13bb,0xab8b},
{0x13bc,0x13bc,0xab8c},
{0x13bd,0x13bd,0xab8d},
{0x13be,0x13be,0xab8e},
{0x13bf,0x13bf,0xab8f},
{0x13c0,0x13c0,0xab90},
{0x13c1,0x13c1,0xab91},
{0x13c2,0x13c2,0xab92},
{0x13c3,0x13c3,0xab93},
{0x13c4,0x13c4,0xab94},
{0x13c5,0x13c5,0xab95},
{0x13c6,0x13c6,0xab96},
{0x13c7,0x13c7,0xab97},
{0x13c8,0x13c8,0xab98},
{0x13c9,0x13c9,0xab99},
{0x13ca,0x13ca,0xab9a},
{0x13cb,0x13cb,0xab9b},
{0x13cc,0x13cc,0xab9c},
{0x13cd,0x13cd,0xab9d},
{0x13ce,0x13ce,0xab9e},
{0x13cf,0x13cf,0xab9f},
{0x13d0,0x13d0,0xaba0},
{0x13d1,0x13d1,0xaba1},
{0x13d2,0x13d2,0xaba2},
{0x13d3,0x13d3,0xaba3},
{0x13d4,0x13d4,0xaba4},
{0x13d5,0x13d5,0xaba5},
{0x13d6,0x13d6,0xaba6},
{0x13d7,0x13d7,0xaba7},
{0x13d8,0x13d8,0xaba8},
{0x13d9,0x13d9,0xaba9},
{0x13da,0x13da,0xabaa},
{0x13db,0x13db,0xabab},
{0x13dc,0x13dc,0xabac},
{0x13dd,0x13dd,0xabad},
{0x13de,0x13de,0xabae},
{0x13df,0x13df,0xabaf},
{0x13e0,0x13e0,0xabb0},
{0x13e1,0x13e1,0xabb1},
{0x13e2,0x13e2,0xabb2},
{0x13e3,0x13e3,0xabb3},
{0x13e4,0x13e4,0xabb4},
{0x13e5,0x13e5,0xabb5},
{0x13e6,0x13e6,0xabb6},
{0x13e7,0x13e7,0xabb7},
{0x13e8,0x13e8,0xabb8},
{0x13e9,0x13e9,0xabb9},
{0x13ea,0x13ea,0xabba},
{0x13eb,0x13eb,0xabbb},
{0x13ec,0x13ec,0xabbc},
{0x13ed,0x13ed,0xabbd},
{0x13ee,0x13ee,0xabbe},
{0x13ef,0x13ef,0xabbf},
{0x13f0,0x13f0,0x13f8},
{0x13f1,0x13f1,0x13f9},
{0x13f2,0x13f2,0x13fa},
{0x13f3,0x13f3,0x13fb},
{0x13f4,0x13f4,0x13fc},
{0x13f5,0x13f5,0x13fd},
{0x13f8,0x13f0,0x13f8},
{0x13f9,0x13f1,0x13f9},
{0x13fa,0x13f2,0x13fa},
{0x13fb,0x13f3,0x13fb},
{0x13fc,0x13f4,0x13fc},
{0x13fd,0x13f5,0x13fd},
{0x1c80,0x412,0x1c80},
{0x1c81,0x414,0x1c81},
{0x1c82,0x41e,0x1c82},
{0x1c83,0x421,0x1c83},
{0x1c84,0x422,0x1c84},
{0x1c85,0x422,0x1c85},
{0x1c86,0x42a,0x1c86},
{0x1c87,0x462,0x1c87},
{0x1c88,0xa64a,0x1c88},
{0x1c90,0x1c90,0x10d0},
{0x1c91,0x1c91,0x10d1},
{0x1c92,0x1c92,0x10d2},
{0x1c93,0x1c93,0x10d3},
{0x1c94,0x1c94,0x10d4},
{0x1c95,0x1c95,0x10d5},
{0x1c96,0x1c96,0x10d6},
{0x1c97,0x1c97,0x10d7},
{0x1c98,0x1c98,0x10d8},
{0x1c99,0x1c99,0x10d9},
{0x1c9a,0x1c9a,0x10da},
{0x1c9b,0x1c9b,0x10db},
{0x1c9c,0x1c9c,0x10dc},
{0x1c9d,0x1c9d,0x10dd},
{0x1c9e,0x1c9e,0x10de},
{0x1c9f,0x1c9f,0x10df},
{0x1ca0,0x1ca0,0x10e0},
{0x1ca1,0x1ca1,0x10e1},
{0x1ca2,0x1ca2,0x10e2},
{0x1ca3,0x1ca3,0x10e3},
{0x1ca4,0x1ca4,0x10e4},
{0x1ca5,0x1ca5,0x10e5},
{0x1ca6,0x1ca6,0x10e6},
{0x1ca7,0x1ca7,0x10e7},
{0x1ca8,0x1ca8,0x10e8},
{0x1ca9,0x1ca9,0x10e9},
{0x1caa,0x1caa,0x10ea},
{0x1cab,0x1cab,0x10eb},
{0x1cac,0x1cac,0x10ec},
{0x1cad,0x1cad,0x10ed},
{0x1cae,0x1cae,0x10ee},
{0x1caf,0x1caf,0x10ef},
{0x1cb0,0x1cb0,0x10f0},
{0x1cb1,0x1cb1,0x10f1},
{0x1cb2,0x1cb2,0x10f2},
{0x1cb3,0x1cb3,0x10f3},
{0x1cb4,0x1cb4,0x10f4},
{0x1cb5,0x1cb5,0x10f5},
{0x1cb6,0x1cb6,0x10f6},
{0x1cb7,0x1cb7,0x10f7},
{0x1cb8,0x1cb8,0x10f8},
{0x1cb9,0x1cb9,0x10f9},
{0x1cba,0x1cba,0x10fa},
{0x1cbd,0x1cbd,0x10fd},
{0x1cbe,0x1cbe,0x10fe},
{0x1cbf,0x1cbf,0x10ff},
{0x1d79,0xa77d,0x1d79},
{0x1d7d,0x2c63,0x1d7d},
{0x1d8e,0xa7c6,0x1d8e},
{0x1e00,0x1e00,0x1e01},
{0x1e01,0x1e00,0x1e01},
{0x1e02,0x1e02,0x1e03},
{0x1e03,0x1e02,0x1e03},
{0x1e04,0x1e04,0x1e05},
{0x1e05,0x1e04,0x1e05},
{0x1e06,0x1e06,0x1e07},
{0x1e07,0x1e06,0x1e07},
{0x1e08,0x1e08,0x1e09},
{0x1e09,0x1e08,0x1e09},
{0x1e0a,0x1e0a,0x1e0b},
{0x1e0b,0x1e0a,0x1e0b},
{0x1e0c,0x1e0c,0x1e0d},
{0x1e0d,0x1e0c,0x1e0d},
{0x1e0e,0x1e0e,0x1e0f},
{0x1e0f,0x1e0e,0x1e0f},
{0x1e10,0x1e10,0x1e11},
{0x1e11,0x1e10,0x1e11},
{0x1e12,0x1e12,0x1e13},
{0x1e13,0x1e12,0x1e13},
{0x1e14,0x1e14,0x1e15},
{0x1e15,0x1e14,0x1e15},
{0x1e16,0x1e16,0x1e17},
{0x1e17,0x1e16,0x1e17},
{0x1e18,0x1e18,0x1e19},
{0x1e19,0x1e18,0x1e19},
{0x1e1a,0x1e1a,0x1e1b},
{0x1e1b,0x1e1a,0x1e1b},
{0x1e1c,0x1e1c,0x1e1d},
{0x1e1d,0x1e1c,0x1e1d},
{0x1e1e,0x1e1e,0x1e1f},
{0x1e1f,0x1e1e,0x1e1f},
{0x1e20,0x1e20,0x1e21},
{0x1e21,0x1e20,0x1e21},
{0x1e22,0x1e22,0x1e23},
{0x1e23,0x1e22,0x1e23},
{0x1e24,0x1e24,0x1e25},
{0x1e25,0x1e24,0x1e25},
{0x1e26,0x1e26,0x1e27},
{0x1e27,0x1e26,0x1e27},
{0x1e28,0x1e28,0x1e29},
{0x1e29,0x1e28,0x1e29},
{0x1e2a,0x1e2a,0x1e2b},
{0x1e2b,0x1e2a,0x1e2b},
{0x1e2c,0x1e2c,0x1e2d},
{0x1e2d,0x1e2c,0x1e2d},
{0x1e2e,0x1e2e,0x1e2f},
{0x1e2f,0x1e2e,0x1e2f},
{0x1e30,0x1e30,0x1e31},
{0x1e31,0x1e30,0x1e31},
{0x1e32,0x1e32,0x1e33},
{0x1e33,0x1e32,0x1e33},
{0x1e34,0x1e34,0x1e35},
{0x1e35,0x1e34,0x1e35},
{0x1e36,0x1e36,0x1e37},
{0x1e37,0x1e36,0x1e37},
{0x1e38,0x1e38,0x1e39},
{0x1e39,0x1e38,0x1e39},
{0x1e3a,0x1e3a,0x1e3b},
{0x1e3b,0x1e3a,0x1e3b},
{0x1e3c,0x1e3c,0x1e3d},
{0x1e3d,0x1e3c,0x1e3d},
{0x1e3e,0x1e3e,0x1e3f},
{0x1e3f,0x1e3e,0x1e3f},
{0x1e40,0x1e40,0x1e41},
{0x1e41,0x1e40,0x1e41},
{0x1e42,0x1e42,0x1e43},
{0x1e43,0x1e42,0x1e43},
{0x1e44,0x1e44,0x1e45},
{0x1e45,0x1e44,0x1e45},
{0x1e46,0x1e46,0x1e47},
{0x1e47,0x1e46,0x1e47},
{0x1e48,0x1e48,0x1e49},
{0x1e49,0x1e48,0x1e49},
{0x1e4a,0x1e4a,0x1e4b},
{0x1e4b,0x1e4a,0x1e4b},
{0x1e4c,0x1e4c,0x1e4d},
{0x1e4d,0x1e4c,0x1e4d},
{0x1e4e,0x1e4e,0x1e4f},
{0x1e4f,0x1e4e,0x1e4f},
{0x1e50,0x1e50,0x1e51},
{0x1e51,0x1e50,0x1e51},
{0x1e52,0x1e52,0x1e53},
{0x1e53,0x1e52,0x1e53},
{0x1e54,0x1e54,0x1e55},
{0x1e55,0x1e54,0x1e55},
{0x1e56,0x1e56,0x1e57},
{0x1e57,0x1e56,0x1e57},
{0x1e58,0x1e58,0x1e59},
{0x1e59,0x1e58,0x1e59},
{0x1e5a,0x1e5a,0x1e5b},
{0x1e5b,0x1e5a,0x1e5b},
{0x1e5c,0x1e5c,0x1e5d},
{0x1e5d,0x1e5c,0x1e5d},
{0x1e5e,0x1e5e,0x1e5f},
{0x1e5f,0x1e5e,0x1e5f},
{0x1e60,0x1e60,0x1e61},
{0x1e61,0x1e60,0x1e61},
{0x1e62,0x1e62,0x1e63},
{0x1e63,0x1e62,0x1e63},
{0x1e64,0x1e64,0x1e65},
{0x1e65,0x1e64,0x1e65},
{0x1e66,0x1e66,0x1e67},
{0x1e67,0x1e66,0x1e67},
{0x1e68,0x1e68,0x1e69},
{0x1e69,0x1e68,0x1e69},
{0x1e6a,0x1e6a,0x1e6b},
{0x1e6b,0x1e6a,0x1e6b},
{0x1e6c,0x1e6c,0x1e6d},
{0x1e6d,0x1e6c,0x1e6d},
{0x1e6e,0x1e6e,0x1e6f},
{0x1e6f,0x1e6e,0x1e6f},
{0x1e70,0x1e70,0x1e71},
{0x1e71,0x1e70,0x1e71},
{0x1e72,0x1e72,0x1e73},
{0x1e73,0x1e72,0x1e73},
{0x1e74,0x1e74,0x1e75},
{0x1e75,0x1e74,0x1e75},
{0x1e76,0x1e76,0x1e77},
{0x1e77,0x1e76,0x1e77},
{0x1e78,0x1e78,0x1e79},
{0x1e79,0x1e78,0x1e79},
{0x1e7a,0x1e7a,0x1e7b},
{0x1e7b,0x1e7a,0x1e7b},
{0x1e7c,0x1e7c,0x1e7d},
{0x1e7d,0x1e7c,0x1e7d},
{0x1e7e,0x1e7e,0x1e7f},
{0x1e7f,0x1e7e,0x1e7f},
{0x1e80,0x1e80,0x1e81},
{0x1e81,0x1e80,0x1e81},
{0x1e82,0x1e82,0x1e83},
{0x1e83,0x1e82,0x1e83},
{0x1e84,0x1e84,0x1e85},
{0x1e85,0x1e84,0x1e85},
{0x1e86,0x1e86,0x1e87},
{0x1e87,0x1e86,0x1e87},
{0x1e88,0x1e88,0x1e89},
{0x1e89,0x1e88,0x1e89},
{0x1e8a,0x1e8a,0x1e8b},
{0x1e8b,0x1e8a,0x1e8b},
{0x1e8c,0x1e8c,0x1e8d},
{0x1e8d,0x1e8c,0x1e8d},
{0x1e8e,0x1e8e,0x1e8f},
{0x1e8f,0x1e8e,0x1e8f},
{0x1e90,0x1e90,0x1e91},
{0x1e91,0x1e90,0x1e91},
{0x1e92,0x1e92,0x1e93},
{0x1e93,0x1e92,0x1e93},
{0x1e94,0x1e94,0x1e95},
{0x1e95,0x1e94,0x1e95},
{0x1e9b,0x1e60,0x1e9b},
{0x1e9e,0x1e9e,0xdf},
{0x1ea0,0x1ea0,0x1ea1},
{0x1ea1,0x1ea0,0x1ea1},
{0x1ea2,0x1ea2,0x1ea3},
{0x1ea3,0x1ea2,0x1ea3},
{0x1ea4,0x1ea4,0x1ea5},
{0x1ea5,0x1ea4,0x1ea5},
{0x1ea6,0x1ea6,0x1ea7},
{0x1ea7,0x1ea6,0x1ea7},
{0x1ea8,0x1ea8,0x1ea9},
{0x1ea9,0x1ea8,0x1ea9},
{0x1eaa,0x1eaa,0x1eab},
{0x1eab,0x1eaa,0x1eab},
{0x1eac,0x1eac,0x1ead},
{0x1ead,0x1eac,0x1ead},
{0x1eae,0x1eae,0x1eaf},
{0x1eaf,0x1eae,0x1eaf},
{0x1eb0,0x1eb0,0x1eb1},
{0x1eb1,0x1eb0,0x1eb1},
{0x1eb2,0x1eb2,0x1eb3},
{0x1eb3,0x1eb2,0x1eb3},
{0x1eb4,0x1eb4,0x1eb5},
{0x1eb5,0x1eb4,0x1eb5},
{0x1eb6,0x1eb6,0x1eb7},
{0x1eb7,0x1eb6,0x1eb7},
{0x1eb8,0x1eb8,0x1eb9},
{0x1eb9,0x1eb8,0x1eb9},
{0x1eba,0x1eba,0x1ebb},
{0x1ebb,0x1eba,0x1ebb},
{0x1ebc,0x1ebc,0x1ebd},
{0x1ebd,0x1ebc,0x1ebd},
{0x1ebe,0x1ebe,0x1ebf},
{0x1ebf,0x1ebe,0x1ebf},
{0x1ec0,0x1ec0,0x1ec1},
{0x1ec1,0x1ec0,0x1ec1},
{0x1ec2,0x1ec2,0x1ec3},
{0x1ec3,0x1ec2,0x1ec3},
{0x1ec4,0x1ec4,0x1ec5},
{0x1ec5,0x1ec4,0x1ec5},
{0x1ec6,0x1ec6,0x1ec7},
{0x1ec7,0x1ec6,0x1ec7},
{0x1ec8,0x1ec8,0x1ec9},
{0x1ec9,0x1ec8,0x1ec9},
{0x1eca,0x1eca,0x1ecb},
{0x1ecb,0x1eca,0x1ecb},
{0x1ecc,0x1ecc,0x1ecd},
{0x1ecd,0x1ecc,0x1ecd},
{0x1ece,0x1ece,0x1ecf},
{0x1ecf,0x1ece,0x1ecf},
{0x1ed0,0x1ed0,0x1ed1},
{0x1ed1,0x1ed0,0x1ed1},
{0x1ed2,0x1ed2,0x1ed3},
{0x1ed3,0x1ed2,0x1ed3},
{0x1ed4,0x1ed4,0x1ed5},
{0x1ed5,0x1ed4,0x1ed5},
{0x1ed6,0x1ed6,0x1ed7},
{0x1ed7,0x1ed6,0x1ed7},
{0x1ed8,0x1ed8,0x1ed9},
{0x1ed9,0x1ed8,0x1ed9},
{0x1eda,0x1eda,0x1edb},
{0x1edb,0x1eda,0x1edb},
{0x1edc,0x1edc,0x1edd},
{0x1edd,0x1edc,0x1edd},
{0x1ede,0x1ede,0x1edf},
{0x1edf,0x1ede,0x1edf},
{0x1ee0,0x1ee0,0x1ee1},
{0x1ee1,0x1ee0,0x1ee1},
{0x1ee2,0x1ee2,0x1ee3},
{0x1ee3,0x1ee2,0x1ee3},
{0x1ee4,0x1ee4,0x1ee5},
{0x1ee5,0x1ee4,0x1ee5},
{0x1ee6,0x1ee6,0x1ee7},
{0x1ee7,0x1ee6,0x1ee7},
{0x1ee8,0x1ee8,0x1ee9},
{0x1ee9,0x1ee8,0x1ee9},
{0x1eea,0x1eea,0x1eeb},
{0x1eeb,0x1eea,0x1eeb},
{0x1eec,0x1eec,0x1eed},
{0x1eed,0x1eec,0x1eed},
{0x1eee,0x1eee,0x1eef},
{0x1eef,0x1eee,0x1eef},
{0x1ef0,0x1ef0,0x1ef1},
{0x1ef1,0x1ef0,0x1ef1},
{0x1ef2,0x1ef2,0x1ef3},
{0x1ef3,0x1ef2,0x1ef3},
{0x1ef4,0x1ef4,0x1ef5},
{0x1ef5,0x1ef4,0x1ef5},
{0x1ef6,0x1ef6,0x1ef7},
{0x1ef7,0x1ef6,0x1ef7},
{0x1ef8,0x1ef8,0x1ef9},
{0x1ef9,0x1ef8,0x1ef9},
{0x1efa,0x1efa,0x1efb},
{0x1efb,0x1efa,0x1efb},
{0x1efc,0x1efc,0x1efd},
{0x1efd,0x1efc,0x1efd},
{0x1efe,0x1efe,0x1eff},
{0x1eff,0x1efe,0x1eff},
{0x1f00,0x1f08,0x1f00},
{0x1f01,0x1f09,0x1f01},
{0x1f02,0x1f0a,0x1f02},
{0x1f03,0x1f0b,0x1f03},
{0x1f04,0x1f0c,0x1f04},
{0x1f05,0x1f0d,0x1f05},
{0x1f06,0x1f0e,0x1f06},
{0x1f07,0x1f0f,0x1f07},
{0x1f08,0x1f08,0x1f00},
{0x1f09,0x1f09,0x1f01},
{0x1f0a,0x1f0a,0x1f02},
{0x1f0b,0x1f0b,0x1f03},
{0x1f0c,0x1f0c,0x1f04},
{0x1f0d,0x1f0d,0x1f05},
{0x1f0e,0x1f0e,0x1f06},
{0x1f0f,0x1f0f,0x1f07},
{0x1f10,0x1f18,0x1f10},
{0x1f11,0x1f19,0x1f11},
{0x1f12,0x1f1a,0x1f12},
{0x1f13,0x1f1b,0x1f13},
{0x1f14,0x1f1c,0x1f14},
{0x1f15,0x1f1d,0x1f15},
{0x1f18,0x1f18,0x1f10},
{0x1f19,0x1f19,0x1f11},
{0x1f1a,0x1f1a,0x1f12},
{0x1f1b,0x1f1b,0x1f13},
{0x1f1c,0x1f1c,0x1f14},
{0x1f1d,0x1f1d,0x1f15},
{0x1f20,0x1f28,0x1f20},
{0x1f21,0x1f29,0x1f21},
{0x1f22,0x1f2a,0x1f22},
{0x1f23,0x1f2b,0x1f23},
{0x1f24,0x1f2c,0x1f24},
{0x1f25,0x1f2d,0x1f25},
{0x1f26,0x1f2e,0x1f26},
{0x1f27,0x1f2f,0x1f27},
{0x1f28,0x1f28,0x1f20},
{0x1f29,0x1f29,0x1f21},
{0x1f2a,0x1f2a,0x1f22},
{0x1f2b,0x1f2b,0x1f23},
{0x1f2c,0x1f2c,0x1f24},
{0x1f2d,0x1f2d,0x1f25},
{0x1f2e,0x1f2e,0x1f26},
{0x1f2f,0x1f2f,0x1f27},
{0x1f30,0x1f38,0x1f30},
{0x1f31,0x1f39,0x1f31},
{0x1f32,0x1f3a,0x1f32},
{0x1f33,0x1f3b,0x1f33},
{0x1f34,0x1f3c,0x1f34},
{0x1f35,0x1f3d,0x1f35},
{0x1f36,0x1f3e,0x1f36},
{0x1f37,0x1f3f,0x1f37},
{0x1f38,0x1f38,0x1f30},
{0x1f39,0x1f39,0x1f31},
{0x1f3a,0x1f3a,0x1f32},
{0x1f3b,0x1f3b,0x1f33},
{0x1f3c,0x1f3c,0x1f34},
{0x1f3d,0x1f3d,0x1f35},
{0x1f3e,0x1f3e,0x1f36},
{0x1f3f,0x1f3f,0x1f37},
{0x1f40,0x1f48,0x1f40},
{0x1f41,0x1f49,0x1f41},
{0x1f42,0x1f4a,0x1f42},
{0x1f43,0x1f4b,0x1f43},
{0x1f44,0x1f4c,0x1f44},
{0x1f45,0x1f4d,0x1f45},
{0x1f48,0x1f48,0x1f40},
{0x1f49,0x1f49,0x1f41},
{0x1f4a,0x1f4a,0x1f42},
{0x1f4b,0x1f4b,0x1f43},
{0x1f4c,0x1f4c,0x1f44},
{0x1f4d,0x1f4d,0x1f45},
{0x1f51,0x1f59,0x1f51},
{0x1f53,0x1f5b,0x1f53},
{0x1f55,0x1f5d,0x1f55},
{0x1f57,0x1f5f,0x1f57},
{0x1f59,0x1f59,0x1f51},
{0x1f5b,0x1f5b,0x1f53},
{0x1f5d,0x1f5d,0x1f55},
{0x1f5f,0x1f5f,0x1f57},
{0x1f60,0x1f68,0x1f60},
{0x1f61,0x1f69,0x1f61},
{0x1f62,0x1f6a,0x1f62},
{0x1f63,0x1f6b,0x1f63},
{0x1f64,0x1f6c,0x1f64},
{0x1f65,0x1f6d,0x1f65},
{0x1f66,0x1f6e,0x1f66},
{0x1f67,0x1f6f,0x1f67},
{0x1f68,0x1f68,0x1f60},
{0x1f69,0x1f69,0x1f61},
{0x1f6a,0x1f6a,0x1f62},
{0x1f6b,0x1f6b,0x1f63},
{0x1f6c,0x1f6c,0x1f64},
{0x1f6d,0x1f6d,0x1f65},
{0x1f6e,0x1f6e,0x1f66},
{0x1f6f,0x1f6f,0x1f67},
{0x1f70,0x1fba,0x1f70},
{0x1f71,0x1fbb,0x1f71},
{0x1f72,0x1fc8,0x1f72},
{0x1f73,0x1fc9,0x1f73},
{0x1f74,0x1fca,0x1f74},
{0x1f75,0x1fcb,0x1f75},
{0x1f76,0x1fda,0x1f76},
{0x1f77,0x1fdb,0x1f77},
{0x1f78,0x1ff8,0x1f78},
{0x1f79,0x1ff9,0x1f79},
{0x1f7a,0x1fea,0x1f7a},
{0x1f7b,0x1feb,0x1f7b},
{0x1f7c,0x1ffa,0x1f7c},
{0x1f7d,0x1ffb,0x1f7d},
{0x1f80,0x1f88,0x1f80},
{0x1f81,0x1f89,0x1f81},
{0x1f82,0x1f8a,0x1f82},
{0x1f83,0x1f8b,0x1f83},
{0x1f84,0x1f8c,0x1f84},
{0x1f85,0x1f8d,0x1f85},
{0x1f86,0x1f8e,0x1f86},
{0x1f87,0x1f8f,0x1f87},
{0x1f88,0x1f88,0x1f80},
{0x1f89,0x1f89,0x1f81},
{0x1f8a,0x1f8a,0x1f82},
{0x1f8b,0x1f8b,0x1f83},
{0x1f8c,0x1f8c,0x1f84},
{0x1f8d,0x1f8d,0x1f85},
{0x1f8e,0x1f8e,0x1f86},
{0x1f8f,0x1f8f,0x1f87},
{0x1f90,0x1f98,0x1f90},
{0x1f91,0x1f99,0x1f91},
{0x1f92,0x1f9a,0x1f92},
{0x1f93,0x1f9b,0x1f93},
{0x1f94,0x1f9c,0x1f94},
{0x1f95,0x1f9d,0x1f95},
{0x1f96,0x1f9e,0x1f96},
{0x1f97,0x1f9f,0x1f97},
{0x1f98,0x1f98,0x1f90},
{0x1f99,0x1f99,0x1f91},
{0x1f9a,0x1f9a,0x1f92},
{0x1f9b,0x1f9b,0x1f93},
{0x1f9c,0x1f9c,0x1f94},
{0x1f9d,0x1f9d,0x1f95},
{0x1f9e,0x1f9e,0x1f96},
{0x1f9f,0x1f9f,0x1f97},
{0x1fa0,0x1fa8,0x1fa0},
{0x1fa1,0x1fa9,0x1fa1},
{0x1fa2,0x1faa,0x1fa2},
{0x1fa3,0x1fab,0x1fa3},
{0x1fa4,0x1fac,0x1fa4},
{0x1fa5,0x1fad,0x1fa5},
{0x1fa6,0x1fae,0x1fa6},
{0x1fa7,0x1faf,0x1fa7},
{0x1fa8,0x1fa8,0x1fa0},
{0x1fa9,0x1fa9,0x1fa1},
{0x1faa,0x1faa,0x1fa2},
{0x1fab,0x1fab,0x1fa3},
{0x1fac,0x1fac,0x1fa4},
{0x1fad,0x1fad,0x1fa5},
{0x1fae,0x1fae,0x1fa6},
{0x1faf,0x1faf,0x1fa7},
{0x1fb0,0x1fb8,0x1fb0},
{0x1fb1,0x1fb9,0x1fb1},
{0x1fb3,0x1fbc,0x1fb3},
{0x1fb8,0x1fb8,0x1fb0},
{0x1fb9,0x1fb9,0x1fb1},
{0x1fba,0x1fba,0x1f70},
{0x1fbb,0x1fbb,0x1f71},
{0x1fbc,0x1fbc,0x1fb3},
{0x1fbe,0x399,0x1fbe},
{0x1fc3,0x1fcc,0x1fc3},
{0x1fc8,0x1fc8,0x1f72},
{0x1fc9,0x1fc9,0x1f73},
{0x1fca,0x1fca,0x1f74},
{0x1fcb,0x1fcb,0x1f75},
{0x1fcc,0x1fcc,0x1fc3},
{0x1fd0,0x1fd8,0x1fd0},
{0x1fd1,0x1fd9,0x1fd1},
{0x1fd8,0x1fd8,0x1fd0},
{0x1fd9,0x1fd9,0x1fd1},
{0x1fda,0x1fda,0x1f76},
{0x1fdb,0x1fdb,0x1f77},
{0x1fe0,0x1fe8,0x1fe0},
{0x1fe1,0x1fe9,0x1fe1},
{0x1fe5,0x1fec,0x1fe5},
{0x1fe8,0x1fe8,0x1fe0},
{0x1fe9,0x1fe9,0x1fe1},
{0x1fea,0x1fea,0x1f7a},
{0x1feb,0x1feb,0x1f7b},
{0x1fec,0x1fec,0x1fe5},
{0x1ff3,0x1ffc,0x1ff3},
{0x1ff8,0x1ff8,0x1f78},
{0x1ff9,0x1ff9,0x1f79},
{0x1ffa,0x1ffa,0x1f7c},
{0x1ffb,0x1ffb,0x1f7d},
{0x1ffc,0x1ffc,0x1ff3},
{0x2126,0x2126,0x3c9},
{0x212a,0x212a,0x6b},
{0x212b,0x212b,0xe5},
{0x2132,0x2132,0x214e},
{0x214e,0x2132,0x214e},
{0x2160,0x2160,0x2170},
{0x2161,0x2161,0x2171},
{0x2162,0x2162,0x2172},
{0x2163,0x2163,0x2173},
{0x2164,0x2164,0x2174},
{0x2165,0x2165,0x2175},
{0x2166,0x2166,0x2176},
{0x2167,0x2167,0x2177},
{0x2168,0x2168,0x2178},
{0x2169,0x2169,0x2179},
{0x216a,0x216a,0x217a},
{0x216b,0x216b,0x217b},
{0x216c,0x216c,0x217c},
{0x216d,0x216d,0x217d},
{0x216e,0x216e,0x217e},
{0x216f,0x216f,0x217f},
{0x2170,0x2160,0x2170},
{0x2171,0x2161,0x2171},
{0x2172,0x2162,0x2172},
{0x2173,0x2163,0x2173},
{0x2174,0x2164,0x2174},
{0x2175,0x2165,0x2175},
{0x2176,0x2166,0x2176},
{0x2177,0x2167,0x2177},
{0x2178,0x2168,0x2178},
{0x2179,0x2169,0x2179},
{0x217a,0x216a,0x217a},
{0x217b,0x216b,0x217b},
{0x217c,0x216c,0x217c},
{0x217d,0x216d,0x217d},
{0x217e,0x216e,0x217e},
{0x217f,0x216f,0x217f},
{0x2183,0x2183,0x2184},
{0x2184,0x2183,0x2184},
{0x24b6,0x24b6,0x24d0},
{0x24b7,0x24b7,0x24d1},
{0x24b8,0x24b8,0x24d2},
{0x24b9,0x24b9,0x24d3},
{0x24ba,0x24ba,0x24d4},
{0x24bb,0x24bb,0x24d5},
{0x24bc,0x24bc,0x24d6},
{0x24bd,0x24bd,0x24d7},
{0x24be,0x24be,0x24d8},
{0x24bf,0x24bf,0x24d9},
{0x24c0,0x24c0,0x24da},
{0x24c1,0x24c1,0x24db},
{0x24c2,0x24c2,0x24dc},
{0x24c3,0x24c3,0x24dd},
{0x24c4,0x24c4,0x24de},
{0x24c5,0x24c5,0x24df},
{0x24c6,0x24c6,0x24e0},
{0x24c7,0x24c7,0x24e1},
{0x24c8,0x24c8,0x24e2},
{0x24c9,0x24c9,0x24e3},
{0x24ca,0x24ca,0x24e4},
{0x24cb,0x24cb,0x24e5},
{0x24cc,0x24cc,0x24e6},
{0x24cd,0x24cd,0x24e7},
{0x24ce,0x24ce,0x24e8},
{0x24cf,0x24cf,0x24e9},
{0x24d0,0x24b6,0x24d0},
{0x24d1,0x24b7,0x24d1},
{0x24d2,0x24b8,0x24d2},
{0x24d3,0x24b9,0x24d3},
{0x24d4,0x24ba,0x24d4},
{0x24d5,0x24bb,0x24d5},
{0x24d6,0x24bc,0x24d6},
{0x24d7,0x24bd,0x24d7},
{0x24d8,0x24be,0x24d8},
{0x24d9,0x24bf,0x24d9},
{0x24da,0x24c0,0x24da},
{0x24db,0x24c1,0x24db},
{0x24dc,0x24c2,0x24dc},
{0x24dd,0x24c3,0x24dd},
{0x24de,0x24c4,0x24de},
{0x24df,0x24c5,0x24df},
{0x24e0,0x24c6,0x24e0},
{0x24e1,0x24c7,0x24e1},
{0x24e2,0x24c8,0x24e2},
{0x24e3,0x24c9,0x24e3},
{0x24e4,0x24ca,0x24e4},
{0x24e5,0x24cb,0x24e5},
{0x24e6,0x24cc,0x24e6},
{0x24e7,0x24cd,0x24e7},
{0x24e8,0x24ce,0x24e8},
{0x24e9,0x24cf,0x24e9},
{0x2c00,0x2c00,0x2c30},
{0x2c01,0x2c01,0x2c31},
{0x2c02,0x2c02,0x2c32},
{0x2c03,0x2c03,0x2c33},
{0x2c04,0x2c04,0x2c34},
{0x2c05,0x2c05,0x2c35},
{0x2c06,0x2c06,0x2c36},
{0x2c07,0x2c07,0x2c37},
{0x2c08,0x2c08,0x2c38},
{0x2c09,0x2c09,0x2c39},
{0x2c0a,0x2c0a,0x2c3a},
{0x2c0b,0x2c0b,0x2c3b},
{0x2c0c,0x2c0c,0x2c3c},
{0x2c0d,0x2c0d,0x2c3d},
{0x2c0e,0x2c0e,0x2c3e},
{0x2c0f,0x2c0f,0x2c3f},
{0x2c10,0x2c10,0x2c40},
{0x2c11,0x2c11,0x2c41},
{0x2c12,0x2c12,0x2c42},
{0x2c13,0x2c13,0x2c43},
{0x2c14,0x2c14,0x2c44},
{0x2c15,0x2c15,0x2c45},
{0x2c16,0x2c16,0x2c46},
{0x2c17,0x2c17,0x2c47},
{0x2c18,0x2c18,0x2c48},
{0x2c19,0x2c19,0x2c49},
{0x2c1a,0x2c1a,0x2c4a},
{0x2c1b,0x2c1b,0x2c4b},
{0x2c1c,0x2c1c,0x2c4c},
{0x2c1d,0x2c1d,0x2c4d},
{0x2c1e,0x2c1e,0x2c4e},
{0x2c1f,0x2c1f,0x2c4f},
{0x2c20,0x2c20,0x2c50},
{0x2c21,0x2c21,0x2c51},
{0x2c22,0x2c22,0x2c52},
{0x2c23,0x2c23,0x2c53},
{0x2c24,0x2c24,0x2c54},
{0x2c25,0x2c25,0x2c55},
{0x2c26,0x2c26,0x2c56},
{0x2c27,0x2c27,0x2c57},
{0x2c28,0x2c28,0x2c58},
{0x2c29,0x2c29,0x2c59},
{0x2c2a,0x2c2a,0x2c5a},
{0x2c2b,0x2c2b,0x2c5b},
{0x2c2c,0x2c2c,0x2c5c},
{0x2c2d,0x2c2d,0x2c5d},
{0x2c2e,0x2c2e,0x2c5e},
{0x2c2f,0x2c2f,0x2c5f},
{0x2c30,0x2c00,0x2c30},
{0x2c31,0x2c01,0x2c31},
{0x2c32,0x2c02,0x2c32},
{0x2c33,0x2c03,0x2c33},
{0x2c34,0x2c04,0x2c34},
{0x2c35,0x2c05,0x2c35},
{0x2c36,0x2c06,0x2c36},
{0x2c37,0x2c07,0x2c37},
{0x2c38,0x2c08,0x2c38},
{0x2c39,0x2c09,0x2c39},
{0x2c3a,0x2c0a,0x2c3a},
{0x2c3b,0x2c0b,0x2c3b},
{0x2c3c,0x2c0c,0x2c3c},
{0x2c3d,0x2c0d,0x2c3d},
{0x2c3e,0x2c0e,0x2c3e},
{0x2c3f,0x2c0f,0x2c3f},
{0x2c40,0x2c10,0x2c40},
{0x2c41,0x2c11,0x2c41},
{0x2c42,0x2c12,0x2c42},
{0x2c43,0x2c13,0x2c43},
{0x2c44,0x2c14,0x2c44},
{0x2c45,0x2c15,0x2c45},
{0x2c46,0x2c16,0x2c46},
{0x2c47,0x2c17,0x2c47},
{0x2c48,0x2c18,0x2c48},
{0x2c49,0x2c19,0x2c49},
{0x2c4a,0x2c1a,0x2c4a},
{0x2c4b,0x2c1b,0x2c4b},
{0x2c4c,0x2c1c,0x2c4c},
{0x2c4d,0x2c1d,0x2c4d},
{0x2c4e,0x2c1e,0x2c4e},
{0x2c4f,0x2c1f,0x2c4f},
{0x2c50,0x2c20,0x2c50},
{0x2c51,0x2c21,0x2c51},
{0x2c52,0x2c22,0x2c52},
{0x2c53,0x2c23,0x2c53},
{0x2c54,0x2c24,0x2c54},
{0x2c55,0x2c25,0x2c55},
{0x2c56,0x2c26,0x2c56},
{0x2c57,0x2c27,0x2c57},
{0x2c58,0x2c28,0x2c58},
{0x2c59,0x2c29,0x2c59},
{0x2c5a,0x2c2a,0x2c5a},
{0x2c5b,0x2c2b,0x2c5b},
{0x2c5c,0x2c2c,0x2c5c},
{0x2c5d,0x2c2d,0x2c5d},
{0x2c5e,0x2c2e,0x2c5e},
{0x2c5f,0x2c2f,0x2c5f},
{0x2c60,0x2c60,0x2c61},
{0x2c61,0x2c60,0x2c61},
{0x2c62,0x2c62,0x26b},
{0x2c63,0x2c63,0x1d7d},
{0x2c64,0x2c64,0x27d},
{0x2c65,0x23a,0x2c65},
{0x2c66,0x23e,0x2c66},
{0x2c67,0x2c67,0x2c68},
{0x2c68,0x2c67,0x2c68},
{0x2c69,0x2c69,0x2c6a},
{0x2c6a,0x2c69,0x2c6a},
{0x2c6b,0x2c6b,0x2c6c},
{0x2c6c,0x2c6b,0x2c6c},
{0x2c6d,0x2c6d,0x251},
{0x2c6e,0x2c6e,0x271},
{0x2c6f,0x2c6f,0x250},
{0x2c70,0x2c70,0x252},
{0x2c72,0x2c72,0x2c73},
{0x2c73,0x2c72,0x2c73},
{0x2c75,0x2c75,0x2c76},
{0x2c76,0x2c75,0x2c76},
{0x2c7e,0x2c7e,0x23f},
{0x2c7f,0x2c7f,0x240},
{0x2c80,0x2c80,0x2c81},
{0x2c81,0x2c80,0x2c81},
{0x2c82,0x2c82,0x2c83},
{0x2c83,0x2c82,0x2c83},
{0x2c84,0x2c84,0x2c85},
{0x2c85,0x2c84,0x2c85},
{0x2c86,0x2c86,0x2c87},
{0x2c87,0x2c86,0x2c87},
{0x2c88,0x2c88,0x2c89},
{0x2c89,0x2c88,0x2c89},
{0x2c8a,0x2c8a,0x2c8b},
{0x2c8b,0x2c8a,0x2c8b},
{0x2c8c,0x2c8c,0x2c8d},
{0x2c8d,0x2c8c,0x2c8d},
{0x2c8e,0x2c8e,0x2c8f},
{0x2c8f,0x2c8e,0x2c8f},
{0x2c90,0x2c90,0x2c91},
{0x2c91,0x2c90,0x2c91},
{0x2c92,0x2c92,0x2c93},
{0x2c93,0x2c92,0x2c93},
{0x2c94,0x2c94,0x2c95},
{0x2c95,0x2c94,0x2c95},
{0x2c96,0x2c96,0x2c97},
{0x2c97,0x2c96,0x2c97},
{0x2c98,0x2c98,0x2c99},
{0x2c99,0x2c98,0x2c99},
{0x2c9a,0x2c9a,0x2c9b},
{0x2c9b,0x2c9a,0x2c9b},
{0x2c9c,0x2c9c,0x2c9d},
{0x2c9d,0x2c9c,0x2c9d},
{0x2c9e,0x2c9e,0x2c9f},
{0x2c9f,0x2c9e,0x2c9f},
{0x2ca0,0x2ca0,0x2ca1},
{0x2ca1,0x2ca0,0x2ca1},
{0x2ca2,0x2ca2,0x2ca3},
{0x2ca3,0x2ca2,0x2ca3},
{0x2ca4,0x2ca4,0x2ca5},
{0x2ca5,0x2ca4,0x2ca5},
{0x2ca6,0x2ca6,0x2ca7},
{0x2ca7,0x2ca6,0x2ca7},
{0x2ca8,0x2ca8,0x2ca9},
{0x2ca9,0x2ca8,0x2ca9},
{0x2caa,0x2caa,0x2cab},
{0x2cab,0x2caa,0x2cab},
{0x2cac,0x2cac,0x2cad},
{0x2cad,0x2cac,0x2cad},
{0x2cae,0x2cae,0x2caf},
{0x2caf,0x2cae,0x2caf},
{0x2cb0,0x2cb0,0x2cb1},
{0x2cb1,0x2cb0,0x2cb1},
{0x2cb2,0x2cb2,0x2cb3},
{0x2cb3,0x2cb2,0x2cb3},
{0x2cb4,0x2cb4,0x2cb5},
{0x2cb5,0x2cb4,0x2cb5},
{0x2cb6,0x2cb6,0x2cb7},
{0x2cb7,0x2cb6,0x2cb7},
{0x2cb8,0x2cb8,0x2cb9},
{0x2cb9,0x2cb8,0x2cb9},
{0x2cba,0x2cba,0x2cbb},
{0x2cbb,0x2cba,0x2cbb},
{0x2cbc,0x2cbc,0x2cbd},
{0x2cbd,0x2cbc,0x2cbd},
{0x2cbe,0x2cbe,0x2cbf},
{0x2cbf,0x2cbe,0x2cbf},
{0x2cc0,0x2cc0,0x2cc1},
{0x2cc1,0x2cc0,0x2cc1},
{0x2cc2,0x2cc2,0x2cc3},
{0x2cc3,0x2cc2,0x2cc3},
{0x2cc4,0x2cc4,0x2cc5},
{0x2cc5,0x2cc4,0x2cc5},
{0x2cc6,0x2cc6,0x2cc7},
{0x2cc7,0x2cc6,0x2cc7},
{0x2cc8,0x2cc8,0x2cc9},
{0x2cc9,0x2cc8,0x2cc9},
{0x2cca,0x2cca,0x2ccb},
{0x2ccb,0x2cca,0x2ccb},
{0x2ccc,0x2ccc,0x2ccd},
{0x2ccd,0x2ccc,0x2ccd},
{0x2cce,0x2cce,0x2ccf},
{0x2ccf,0x2cce,0x2ccf},
{0x2cd0,0x2cd0,0x2cd1},
{0x2cd1,0x2cd0,0x2cd1},
{0x2cd2,0x2cd2,0x2cd3},
{0x2cd3,0x2cd2,0x2cd3},
{0x2cd4,0x2cd4,0x2cd5},
{0x2cd5,0x2cd4,0x2cd5},
{0x2cd6,0x2cd6,0x2cd7},
{0x2cd7,0x2cd6,0x2cd7},
{0x2cd8,0x2cd8,0x2cd9},
{0x2cd9,0x2cd8,0x2cd9},
{0x2cda,0x2cda,0x2cdb},
{0x2cdb,0x2cda,0x2cdb},
{0x2cdc,0x2cdc,0x2cdd},
{0x2cdd,0x2cdc,0x2cdd},
{0x2cde,0x2cde,0x2cdf},
{0x2cdf,0x2cde,0x2cdf},
{0x2ce0,0x2ce0,0x2ce1},
{0x2ce1,0x2ce0,0x2ce1},
{0x2ce2,0x2ce2,0x2ce3},
{0x2ce3,0x2ce2,0x2ce3},
{0x2ceb,0x2ceb,0x2cec},
{0x2cec,0x2ceb,0x2cec},
{0x2ced,0x2ced,0x2cee},
{0x2cee,0x2ced,0x2cee},
{0x2cf2,0x2cf2,0x2cf3},
{0x2cf3,0x2cf2,0x2cf3},
{0x2d00,0x10a0,0x2d00},
{0x2d01,0x10a1,0x2d01},
{0x2d02,0x10a2,0x2d02},
{0x2d03,0x10a3,0x2d03},
{0x2d04,0x10a4,0x2d04},
{0x2d05,0x10a5,0x2d05},
{0x2d06,0x10a6,0x2d06},
{0x2d07,0x10a7,0x2d07},
{0x2d08,0x10a8,0x2d08},
{0x2d09,0x10a9,0x2d09},
{0x2d0a,0x10aa,0x2d0a},
{0x2d0b,0x10ab,0x2d0b},
{0x2d0c,0x10ac,0x2d0c},
{0x2d0d,0x10ad,0x2d0d},
{0x2d0e,0x10ae,0x2d0e},
{0x2d0f,0x10af,0x2d0f},
{0x2d10,0x10b0,0x2d10},
{0x2d11,0x10b1,0x2d11},
{0x2d12,0x10b2,0x2d12},
{0x2d13,0x10b3,0x2d13},
{0x2d14,0x10b4,0x2d14},
{0x2d15,0x10b5,0x2d15},
{0x2d16,0x10b6,0x2d16},
{0x2d17,0x10b7,0x2d17},
{0x2d18,0x10b8,0x2d18},
{0x2d19,0x10b9,0x2d19},
{0x2d1a,0x10ba,0x2d1a},
{0x2d1b,0x10bb,0x2d1b},
{0x2d1c,0x10bc,0x2d1c},
{0x2d1d,0x10bd,0x2d1d},
{0x2d1e,0x10be,0x2d1e},
{0x2d1f,0x10bf,0x2d1f},
{0x2d20,0x10c0,0x2d20},
{0x2d21,0x10c1,0x2d21},
{0x2d22,0x10c2,0x2d22},
{0x2d23,0x10c3,0x2d23},
{0x2d24,0x10c4,0x2d24},
{0x2d25,0x10c5,0x2d25},
{0x2d27,0x10c7,0x2d27},
{0x2d2d,0x10cd,0x2d2d},
{0xa640,0xa640,0xa641},
{0xa641,0xa640,0xa641},
{0xa642,0xa642,0xa643},
{0xa643,0xa642,0xa643},
{0xa644,0xa644,0xa645},
{0xa645,0xa644,0xa645},
{0xa646,0xa646,0xa647},
{0xa647,0xa646,0xa647},
{0xa648,0xa648,0xa649},
{0xa649,0xa648,0xa649},
{0xa64a,0xa64a,0xa64b},
{0xa64b,0xa64a,0xa64b},
{0xa64c,0xa64c,0xa64d},
{0xa64d,0xa64c,0xa64d},
{0xa64e,0xa64e,0xa64f},
{0xa64f,0xa64e,0xa64f},
{0xa650,0xa650,0xa651},
{0xa651,0xa650,0xa651},
{0xa652,0xa652,0xa653},
{0xa653,0xa652,0xa653},
{0xa654,0xa654,0xa655},
{0xa655,0xa654,0xa655},
{0xa656,0xa656,0xa657},
{0xa657,0xa656,0xa657},
{0xa658,0xa658,0xa659},
{0xa659,0xa658,0xa659},
{0xa65a,0xa65a,0xa65b},
{0xa65b,0xa65a,0xa65b},
{0xa65c,0xa65c,0xa65d},
{0xa65d,0xa65c,0xa65d},
{0xa65e,0xa65e,0xa65f},
{0xa65f,0xa65e,0xa65f},
{0xa660,0xa660,0xa661},
{0xa661,0xa660,0xa661},
{0xa662,0xa662,0xa663},
{0xa663,0xa662,0xa663},
{0xa664,0xa664,0xa665},
{0xa665,0xa664,0xa665},
{0xa666,0xa666,0xa667},
{0xa667,0xa666,0xa667},
{0xa668,0xa668,0xa669},
{0xa669,0xa668,0xa669},
{0xa66a,0xa66a,0xa66b},
{0xa66b,0xa66a,0xa66b},
{0xa66c,0xa66c,0xa66d},
{0xa66d,0xa66c,0xa66d},
{0xa680,0xa680,0xa681},
{0xa681,0xa680,0xa681},
{0xa682,0xa682,0xa683},
{0xa683,0xa682,0xa683},
{0xa684,0xa684,0xa685},
{0xa685,0xa684,0xa685},
{0xa686,0xa686,0xa687},
{0xa687,0xa686,0xa687},
{0xa688,0xa688,0xa689},
{0xa689,0xa688,0xa689},
{0xa68a,0xa68a,0xa68b},
{0xa68b,0xa68a,0xa68b},
{0xa68c,0xa68c,0xa68d},
{0xa68d,0xa68c,0xa68d},
{0xa68e,0xa68e,0xa68f},
{0xa68f,0xa68e,0xa68f},
{0xa690,0xa690,0xa691},
{0xa691,0xa690,0xa691},
{0xa692,0xa692,0xa693},
{0xa693,0xa692,0xa693},
{0xa694,0xa694,0xa695},
{0xa695,0xa694,0xa695},
{0xa696,0xa696,0xa697},
{0xa697,0xa696,0xa697},
{0xa698,0xa698,0xa699},
{0xa699,0xa698,0xa699},
{0xa69a,0xa69a,0xa69b},
{0xa69b,0xa69a,0xa69b},
{0xa722,0xa722,0xa723},
{0xa723,0xa722,0xa723},
{0xa724,0xa724,0xa725},
{0xa725,0xa724,0xa725},
{0xa726,0xa726,0xa727},
{0xa727,0xa726,0xa727},
{0xa728,0xa728,0xa729},
{0xa729,0xa728,0xa729},
{0xa72a,0xa72a,0xa72b},
{0xa72b,0xa72a,0xa72b},
{0xa72c,0xa72c,0xa72d},
{0xa72d,0xa72c,0xa72d},
{0xa72e,0xa72e,0xa72f},
{0xa72f,0xa72e,0xa72f},
{0xa732,0xa732,0xa733},
{0xa733,0xa732,0xa733},
{0xa734,0xa734,0xa735},
{0xa735,0xa734,0xa735},
{0xa736,0xa736,0xa737},
{0xa737,0xa736,0xa737},
{0xa738,0xa738,0xa739},
{0xa739,0xa738,0xa739},
{0xa73a,0xa73a,0xa73b},
{0xa73b,0xa73a,0xa73b},
{0xa73c,0xa73c,0xa73d},
{0xa73d,0xa73c,0xa73d},
{0xa73e,0xa73e,0xa73f},
{0xa73f,0xa73e,0xa73f},
{0xa740,0xa740,0xa741},
{0xa741,0xa740,0xa741},
{0xa742,0xa742,0xa743},
{0xa743,0xa742,0xa743},
{0xa744,0xa744,0xa745},
{0xa745,0xa744,0xa745},
{0xa746,0xa746,0xa747},
{0xa747,0xa746,0xa747},
{0xa748,0xa748,0xa749},
{0xa749,0xa748,0xa749},
{0xa74a,0xa74a,0xa74b},
{0xa74b,0xa74a,0xa74b},
{0xa74c,0xa74c,0xa74d},
{0xa74d,0xa74c,0xa74d},
{0xa74e,0xa74e,0xa74f},
{0xa74f,0xa74e,0xa74f},
{0xa750,0xa750,0xa751},
{0xa751,0xa750,0xa751},
{0xa752,0xa752,0xa753},
{0xa753,0xa752,0xa753},
{0xa754,0xa754,0xa755},
{0xa755,0xa754,0xa755},
{0xa756,0xa756,0xa757},
{0xa757,0xa756,0xa757},
{0xa758,0xa758,0xa759},
{0xa759,0xa758,0xa759},
{0xa75a,0xa75a,0xa75b},
{0xa75b,0xa75a,0xa75b},
{0xa75c,0xa75c,0xa75d},
{0xa75d,0xa75c,0xa75d},
{0xa75e,0xa75e,0xa75f},
{0xa75f,0xa75e,0xa75f},
{0xa760,0xa760,0xa761},
{0xa761,0xa760,0xa761},
{0xa762,0xa762,0xa763},
{0xa763,0xa762,0xa763},
{0xa764,0xa764,0xa765},
{0xa765,0xa764,0xa765},
{0xa766,0xa766,0xa767},
{0xa767,0xa766,0xa767},
{0xa768,0xa768,0xa769},
{0xa769,0xa768,0xa769},
{0xa76a,0xa76a,0xa76b},
{0xa76b,0xa76a,0xa76b},
{0xa76c,0xa76c,0xa76d},
{0xa76d,0xa76c,0xa76d},
{0xa76e,0xa76e,0xa76f},
{0xa76f,0xa76e,0xa76f},
{0xa779,0xa779,0xa77a},
{0xa77a,0xa779,0xa77a},
{0xa77b,0xa77b,0xa77c},
{0xa77c,0xa77b,0xa77c},
{0xa77d,0xa77d,0x1d79},
{0xa77e,0xa77e,0xa77f},
{0xa77f,0xa77e,0xa77f},
{0xa780,0xa780,0xa781},
{0xa781,0xa780,0xa781},
{0xa782,0xa782,0xa783},
{0xa783,0xa782,0xa783},
{0xa784,0xa784,0xa785},
{0xa785,0xa784,0xa785},
{0xa786,0xa786,0xa787},
{0xa787,0xa786,0xa787},
{0xa78b,0xa78b,0xa78c},
{0xa78c,0xa78b,0xa78c},
{0xa78d,0xa78d,0x265},
{0xa790,0xa790,0xa791},
{0xa791,0xa790,0xa791},
{0xa792,0xa792,0xa793},
{0xa793,0xa792,0xa793},
{0xa794,0xa7c4,0xa794},
{0xa796,0xa796,0xa797},
{0xa797,0xa796,0xa797},
{0xa798,0xa798,0xa799},
{0xa799,0xa798,0xa799},
{0xa79a,0xa79a,0xa79b},
{0xa79b,0xa79a,0xa79b},
{0xa79c,0xa79c,0xa79d},
{0xa79d,0xa79c,0xa79d},
{0xa79e,0xa79e,0xa79f},
{0xa79f,0xa79e,0xa79f},
{0xa7a0,0xa7a0,0xa7a1},
{0xa7a1,0xa7a0,0xa7a1},
{0xa7a2,0xa7a2,0xa7a3},
{0xa7a3,0xa7a2,0xa7a3},
{0xa7a4,0xa7a4,0xa7a5},
{0xa7a5,0xa7a4,0xa7a5},
{0xa7a6,0xa7a6,0xa7a7},
{0xa7a7,0xa7a6,0xa7a7},
{0xa7a8,0xa7a8,0xa7a9},
{0xa7a9,0xa7a8,0xa7a9},
{0xa7aa,0xa7aa,0x266},
{0xa7ab,0xa7ab,0x25c},
{0xa7ac,0xa7ac,0x261},
{0xa7ad,0xa7ad,0x26c},
{0xa7ae,0xa7ae,0x26a},
{0xa7b0,0xa7b0,0x29e},
{0xa7b1,0xa7b1,0x287},
{0xa7b2,0xa7b2,0x29d},
{0xa7b3,0xa7b3,0xab53},
{0xa7b4,0xa7b4,0xa7b5},
{0xa7b5,0xa7b4,0xa7b5},
{0xa7b6,0xa7b6,0xa7b7},
{0xa7b7,0xa7b6,0xa7b7},
{0xa7b8,0xa7b8,0xa7b9},
{0xa7b9,0xa7b8,0xa7b9},
{0xa7ba,0xa7ba,0xa7bb},
{0xa7bb,0xa7ba,0xa7bb},
{0xa7bc,0xa7bc,0xa7bd},
{0xa7bd,0xa7bc,0xa7bd},
{0xa7be,0xa7be,0xa7bf},
{0xa7bf,0xa7be,0xa7bf},
{0xa7c0,0xa7c0,0xa7c1},
{0xa7c1,0xa7c0,0xa7c1},
{0xa7c2,0xa7c2,0xa7c3},
{0xa7c3,0xa7c2,0xa7c3},
{0xa7c4,0xa7c4,0xa794},
{0xa7c5,0xa7c5,0x282},
{0xa7c6,0xa7c6,0x1d8e},
{0xa7c7,0xa7c7,0xa7c8},
{0xa7c8,0xa7c7,0xa7c8},
{0xa7c9,0xa7c9,0xa7ca},
{0xa7ca,0xa7c9,0xa7ca},
{0xa7d0,0xa7d0,0xa7d1},
{0xa7d1,0xa7d0,0xa7d1},
{0xa7d6,0xa7d6,0xa7d7},
{0xa7d7,0xa7d6,0xa7d7},
{0xa7d8,0xa7d8,0xa7d9},
{0xa7d9,0xa7d8,0xa7d9},
{0xa7f5,0xa7f5,0xa7f6},
{0xa7f6,0xa7f5,0xa7f6},
{0xab53,0xa7b3,0xab53},
{0xab70,0x13a0,0xab70},
{0xab71,0x13a1,0xab71},
{0xab72,0x13a2,0xab72},
{0xab73,0x13a3,0xab73},
{0xab74,0x13a4,0xab74},
{0xab75,0x13a5,0xab75},
{0xab76,0x13a6,0xab76},
{0xab77,0x13a7,0xab77},
{0xab78,0x13a8,0xab78},
{0xab79,0x13a9,0xab79},
{0xab7a,0x13aa,0xab7a},
{0xab7b,0x13ab,0xab7b},
{0xab7c,0x13ac,0xab7c},
{0xab7d,0x13ad,0xab7d},
{0xab7e,0x13ae,0xab7e},
{0xab7f,0x13af,0xab7f},
{0xab80,0x13b0,0xab80},
{0xab81,0x13b1,0xab81},
{0xab82,0x13b2,0xab82},
{0xab83,0x13b3,0xab83},
{0xab84,0x13b4,0xab84},
{0xab85,0x13b5,0xab85},
{0xab86,0x13b6,0xab86},
{0xab87,0x13b7,0xab87},
{0xab88,0x13b8,0xab88},
{0xab89,0x13b9,0xab89},
{0xab8a,0x13ba,0xab8a},
{0xab8b,0x13bb,0xab8b},
{0xab8c,0x13bc,0xab8c},
{0xab8d,0x13bd,0xab8d},
{0xab8e,0x13be,0xab8e},
{0xab8f,0x13bf,0xab8f},
{0xab90,0x13c0,0xab90},
{0xab91,0x13c1,0xab91},
{0xab92,0x13c2,0xab92},
{0xab93,0x13c3,0xab93},
{0xab94,0x13c4,0xab94},
{0xab95,0x13c5,0xab95},
{0xab96,0x13c6,0xab96},
{0xab97,0x13c7,0xab97},
{0xab98,0x13c8,0xab98},
{0xab99,0x13c9,0xab99},
{0xab9a,0x13ca,0xab9a},
{0xab9b,0x13cb,0xab9b},
{0xab9c,0x13cc,0xab9c},
{0xab9d,0x13cd,0xab9d},
{0xab9e,0x13ce,0xab9e},
{0xab9f,0x13cf,0xab9f},
{0xaba0,0x13d0,0xaba0},
{0xaba1,0x13d1,0xaba1},
{0xaba2,0x13d2,0xaba2},
{0xaba3,0x13d3,0xaba3},
{0xaba4,0x13d4,0xaba4},
{0xaba5,0x13d5,0xaba5},
{0xaba6,0x13d6,0xaba6},
{0xaba7,0x13d7,0xaba7},
{0xaba8,0x13d8,0xaba8},
{0xaba9,0x13d9,0xaba9},
{0xabaa,0x13da,0xabaa},
{0xabab,0x13db,0xabab},
{0xabac,0x13dc,0xabac},
{0xabad,0x13dd,0xabad},
{0xabae,0x13de,0xabae},
{0xabaf,0x13df,0xabaf},
{0xabb0,0x13e0,0xabb0},
{0xabb1,0x13e1,0xabb1},
{0xabb2,0x13e2,0xabb2},
{0xabb3,0x13e3,0xabb3},
{0xabb4,0x13e4,0xabb4},
{0xabb5,0x13e5,0xabb5},
{0xabb6,0x13e6,0xabb6},
{0xabb7,0x13e7,0xabb7},
{0xabb8,0x13e8,0xabb8},
{0xabb9,0x13e9,0xabb9},
{0xabba,0x13ea,0xabba},
{0xabbb,0x13eb,0xabbb},
{0xabbc,0x13ec,0xabbc},
{0xabbd,0x13ed,0xabbd},
{0xabbe,0x13ee,0xabbe},
{0xabbf,0x13ef,0xabbf},
{0xff21,0xff21,0xff41},
{0xff22,0xff22,0xff42},
{0xff23,0xff23,0xff43},
{0xff24,0xff24,0xff44},
{0xff25,0xff25,0xff45},
{0xff26,0xff26,0xff46},
{0xff27,0xff27,0xff47},
{0xff28,0xff28,0xff48},
{0xff29,0xff29,0xff49},
{0xff2a,0xff2a,0xff4a},
{0xff2b,0xff2b,0xff4b},
{0xff2c,0xff2c,0xff4c},
{0xff2d,0xff2d,0xff4d},
{0xff2e,0xff2e,0xff4e},
{0xff2f,0xff2f,0xff4f},
{0xff30,0xff30,0xff50},
{0xff31,0xff31,0xff51},
{0xff32,0xff32,0xff52},
{0xff33,0xff33,0xff53},
{0xff34,0xff34,0xff54},
{0xff35,0xff35,0xff55},
{0xff36,0xff36,0xff56},
{0xff37,0xff37,0xff57},
{0xff38,0xff38,0xff58},
{0xff39,0xff39,0xff59},
{0xff3a,0xff3a,0xff5a},
{0xff41,0xff21,0xff41},
{0xff42,0xff22,0xff42},
{0xff43,0xff23,0xff43},
{0xff44,0xff24,0xff44},
{0xff45,0xff25,0xff45},
{0xff46,0xff26,0xff46},
{0xff47,0xff27,0xff47},
{0xff48,0xff28,0xff48},
{0xff49,0xff29,0xff49},
{0xff4a,0xff2a,0xff4a},
{0xff4b,0xff2b,0xff4b},
{0xff4c,0xff2c,0xff4c},
{0xff4d,0xff2d,0xff4d},
{0xff4e,0xff2e,0xff4e},
{0xff4f,0xff2f,0xff4f},
{0xff50,0xff30,0xff50},
{0xff51,0xff31,0xff51},
{0xff52,0xff32,0xff52},
{0xff53,0xff33,0xff53},
{0xff54,0xff34,0xff54},
{0xff55,0xff35,0xff55},
{0xff56,0xff36,0xff56},
{0xff57,0xff37,0xff57},
{0xff58,0xff38,0xff58},
{0xff59,0xff39,0xff59},
{0xff5a,0xff3a,0xff5a},
{0x10400,0x10400,0x10428},
{0x10401,0x10401,0x10429},
{0x10402,0x10402,0x1042a},
{0x10403,0x10403,0x1042b},
{0x10404,0x10404,0x1042c},
{0x10405,0x10405,0x1042d},
{0x10406,0x10406,0x1042e},
{0x10407,0x10407,0x1042f},
{0x10408,0x10408,0x10430},
{0x10409,0x10409,0x10431},
{0x1040a,0x1040a,0x10432},
{0x1040b,0x1040b,0x10433},
{0x1040c,0x1040c,0x10434},
{0x1040d,0x1040d,0x10435},
{0x1040e,0x1040e,0x10436},
{0x1040f,0x1040f,0x10437},
{0x10410,0x10410,0x10438},
{0x10411,0x10411,0x10439},
{0x10412,0x10412,0x1043a},
{0x10413,0x10413,0x1043b},
{0x10414,0x10414,0x1043c},
{0x10415,0x10415,0x1043d},
{0x10416,0x10416,0x1043e},
{0x10417,0x10417,0x1043f},
{0x10418,0x10418,0x10440},
{0x10419,0x10419,0x10441},
{0x1041a,0x1041a,0x10442},
{0x1041b,0x1041b,0x10443},
{0x1041c,0x1041c,0x10444},
{0x1041d,0x1041d,0x10445},
{0x1041e,0x1041e,0x10446},
{0x1041f,0x1041f,0x10447},
{0x10420,0x10420,0x10448},
{0x10421,0x10421,0x10449},
{0x10422,0x10422,0x1044a},
{0x10423,0x10423,0x1044b},
{0x10424,0x10424,0x1044c},
{0x10425,0x10425,0x1044d},
{0x10426,0x10426,0x1044e},
{0x10427,0x10427,0x1044f},
{0x10428,0x10400,0x10428},
{0x10429,0x10401,0x10429},
{0x1042a,0x10402,0x1042a},
{0x1042b,0x10403,0x1042b},
{0x1042c,0x10404,0x1042c},
{0x1042d,0x10405,0x1042d},
{0x1042e,0x10406,0x1042e},
{0x1042f,0x10407,0x1042f},
{0x10430,0x10408,0x10430},
{0x10431,0x10409,0x10431},
{0x10432,0x1040a,0x10432},
{0x10433,0x1040b,0x10433},
{0x10434,0x1040c,0x10434},
{0x10435,0x1040d,0x10435},
{0x10436,0x1040e,0x10436},
{0x10437,0x1040f,0x10437},
{0x10438,0x10410,0x10438},
{0x10439,0x10411,0x10439},
{0x1043a,0x10412,0x1043a},
{0x1043b,0x10413,0x1043b},
{0x1043c,0x10414,0x1043c},
{0x1043d,0x10415,0x1043d},
{0x1043e,0x10416,0x1043e},
{0x1043f,0x10417,0x1043f},
{0x10440,0x10418,0x10440},
{0x10441,0x10419,0x10441},
{0x10442,0x1041a,0x10442},
{0x10443,0x1041b,0x10443},
{0x10444,0x1041c,0x10444},
{0x10445,0x1041d,0x10445},
{0x10446,0x1041e,0x10446},
{0x10447,0x1041f,0x10447},
{0x10448,0x10420,0x10448},
{0x10449,0x10421,0x10449},
{0x1044a,0x10422,0x1044a},
{0x1044b,0x10423,0x1044b},
{0x1044c,0x10424,0x1044c},
{0x1044d,0x10425,0x1044d},
{0x1044e,0x10426,0x1044e},
{0x1044f,0x10427,0x1044f},
{0x104b0,0x104b0,0x104d8},
{0x104b1,0x104b1,0x104d9},
{0x104b2,0x104b2,0x104da},
{0x104b3,0x104b3,0x104db},
{0x104b4,0x104b4,0x104dc},
{0x104b5,0x104b5,0x104dd},
{0x104b6,0x104b6,0x104de},
{0x104b7,0x104b7,0x104df},
{0x104b8,0x104b8,0x104e0},
{0x104b9,0x104b9,0x104e1},
{0x104ba,0x104ba,0x104e2},
{0x104bb,0x104bb,0x104e3},
{0x104bc,0x104bc,0x104e4},
{0x104bd,0x104bd,0x104e5},
{0x104be,0x104be,0x104e6},
{0x104bf,0x104bf,0x104e7},
{0x104c0,0x104c0,0x104e8},
{0x104c1,0x104c1,0x104e9},
{0x104c2,0x104c2,0x104ea},
{0x104c3,0x104c3,0x104eb},
{0x104c4,0x104c4,0x104ec},
{0x104c5,0x104c5,0x104ed},
{0x104c6,0x104c6,0x104ee},
{0x104c7,0x104c7,0x104ef},
{0x104c8,0x104c8,0x104f0},
{0x104c9,0x104c9,0x104f1},
{0x104ca,0x104ca,0x104f2},
{0x104cb,0x104cb,0x104f3},
{0x104cc,0x104cc,0x104f4},
{0x104cd,0x104cd,0x104f5},
{0x104ce,0x104ce,0x104f6},
{0x104cf,0x104cf,0x104f7},
{0x104d0,0x104d0,0x104f8},
{0x104d1,0x104d1,0x104f9},
{0x104d2,0x104d2,0x104fa},
{0x104d3,0x104d3,0x104fb},
{0x104d8,0x104b0,0x104d8},
{0x104d9,0x104b1,0x104d9},
{0x104da,0x104b2,0x104da},
{0x104db,0x104b3,0x104db},
{0x104dc,0x104b4,0x104dc},
{0x104dd,0x104b5,0x104dd},
{0x104de,0x104b6,0x104de},
{0x104df,0x104b7,0x104df},
{0x104e0,0x104b8,0x104e0},
{0x104e1,0x104b9,0x104e1},
{0x104e2,0x104ba,0x104e2},
{0x104e3,0x104bb,0x104e3},
{0x104e4,0x104bc,0x104e4},
{0x104e5,0x104bd,0x104e5},
{0x104e6,0x104be,0x104e6},
{0x104e7,0x104bf,0x104e7},
{0x104e8,0x104c0,0x104e8},
{0x104e9,0x104c1,0x104e9},
{0x104ea,0x104c2,0x104ea},
{0x104eb,0x104c3,0x104eb},
{0x104ec,0x104c4,0x104ec},
{0x104ed,0x104c5,0x104ed},
{0x104ee,0x104c6,0x104ee},
{0x104ef,0x104c7,0x104ef},
{0x104f0,0x104c8,0x104f0},
{0x104f1,0x104c9,0x104f1},
{0x104f2,0x104ca,0x104f2},
{0x104f3,0x104cb,0x104f3},
{0x104f4,0x104cc,0x104f4},
{0x104f5,0x104cd,0x104f5},
{0x104f6,0x104ce,0x104f6},
{0x104f7,0x104cf,0x104f7},
{0x104f8,0x104d0,0x104f8},
{0x104f9,0x104d1,0x104f9},
{0x104fa,0x104d2,0x104fa},
{0x104fb,0x104d3,0x104fb},
{0x10570,0x10570,0x10597},
{0x10571,0x10571,0x10598},
{0x10572,0x10572,0x10599},
{0x10573,0x10573,0x1059a},
{0x10574,0x10574,0x1059b},
{0x10575,0x10575,0x1059c},
{0x10576,0x10576,0x1059d},
{0x10577,0x10577,0x1059e},
{0x10578,0x10578,0x1059f},
{0x10579,0x10579,0x105a0},
{0x1057a,0x1057a,0x105a1},
{0x1057c,0x1057c,0x105a3},
{0x1057d,0x1057d,0x105a4},
{0x1057e,0x1057e,0x105a5},
{0x1057f,0x1057f,0x105a6},
{0x10580,0x10580,0x105a7},
{0x10581,0x10581,0x105a8},
{0x10582,0x10582,0x105a9},
{0x10583,0x10583,0x105aa},
{0x10584,0x10584,0x105ab},
{0x10585,0x10585,0x105ac},
{0x10586,0x10586,0x105ad},
{0x10587,0x10587,0x105ae},
{0x10588,0x10588,0x105af},
{0x10589,0x10589,0x105b0},
{0x1058a,0x1058a,0x105b1},
{0x1058c,0x1058c,0x105b3},
{0x1058d,0x1058d,0x105b4},
{0x1058e,0x1058e,0x105b5},
{0x1058f,0x1058f,0x105b6},
{0x10590,0x10590,0x105b7},
{0x10591,0x10591,0x105b8},
{0x10592,0x10592,0x105b9},
{0x10594,0x10594,0x105bb},
{0x10595,0x10595,0x105bc},
{0x10597,0x10570,0x10597},
{0x10598,0x10571,0x10598},
{0x10599,0x10572,0x10599},
{0x1059a,0x10573,0x1059a},
{0x1059b,0x10574,0x1059b},
{0x1059c,0x10575,0x1059c},
{0x1059d,0x10576,0x1059d},
{0x1059e,0x10577,0x1059e},
{0x1059f,0x10578,0x1059f},
{0x105a0,0x10579,0x105a0},
{0x105a1,0x1057a,0x105a1},
{0x105a3,0x1057c,0x105a3},
{0x105a4,0x1057d,0x105a4},
{0x105a5,0x1057e,0x105a5},
{0x105a6,0x1057f,0x105a6},
{0x105a7,0x10580,0x105a7},
{0x105a8,0x10581,0x105a8},
{0x105a9,0x10582,0x105a9},
{0x105aa,0x10583,0x105aa},
{0x105ab,0x10584,0x105ab},
{0x105ac,0x10585,0x105ac},
{0x105ad,0x10586,0x105ad},
{0x105ae,0x10587,0x105ae},
{0x105af,0x10588,0x105af},
{0x105b0,0x10589,0x105b0},
{0x105b1,0x1058a,0x105b1},
{0x105b3,0x1058c,0x105b3},
{0x105b4,0x1058d,0x105b4},
{0x105b5,0x1058e,0x105b5},
{0x105b6,0x1058f,0x105b6},
{0x105b7,0x10590,0x105b7},
{0x105b8,0x10591,0x105b8},
{0x105b9,0x10592,0x105b9},
{0x105bb,0x10594,0x105bb},
{0x105bc,0x10595,0x105bc},
{0x10c80,0x10c80,0x10cc0},
{0x10c81,0x10c81,0x10cc1},
{0x10c82,0x10c82,0x10cc2},
{0x10c83,0x10c83,0x10cc3},
{0x10c84,0x10c84,0x10cc4},
{0x10c85,0x10c85,0x10cc5},
{0x10c86,0x10c86,0x10cc6},
{0x10c87,0x10c87,0x10cc7},
{0x10c88,0x10c88,0x10cc8},
{0x10c89,0x10c89,0x10cc9},
{0x10c8a,0x10c8a,0x10cca},
{0x10c8b,0x10c8b,0x10ccb},
{0x10c8c,0x10c8c,0x10ccc},
{0x10c8d,0x10c8d,0x10ccd},
{0x10c8e,0x10c8e,0x10cce},
{0x10c8f,0x10c8f,0x10ccf},
{0x10c90,0x10c90,0x10cd0},
{0x10c91,0x10c91,0x10cd1},
{0x10c92,0x10c92,0x10cd2},
{0x10c93,0x10c93,0x10cd3},
{0x10c94,0x10c94,0x10cd4},
{0x10c95,0x10c95,0x10cd5},
{0x10c96,0x10c96,0x10cd6},
{0x10c97,0x10c97,0x10cd7},
{0x10c98,0x10c98,0x10cd8},
{0x10c99,0x10c99,0x10cd9},
{0x10c9a,0x10c9a,0x10cda},
{0x10c9b,0x10c9b,0x10cdb},
{0x10c9c,0x10c9c,0x10cdc},
{0x10c9d,0x10c9d,0x10cdd},
{0x10c9e,0x10c9e,0x10cde},
{0x10c9f,0x10c9f,0x10cdf},
{0x10ca0,0x10ca0,0x10ce0},
{0x10ca1,0x10ca1,0x10ce1},
{0x10ca2,0x10ca2,0x10ce2},
{0x10ca3,0x10ca3,0x10ce3},
{0x10ca4,0x10ca4,0x10ce4},
{0x10ca5,0x10ca5,0x10ce5},
{0x10ca6,0x10ca6,0x10ce6},
{0x10ca7,0x10ca7,0x10ce7},
{0x10ca8,0x10ca8,0x10ce8},
{0x10ca9,0x10ca9,0x10ce9},
{0x10caa,0x10caa,0x10cea},
{0x10cab,0x10cab,0x10ceb},
{0x10cac,0x10cac,0x10cec},
{0x10cad,0x10cad,0x10ced},
{0x10cae,0x10cae,0x10cee},
{0x10caf,0x10caf,0x10cef},
{0x10cb0,0x10cb0,0x10cf0},
{0x10cb1,0x10cb1,0x10cf1},
{0x10cb2,0x10cb2,0x10cf2},
{0x10cc0,0x10c80,0x10cc0},
{0x10cc1,0x10c81,0x10cc1},
{0x10cc2,0x10c82,0x10cc2},
{0x10cc3,0x10c83,0x10cc3},
{0x10cc4,0x10c84,0x10cc4},
{0x10cc5,0x10c85,0x10cc5},
{0x10cc6,0x10c86,0x10cc6},
{0x10cc7,0x10c87,0x10cc7},
{0x10cc8,0x10c88,0x10cc8},
{0x10cc9,0x10c89,0x10cc9},
{0x10cca,0x10c8a,0x10cca},
{0x10ccb,0x10c8b,0x10ccb},
{0x10ccc,0x10c8c,0x10ccc},
{0x10ccd,0x10c8d,0x10ccd},
{0x10cce,0x10c8e,0x10cce},
{0x10ccf,0x10c8f,0x10ccf},
{0x10cd0,0x10c90,0x10cd0},
{0x10cd1,0x10c91,0x10cd1},
{0x10cd2,0x10c92,0x10cd2},
{0x10cd3,0x10c93,0x10cd3},
{0x10cd4,0x10c94,0x10cd4},
{0x10cd5,0x10c95,0x10cd5},
{0x10cd6,0x10c96,0x10cd6},
{0x10cd7,0x10c97,0x10cd7},
{0x10cd8,0x10c98,0x10cd8},
{0x10cd9,0x10c99,0x10cd9},
{0x10cda,0x10c9a,0x10cda},
{0x10cdb,0x10c9b,0x10cdb},
{0x10cdc,0x10c9c,0x10cdc},
{0x10cdd,0x10c9d,0x10cdd},
{0x10cde,0x10c9e,0x10cde},
{0x10cdf,0x10c9f,0x10cdf},
{0x10ce0,0x10ca0,0x10ce0},
{0x10ce1,0x10ca1,0x10ce1},
{0x10ce2,0x10ca2,0x10ce2},
{0x10ce3,0x10ca3,0x10ce3},
{0x10ce4,0x10ca4,0x10ce4},
{0x10ce5,0x10ca5,0x10ce5},
{0x10ce6,0x10ca6,0x10ce6},
{0x10ce7,0x10ca7,0x10ce7},
{0x10ce8,0x10ca8,0x10ce8},
{0x10ce9,0x10ca9,0x10ce9},
{0x10cea,0x10caa,0x10cea},
{0x10ceb,0x10cab,0x10ceb},
{0x10cec,0x10cac,0x10cec},
{0x10ced,0x10cad,0x10ced},
{0x10cee,0x10cae,0x10cee},
{0x10cef,0x10caf,0x10cef},
{0x10cf0,0x10cb0,0x10cf0},
{0x10cf1,0x10cb1,0x10cf1},
{0x10cf2,0x10cb2,0x10cf2},
{0x118a0,0x118a0,0x118c0},
{0x118a1,0x118a1,0x118c1},
{0x118a2,0x118a2,0x118c2},
{0x118a3,0x118a3,0x118c3},
{0x118a4,0x118a4,0x118c4},
{0x118a5,0x118a5,0x118c5},
{0x118a6,0x118a6,0x118c6},
{0x118a7,0x118a7,0x118c7},
{0x118a8,0x118a8,0x118c8},
{0x118a9,0x118a9,0x118c9},
{0x118aa,0x118aa,0x118ca},
{0x118ab,0x118ab,0x118cb},
{0x118ac,0x118ac,0x118cc},
{0x118ad,0x118ad,0x118cd},
{0x118ae,0x118ae,0x118ce},
{0x118af,0x118af,0x118cf},
{0x118b0,0x118b0,0x118d0},
{0x118b1,0x118b1,0x118d1},
{0x118b2,0x118b2,0x118d2},
{0x118b3,0x118b3,0x118d3},
{0x118b4,0x118b4,0x118d4},
{0x118b5,0x118b5,0x118d5},
{0x118b6,0x118b6,0x118d6},
{0x118b7,0x118b7,0x118d7},
{0x118b8,0x118b8,0x118d8},
{0x118b9,0x118b9,0x118d9},
{0x118ba,0x118ba,0x118da},
{0x118bb,0x118bb,0x118db},
{0x118bc,0x118bc,0x118dc},
{0x118bd,0x118bd,0x118dd},
{0x118be,0x118be,0x118de},
{0x118bf,0x118bf,0x118df},
{0x118c0,0x118a0,0x118c0},
{0x118c1,0x118a1,0x118c1},
{0x118c2,0x118a2,0x118c2},
{0x118c3,0x118a3,0x118c3},
{0x118c4,0x118a4,0x118c4},
{0x118c5,0x118a5,0x118c5},
{0x118c6,0x118a6,0x118c6},
{0x118c7,0x118a7,0x118c7},
{0x118c8,0x118a8,0x118c8},
{0x118c9,0x118a9,0x118c9},
{0x118ca,0x118aa,0x118ca},
{0x118cb,0x118ab,0x118cb},
{0x118cc,0x118ac,0x118cc},
{0x118cd,0x118ad,0x118cd},
{0x118ce,0x118ae,0x118ce},
{0x118cf,0x118af,0x118cf},
{0x118d0,0x118b0,0x118d0},
{0x118d1,0x118b1,0x118d1},
{0x118d2,0x118b2,0x118d2},
{0x118d3,0x118b3,0x118d3},
{0x118d4,0x118b4,0x118d4},
{0x118d5,0x118b5,0x118d5},
{0x118d6,0x118b6,0x118d6},
{0x118d7,0x118b7,0x118d7},
{0x118d8,0x118b8,0x118d8},
{0x118d9,0x118b9,0x118d9},
{0x118da,0x118ba,0x118da},
{0x118db,0x118bb,0x118db},
{0x118dc,0x118bc,0x118dc},
{0x118dd,0x118bd,0x118dd},
{0x118de,0x118be,0x118de},
{0x118df,0x118bf,0x118df},
{0x16e40,0x16e40,0x16e60},
{0x16e41,0x16e41,0x16e61},
{0x16e42,0x16e42,0x16e62},
{0x16e43,0x16e43,0x16e63},
{0x16e44,0x16e44,0x16e64},
{0x16e45,0x16e45,0x16e65},
{0x16e46,0x16e46,0x16e66},
{0x16e47,0x16e47,0x16e67},
{0x16e48,0x16e48,0x16e68},
{0x16e49,0x16e49,0x16e69},
{0x16e4a,0x16e4a,0x16e6a},
{0x16e4b,0x16e4b,0x16e6b},
{0x16e4c,0x16e4c,0x16e6c},
{0x16e4d,0x16e4d,0x16e6d},
{0x16e4e,0x16e4e,0x16e6e},
{0x16e4f,0x16e4f,0x16e6f},
{0x16e50,0x16e50,0x16e70},
{0x16e51,0x16e51,0x16e71},
{0x16e52,0x16e52,0x16e72},
{0x16e53,0x16e53,0x16e73},
{0x16e54,0x16e54,0x16e74},
{0x16e55,0x16e55,0x16e75},
{0x16e56,0x16e56,0x16e76},
{0x16e57,0x16e57,0x16e77},
{0x16e58,0x16e58,0x16e78},
{0x16e59,0x16e59,0x16e79},
{0x16e5a,0x16e5a,0x16e7a},
{0x16e5b,0x16e5b,0x16e7b},
{0x16e5c,0x16e5c,0x16e7c},
{0x16e5d,0x16e5d,0x16e7d},
{0x16e5e,0x16e5e,0x16e7e},
{0x16e5f,0x16e5f,0x16e7f},
{0x16e60,0x16e40,0x16e60},
{0x16e61,0x16e41,0x16e61},
{0x16e62,0x16e42,0x16e62},
{0x16e63,0x16e43,0x16e63},
{0x16e64,0x16e44,0x16e64},
{0x16e65,0x16e45,0x16e65},
{0x16e66,0x16e46,0x16e66},
{0x16e67,0x16e47,0x16e67},
{0x16e68,0x16e48,0x16e68},
{0x16e69,0x16e49,0x16e69},
{0x16e6a,0x16e4a,0x16e6a},
{0x16e6b,0x16e4b,0x16e6b},
{0x16e6c,0x16e4c,0x16e6c},
{0x16e6d,0x16e4d,0x16e6d},
{0x16e6e,0x16e4e,0x16e6e},
{0x16e6f,0x16e4f,0x16e6f},
{0x16e70,0x16e50,0x16e70},
{0x16e71,0x16e51,0x16e71},
{0x16e72,0x16e52,0x16e72},
{0x16e73,0x16e53,0x16e73},
{0x16e74,0x16e54,0x16e74},
{0x16e75,0x16e55,0x16e75},
{0x16e76,0x16e56,0x16e76},
{0x16e77,0x16e57,0x16e77},
{0x16e78,0x16e58,0x16e78},
{0x16e79,0x16e59,0x16e79},
{0x16e7a,0x16e5a,0x16e7a},
{0x16e7b,0x16e5b,0x16e7b},
{0x16e7c,0x16e5c,0x16e7c},
{0x16e7d,0x16e5d,0x16e7d},
{0x16e7e,0x16e5e,0x16e7e},
{0x16e7f,0x16e5f,0x16e7f},
{0x1e900,0x1e900,0x1e922},
{0x1e901,0x1e901,0x1e923},
{0x1e902,0x1e902,0x1e924},
{0x1e903,0x1e903,0x1e925},
{0x1e904,0x1e904,0x1e926},
{0x1e905,0x1e905,0x1e927},
{0x1e906,0x1e906,0x1e928},
{0x1e907,0x1e907,0x1e929},
{0x1e908,0x1e908,0x1e92a},
{0x1e909,0x1e909,0x1e92b},
{0x1e90a,0x1e90a,0x1e92c},
{0x1e90b,0x1e90b,0x1e92d},
{0x1e90c,0x1e90c,0x1e92e},
{0x1e90d,0x1e90d,0x1e92f},
{0x1e90e,0x1e90e,0x1e930},
{0x1e90f,0x1e90f,0x1e931},
{0x1e910,0x1e910,0x1e932},
{0x1e911,0x1e911,0x1e933},
{0x1e912,0x1e912,0x1e934},
{0x1e913,0x1e913,0x1e935},
{0x1e914,0x1e914,0x1e936},
{0x1e915,0x1e915,0x1e937},
{0x1e916,0x1e916,0x1e938},
{0x1e917,0x1e917,0x1e939},
{0x1e918,0x1e918,0x1e93a},
{0x1e919,0x1e919,0x1e93b},
{0x1e91a,0x1e91a,0x1e93c},
{0x1e91b,0x1e91b,0x1e93d},
{0x1e91c,0x1e91c,0x1e93e},
{0x1e91d,0x1e91d,0x1e93f},
{0x1e91e,0x1e91e,0x1e940},
{0x1e91f,0x1e91f,0x1e941},
{0x1e920,0x1e920,0x1e942},
{0x1e921,0x1e921,0x1e943},
{0x1e922,0x1e900,0x1e922},
{0x1e923,0x1e901,0x1e923},
{0x1e924,0x1e902,0x1e924},
{0x1e925,0x1e903,0x1e925},
{0x1e926,0x1e904,0x1e926},
{0x1e927,0x1e905,0x1e927},
{0x1e928,0x1e906,0x1e928},
{0x1e929,0x1e907,0x1e929},
{0x1e92a,0x1e908,0x1e92a},
{0x1e92b,0x1e909,0x1e92b},
{0x1e92c,0x1e90a,0x1e92c},
{0x1e92d,0x1e90b,0x1e92d},
{0x1e92e,0x1e90c,0x1e92e},
{0x1e92f,0x1e90d,0x1e92f},
{0x1e930,0x1e90e,0x1e930},
{0x1e931,0x1e90f,0x1e931},
{0x1e932,0x1e910,0x1e932},
{0x1e933,0x1e911,0x1e933},
{0x1e934,0x1e912,0x1e934},
{0x1e935,0x1e913,0x1e935},
{0x1e936,0x1e914,0x1e936},
{0x1e937,0x1e915,0x1e937},
{0x1e938,0x1e916,0x1e938},
{0x1e939,0x1e917,0x1e939},
{0x1e93a,0x1e918,0x1e93a},
{0x1e93b,0x1e919,0x1e93b},
{0x1e93c,0x1e91a,0x1e93c},
{0x1e93d,0x1e91b,0x1e93d},
{0x1e93e,0x1e91c,0x1e93e},
{0x1e93f,0x1e91d,0x1e93f},
{0x1e940,0x1e91e,0x1e940},
{0x1e941,0x1e91f,0x1e941},
{0x1e942,0x1e920,0x1e942},
{0x1e943,0x1e921,0x1e943},
};
static const uint32_t uc_decomp_data[]={0x20,0x20,0x308,0x61,0x20,0x304,0x32,0x33,0x20,0x301,0x3bc,0x20,0x327,0x31,0x6f,0x31,0x2044,0x34,0x31,0x2044,0x32,0x33,0x2044,0x34,0x41,0x300,0x41,0x301,0x41,0x302,0x41,0x303,0x41,0x308,0x41,0x30a,0x43,0x327,0x45,0x300,0x45,0x301,0x45,0x302,0x45,0x308,0x49,0x300,0x49,0x301,0x49,0x302,0x49,0x308,0x4e,0x303,0x4f,0x300,0x4f,0x301,0x4f,0x302,0x4f,0x303,0x4f,0x308,0x55,0x300,0x55,0x301,0x55,0x302,0x55,0x308,0x59,0x301,0x61,0x300,0x61,0x301,0x61,0x302,0x61,0x303,0x61,0x308,0x61,0x30a,0x63,0x327,0x65,0x300,0x65,0x301,0x65,0x302,0x65,0x308,0x69,0x300,0x69,0x301,0x69,0x302,0x69,0x308,0x6e,0x303,0x6f,0x300,0x6f,0x301,0x6f,0x302,0x6f,0x303,0x6f,0x308,0x75,0x300,0x75,0x301,0x75,0x302,0x75,0x308,0x79,0x301,0x79,0x308,0x41,0x304,0x61,0x304,0x41,0x306,0x61,0x306,0x41,0x328,0x61,0x328,0x43,0x301,0x63,0x301,0x43,0x302,0x63,0x302,0x43,0x307,0x63,0x307,0x43,0x30c,0x63,0x30c,0x44,0x30c,0x64,0x30c,0x45,0x304,0x65,0x304,0x45,0x306,0x65,0x306,0x45,0x307,0x65,0x307,0x45,0x328,0x65,0x328,0x45,0x30c,0x65,0x30c,0x47,0x302,0x67,0x302,0x47,0x306,0x67,0x306,0x47,0x307,0x67,0x307,0x47,0x327,0x67,0x327,0x48,0x302,0x68,0x302,0x49,0x303,0x69,0x303,0x49,0x304,0x69,0x304,0x49,0x306,0x69,0x306,0x49,0x328,0x69,0x328,0x49,0x307,0x49,0x4a,0x69,0x6a,0x4a,0x302,0x6a,0x302,0x4b,0x327,0x6b,0x327,0x4c,0x301,0x6c,0x301,0x4c,0x327,0x6c,0x327,0x4c,0x30c,0x6c,0x30c,0x4c,0xb7,0x6c,0xb7,0x4e,0x301,0x6e,0x301,0x4e,0x327,0x6e,0x327,0x4e,0x30c,0x6e,0x30c,0x2bc,0x6e,0x4f,0x304,0x6f,0x304,0x4f,0x306,0x6f,0x306,0x4f,0x30b,0x6f,0x30b,0x52,0x301,0x72,0x301,0x52,0x327,0x72,0x327,0x52,0x30c,0x72,0x30c,0x53,0x301,0x73,0x301,0x53,0x302,0x73,0x302,0x53,0x327,0x73,0x327,0x53,0x30c,0x73,0x30c,0x54,0x327,0x74,0x327,0x54,0x30c,0x74,0x30c,0x55,0x303,0x75,0x303,0x55,0x304,0x75,0x304,0x55,0x306,0x75,0x306,0x55,0x30a,0x75,0x30a,0x55,0x30b,0x75,0x30b,0x55,0x328,0x75,0x328,0x57,0x302,0x77,0x302,0x59,0x302,0x79,0x302,0x59,0x308,0x5a,0x301,0x7a,0x301,0x5a,0x307,0x7a,0x307,0x5a,0x30c,0x7a,0x30c,0x73,0x4f,0x31b,0x6f,0x31b,0x55,0x31b,0x75,0x31b,0x44,0x17d,0x44,0x17e,0x64,0x17e,0x4c,0x4a,0x4c,0x6a,0x6c,0x6a,0x4e,0x4a,0x4e,0x6a,0x6e,0x6a,0x41,0x30c,0x61,0x30c,0x49,0x30c,0x69,0x30c,0x4f,0x30c,0x6f,0x30c,0x55,0x30c,0x75,0x30c,0xdc,0x304,0xfc,0x304,0xdc,0x301,0xfc,0x301,0xdc,0x30c,0xfc,0x30c,0xdc,0x300,0xfc,0x300,0xc4,0x304,0xe4,0x304,0x226,0x304,0x227,0x304,0xc6,0x304,0xe6,0x304,0x47,0x30c,0x67,0x30c,0x4b,0x30c,0x6b,0x30c,0x4f,0x328,0x6f,0x328,0x1ea,0x304,0x1eb,0x304,0x1b7,0x30c,0x292,0x30c,0x6a,0x30c,0x44,0x5a,0x44,0x7a,0x64,0x7a,0x47,0x301,0x67,0x301,0x4e,0x300,0x6e,0x300,0xc5,0x301,0xe5,0x301,0xc6,0x301,0xe6,0x301,0xd8,0x301,0xf8,0x301,0x41,0x30f,0x61,0x30f,0x41,0x311,0x61,0x311,0x45,0x30f,0x65,0x30f,0x45,0x311,0x65,0x311,0x49,0x30f,0x69,0x30f,0x49,0x311,0x69,0x311,0x4f,0x30f,0x6f,0x30f,0x4f,0x311,0x6f,0x311,0x52,0x30f,0x72,0x30f,0x52,0x311,0x72,0x311,0x55,0x30f,0x75,0x30f,0x55,0x311,0x75,0x311,0x53,0x326,0x73,0x326,0x54,0x326,0x74,0x326,0x48,0x30c,0x68,0x30c,0x41,0x307,0x61,0x307,0x45,0x327,0x65,0x327,0xd6,0x304,0xf6,0x304,0xd5,0x304,0xf5,0x304,0x4f,0x307,0x6f,0x307,0x22e,0x304,0x22f,0x304,0x59,0x304,0x79,0x304,0x68,0x266,0x6a,0x72,0x279,0x27b,0x281,0x77,0x79,0x20,0x306,0x20,0x307,0x20,0x30a,0x20,0x328,0x20,0x303,0x20,0x30b,0x263,0x6c,0x73,0x78,0x295,0x300,0x301,0x313,0x308,0x301,0x2b9,0x20,0x345,0x3b,0x20,0x301,0xa8,0x301,0x391,0x301,0xb7,0x395,0x301,0x397,0x301,0x399,0x301,0x39f,0x301,0x3a5,0x301,0x3a9,0x301,0x3ca,0x301,0x399,0x308,0x3a5,0x308,0x3b1,0x301,0x3b5,0x301,0x3b7,0x301,0x3b9,0x301,0x3cb,0x301,0x3b9,0x308,0x3c5,0x308,0x3bf,0x301,0x3c5,0x301,0x3c9,0x301,0x3b2,0x3b8,0x3a5,0x3d2,0x301,0x3d2,0x308,0x3c6,0x3c0,0x3ba,0x3c1,0x3c2,0x398,0x3b5,0x3a3,0x415,0x300,0x415,0x308,0x413,0x301,0x406,0x308,0x41a,0x301,0x418,0x300,0x423,0x306,0x418,0x306,0x438,0x306,0x435,0x300,0x435,0x308,0x433,0x301,0x456,0x308,0x43a,0x301,0x438,0x300,0x443,0x306,0x474,0x30f,0x475,0x30f,0x416,0x306,0x436,0x306,0x410,0x306,0x430,0x306,0x410,0x308,0x430,0x308,0x415,0x306,0x435,0x306,0x4d8,0x308,0x4d9,0x308,0x416,0x308,0x436,0x308,0x417,0x308,0x437,0x308,0x418,0x304,0x438,0x304,0x418,0x308,0x438,0x308,0x41e,0x308,0x43e,0x308,0x4e8,0x308,0x4e9,0x308,0x42d,0x308,0x44d,0x308,0x423,0x304,0x443,0x304,0x423,0x308,0x443,0x308,0x423,0x30b,0x443,0x30b,0x427,0x308,0x447,0x308,0x42b,0x308,0x44b,0x308,0x565,0x582,0x627,0x653,0x627,0x654,0x648,0x654,0x627,0x655,0x64a,0x654,0x627,0x674,0x648,0x674,0x6c7,0x674,0x64a,0x674,0x6d5,0x654,0x6c1,0x654,0x6d2,0x654,0x928,0x93c,0x930,0x93c,0x933,0x93c,0x915,0x93c,0x916,0x93c,0x917,0x93c,0x91c,0x93c,0x921,0x93c,0x922,0x93c,0x92b,0x93c,0x92f,0x93c,0x9c7,0x9be,0x9c7,0x9d7,0x9a1,0x9bc,0x9a2,0x9bc,0x9af,0x9bc,0xa32,0xa3c,0xa38,0xa3c,0xa16,0xa3c,0xa17,0xa3c,0xa1c,0xa3c,0xa2b,0xa3c,0xb47,0xb56,0xb47,0xb3e,0xb47,0xb57,0xb21,0xb3c,0xb22,0xb3c,0xb92,0xbd7,0xbc6,0xbbe,0xbc7,0xbbe,0xbc6,0xbd7,0xc46,0xc56,0xcbf,0xcd5,0xcc6,0xcd5,0xcc6,0xcd6,0xcc6,0xcc2,0xcca,0xcd5,0xd46,0xd3e,0xd47,0xd3e,0xd46,0xd57,0xdd9,0xdca,0xdd9,0xdcf,0xddc,0xdca,0xdd9,0xddf,0xe4d,0xe32,0xecd,0xeb2,0xeab,0xe99,0xeab,0xea1,0xf0b,0xf42,0xfb7,0xf4c,0xfb7,0xf51,0xfb7,0xf56,0xfb7,0xf5b,0xfb7,0xf40,0xfb5,0xf71,0xf72,0xf71,0xf74,0xfb2,0xf80,0xfb2,0xf81,0xfb3,0xf80,0xfb3,0xf81,0xf71,0xf80,0xf92,0xfb7,0xf9c,0xfb7,0xfa1,0xfb7,0xfa6,0xfb7,0xfab,0xfb7,0xf90,0xfb5,0x1025,0x102e,0x10dc,0x1b05,0x1b35,0x1b07,0x1b35,0x1b09,0x1b35,0x1b0b,0x1b35,0x1b0d,0x1b35,0x1b11,0x1b35,0x1b3a,0x1b35,0x1b3c,0x1b35,0x1b3e,0x1b35,0x1b3f,0x1b35,0x1b42,0x1b35,0x41,0xc6,0x42,0x44,0x45,0x18e,0x47,0x48,0x49,0x4a,0x4b,0x4c,0x4d,0x4e,0x4f,0x222,0x50,0x52,0x54,0x55,0x57,0x61,0x250,0x251,0x1d02,0x62,0x64,0x65,0x259,0x25b,0x25c,0x67,0x6b,0x6d,0x14b,0x6f,0x254,0x1d16,0x1d17,0x70,0x74,0x75,0x1d1d,0x26f,0x76,0x1d25,0x3b2,0x3b3,0x3b4,0x3c6,0x3c7,0x69,0x72,0x75,0x76,0x3b2,0x3b3,0x3c1,0x3c6,0x3c7,0x43d,0x252,0x63,0x255,0xf0,0x25c,0x66,0x25f,0x261,0x265,0x268,0x269,0x26a,0x1d7b,0x29d,0x26d,0x1d85,0x29f,0x271,0x270,0x272,0x273,0x274,0x275,0x278,0x282,0x283,0x1ab,0x289,0x28a,0x1d1c,0x28b,0x28c,0x7a,0x290,0x291,0x292,0x3b8,0x41,0x325,0x61,0x325,0x42,0x307,0x62,0x307,0x42,0x323,0x62,0x323,0x42,0x331,0x62,0x331,0xc7,0x301,0xe7,0x301,0x44,0x307,0x64,0x307,0x44,0x323,0x64,0x323,0x44,0x331,0x64,0x331,0x44,0x327,0x64,0x327,0x44,0x32d,0x64,0x32d,0x112,0x300,0x113,0x300,0x112,0x301,0x113,0x301,0x45,0x32d,0x65,0x32d,0x45,0x330,0x65,0x330,0x228,0x306,0x229,0x306,0x46,0x307,0x66,0x307,0x47,0x304,0x67,0x304,0x48,0x307,0x68,0x307,0x48,0x323,0x68,0x323,0x48,0x308,0x68,0x308,0x48,0x327,0x68,0x327,0x48,0x32e,0x68,0x32e,0x49,0x330,0x69,0x330,0xcf,0x301,0xef,0x301,0x4b,0x301,0x6b,0x301,0x4b,0x323,0x6b,0x323,0x4b,0x331,0x6b,0x331,0x4c,0x323,0x6c,0x323,0x1e36,0x304,0x1e37,0x304,0x4c,0x331,0x6c,0x331,0x4c,0x32d,0x6c,0x32d,0x4d,0x301,0x6d,0x301,0x4d,0x307,0x6d,0x307,0x4d,0x323,0x6d,0x323,0x4e,0x307,0x6e,0x307,0x4e,0x323,0x6e,0x323,0x4e,0x331,0x6e,0x331,0x4e,0x32d,0x6e,0x32d,0xd5,0x301,0xf5,0x301,0xd5,0x308,0xf5,0x308,0x14c,0x300,0x14d,0x300,0x14c,0x301,0x14d,0x301,0x50,0x301,0x70,0x301,0x50,0x307,0x70,0x307,0x52,0x307,0x72,0x307,0x52,0x323,0x72,0x323,0x1e5a,0x304,0x1e5b,0x304,0x52,0x331,0x72,0x331,0x53,0x307,0x73,0x307,0x53,0x323,0x73,0x323,0x15a,0x307,0x15b,0x307,0x160,0x307,0x161,0x307,0x1e62,0x307,0x1e63,0x307,0x54,0x307,0x74,0x307,0x54,0x323,0x74,0x323,0x54,0x331,0x74,0x331,0x54,0x32d,0x74,0x32d,0x55,0x324,0x75,0x324,0x55,0x330,0x75,0x330,0x55,0x32d,0x75,0x32d,0x168,0x301,0x169,0x301,0x16a,0x308,0x16b,0x308,0x56,0x303,0x76,0x303,0x56,0x323,0x76,0x323,0x57,0x300,0x77,0x300,0x57,0x301,0x77,0x301,0x57,0x308,0x77,0x308,0x57,0x307,0x77,0x307,0x57,0x323,0x77,0x323,0x58,0x307,0x78,0x307,0x58,0x308,0x78,0x308,0x59,0x307,0x79,0x307,0x5a,0x302,0x7a,0x302,0x5a,0x323,0x7a,0x323,0x5a,0x331,0x7a,0x331,0x68,0x331,0x74,0x308,0x77,0x30a,0x79,0x30a,0x61,0x2be,0x17f,0x307,0x41,0x323,0x61,0x323,0x41,0x309,0x61,0x309,0xc2,0x301,0xe2,0x301,0xc2,0x300,0xe2,0x300,0xc2,0x309,0xe2,0x309,0xc2,0x303,0xe2,0x303,0x1ea0,0x302,0x1ea1,0x302,0x102,0x301,0x103,0x301,0x102,0x300,0x103,0x300,0x102,0x309,0x103,0x309,0x102,0x303,0x103,0x303,0x1ea0,0x306,0x1ea1,0x306,0x45,0x323,0x65,0x323,0x45,0x309,0x65,0x309,0x45,0x303,0x65,0x303,0xca,0x301,0xea,0x301,0xca,0x300,0xea,0x300,0xca,0x309,0xea,0x309,0xca,0x303,0xea,0x303,0x1eb8,0x302,0x1eb9,0x302,0x49,0x309,0x69,0x309,0x49,0x323,0x69,0x323,0x4f,0x323,0x6f,0x323,0x4f,0x309,0x6f,0x309,0xd4,0x301,0xf4,0x301,0xd4,0x300,0xf4,0x300,0xd4,0x309,0xf4,0x309,0xd4,0x303,0xf4,0x303,0x1ecc,0x302,0x1ecd,0x302,0x1a0,0x301,0x1a1,0x301,0x1a0,0x300,0x1a1,0x300,0x1a0,0x309,0x1a1,0x309,0x1a0,0x303,0x1a1,0x303,0x1a0,0x323,0x1a1,0x323,0x55,0x323,0x75,0x323,0x55,0x309,0x75,0x309,0x1af,0x301,0x1b0,0x301,0x1af,0x300,0x1b0,0x300,0x1af,0x309,0x1b0,0x309,0x1af,0x303,0x1b0,0x303,0x1af,0x323,0x1b0,0x323,0x59,0x300,0x79,0x300,0x59,0x323,0x79,0x323,0x59,0x309,0x79,0x309,0x59,0x303,0x79,0x303,0x3b1,0x313,0x3b1,0x314,0x1f00,0x300,0x1f01,0x300,0x1f00,0x301,0x1f01,0x301,0x1f00,0x342,0x1f01,0x342,0x391,0x313,0x391,0x314,0x1f08,0x300,0x1f09,0x300,0x1f08,0x301,0x1f09,0x301,0x1f08,0x342,0x1f09,0x342,0x3b5,0x313,0x3b5,0x314,0x1f10,0x300,0x1f11,0x300,0x1f10,0x301,0x1f11,0x301,0x395,0x313,0x395,0x314,0x1f18,0x300,0x1f19,0x300,0x1f18,0x301,0x1f19,0x301,0x3b7,0x313,0x3b7,0x314,0x1f20,0x300,0x1f21,0x300,0x1f20,0x301,0x1f21,0x301,0x1f20,0x342,0x1f21,0x342,0x397,0x313,0x397,0x314,0x1f28,0x300,0x1f29,0x300,0x1f28,0x301,0x1f29,0x301,0x1f28,0x342,0x1f29,0x342,0x3b9,0x313,0x3b9,0x314,0x1f30,0x300,0x1f31,0x300,0x1f30,0x301,0x1f31,0x301,0x1f30,0x342,0x1f31,0x342,0x399,0x313,0x399,0x314,0x1f38,0x300,0x1f39,0x300,0x1f38,0x301,0x1f39,0x301,0x1f38,0x342,0x1f39,0x342,0x3bf,0x313,0x3bf,0x314,0x1f40,0x300,0x1f41,0x300,0x1f40,0x301,0x1f41,0x301,0x39f,0x313,0x39f,0x314,0x1f48,0x300,0x1f49,0x300,0x1f48,0x301,0x1f49,0x301,0x3c5,0x313,0x3c5,0x314,0x1f50,0x300,0x1f51,0x300,0x1f50,0x301,0x1f51,0x301,0x1f50,0x342,0x1f51,0x342,0x3a5,0x314,0x1f59,0x300,0x1f59,0x301,0x1f59,0x342,0x3c9,0x313,0x3c9,0x314,0x1f60,0x300,0x1f61,0x300,0x1f60,0x301,0x1f61,0x301,0x1f60,0x342,0x1f61,0x342,0x3a9,0x313,0x3a9,0x314,0x1f68,0x300,0x1f69,0x300,0x1f68,0x301,0x1f69,0x301,0x1f68,0x342,0x1f69,0x342,0x3b1,0x300,0x3ac,0x3b5,0x300,0x3ad,0x3b7,0x300,0x3ae,0x3b9,0x300,0x3af,0x3bf,0x300,0x3cc,0x3c5,0x300,0x3cd,0x3c9,0x300,0x3ce,0x1f00,0x345,0x1f01,0x345,0x1f02,0x345,0x1f03,0x345,0x1f04,0x345,0x1f05,0x345,0x1f06,0x345,0x1f07,0x345,0x1f08,0x345,0x1f09,0x345,0x1f0a,0x345,0x1f0b,0x345,0x1f0c,0x345,0x1f0d,0x345,0x1f0e,0x345,0x1f0f,0x345,0x1f20,0x345,0x1f21,0x345,0x1f22,0x345,0x1f23,0x345,0x1f24,0x345,0x1f25,0x345,0x1f26,0x345,0x1f27,0x345,0x1f28,0x345,0x1f29,0x345,0x1f2a,0x345,0x1f2b,0x345,0x1f2c,0x345,0x1f2d,0x345,0x1f2e,0x345,0x1f2f,0x345,0x1f60,0x345,0x1f61,0x345,0x1f62,0x345,0x1f63,0x345,0x1f64,0x345,0x1f65,0x345,0x1f66,0x345,0x1f67,0x345,0x1f68,0x345,0x1f69,0x345,0x1f6a,0x345,0x1f6b,0x345,0x1f6c,0x345,0x1f6d,0x345,0x1f6e,0x345,0x1f6f,0x345,0x3b1,0x306,0x3b1,0x304,0x1f70,0x345,0x3b1,0x345,0x3ac,0x345,0x3b1,0x342,0x1fb6,0x345,0x391,0x306,0x391,0x304,0x391,0x300,0x386,0x391,0x345,0x20,0x313,0x3b9,0x20,0x313,0x20,0x342,0xa8,0x342,0x1f74,0x345,0x3b7,0x345,0x3ae,0x345,0x3b7,0x342,0x1fc6,0x345,0x395,0x300,0x388,0x397,0x300,0x389,0x397,0x345,0x1fbf,0x300,0x1fbf,0x301,0x1fbf,0x342,0x3b9,0x306,0x3b9,0x304,0x3ca,0x300,0x390,0x3b9,0x342,0x3ca,0x342,0x399,0x306,0x399,0x304,0x399,0x300,0x38a,0x1ffe,0x300,0x1ffe,0x301,0x1ffe,0x342,0x3c5,0x306,0x3c5,0x304,0x3cb,0x300,0x3b0,0x3c1,0x313,0x3c1,0x314,0x3c5,0x342,0x3cb,0x342,0x3a5,0x306,0x3a5,0x304,0x3a5,0x300,0x38e,0x3a1,0x314,0xa8,0x300,0x385,0x60,0x1f7c,0x345,0x3c9,0x345,0x3ce,0x345,0x3c9,0x342,0x1ff6,0x345,0x39f,0x300,0x38c,0x3a9,0x300,0x38f,0x3a9,0x345,0xb4,0x20,0x314,0x2002,0x2003,0x20,0x20,0x20,0x20,0x20,0x20,0x20,0x20,0x20,0x2010,0x20,0x333,0x2e,0x2e,0x2e,0x2e,0x2e,0x2e,0x20,0x2032,0x2032,0x2032,0x2032,0x2032,0x2035,0x2035,0x2035,0x2035,0x2035,0x21,0x21,0x20,0x305,0x3f,0x3f,0x3f,0x21,0x21,0x3f,0x2032,0x2032,0x2032,0x2032,0x20,0x30,0x69,0x34,0x35,0x36,0x37,0x38,0x39,0x2b,0x2212,0x3d,0x28,0x29,0x6e,0x30,0x31,0x32,0x33,0x34,0x35,0x36,0x37,0x38,0x39,0x2b,0x2212,0x3d,0x28,0x29,0x61,0x65,0x6f,0x78,0x259,0x68,0x6b,0x6c,0x6d,0x6e,0x70,0x73,0x74,0x52,0x73,0x61,0x2f,0x63,0x61,0x2f,0x73,0x43,0xb0,0x43,0x63,0x2f,0x6f,0x63,0x2f,0x75,0x190,0xb0,0x46,0x67,0x48,0x48,0x48,0x68,0x127,0x49,0x49,0x4c,0x6c,0x4e,0x4e,0x6f,0x50,0x51,0x52,0x52,0x52,0x53,0x4d,0x54,0x45,0x4c,0x54,0x4d,0x5a,0x3a9,0x5a,0x4b,0xc5,0x42,0x43,0x65,0x45,0x46,0x4d,0x6f,0x5d0,0x5d1,0x5d2,0x5d3,0x69,0x46,0x41,0x58,0x3c0,0x3b3,0x393,0x3a0,0x2211,0x44,0x64,0x65,0x69,0x6a,0x31,0x2044,0x37,0x31,0x2044,0x39,0x31,0x2044,0x31,0x30,0x31,0x2044,0x33,0x32,0x2044,0x33,0x31,0x2044,0x35,0x32,0x2044,0x35,0x33,0x2044,0x35,0x34,0x2044,0x35,0x31,0x2044,0x36,0x35,0x2044,0x36,0x31,0x2044,0x38,0x33,0x2044,0x38,0x35,0x2044,0x38,0x37,0x2044,0x38,0x31,0x2044,0x49,0x49,0x49,0x49,0x49,0x49,0x49,0x56,0x56,0x56,0x49,0x56,0x49,0x49,0x56,0x49,0x49,0x49,0x49,0x58,0x58,0x58,0x49,0x58,0x49,0x49,0x4c,0x43,0x44,0x4d,0x69,0x69,0x69,0x69,0x69,0x69,0x69,0x76,0x76,0x76,0x69,0x76,0x69,0x69,0x76,0x69,0x69,0x69,0x69,0x78,0x78,0x78,0x69,0x78,0x69,0x69,0x6c,0x63,0x64,0x6d,0x30,0x2044,0x33,0x2190,0x338,0x2192,0x338,0x2194,0x338,0x21d0,0x338,0x21d4,0x338,0x21d2,0x338,0x2203,0x338,0x2208,0x338,0x220b,0x338,0x2223,0x338,0x2225,0x338,0x222b,0x222b,0x222b,0x222b,0x222b,0x222e,0x222e,0x222e,0x222e,0x222e,0x223c,0x338,0x2243,0x338,0x2245,0x338,0x2248,0x338,0x3d,0x338,0x2261,0x338,0x224d,0x338,0x3c,0x338,0x3e,0x338,0x2264,0x338,0x2265,0x338,0x2272,0x338,0x2273,0x338,0x2276,0x338,0x2277,0x338,0x227a,0x338,0x227b,0x338,0x2282,0x338,0x2283,0x338,0x2286,0x338,0x2287,0x338,0x22a2,0x338,0x22a8,0x338,0x22a9,0x338,0x22ab,0x338,0x227c,0x338,0x227d,0x338,0x2291,0x338,0x2292,0x338,0x22b2,0x338,0x22b3,0x338,0x22b4,0x338,0x22b5,0x338,0x3008,0x3009,0x31,0x32,0x33,0x34,0x35,0x36,0x37,0x38,0x39,0x31,0x30,0x31,0x31,0x31,0x32,0x31,0x33,0x31,0x34,0x31,0x35,0x31,0x36,0x31,0x37,0x31,0x38,0x31,0x39,0x32,0x30,0x28,0x31,0x29,0x28,0x32,0x29,0x28,0x33,0x29,0x28,0x34,0x29,0x28,0x35,0x29,0x28,0x36,0x29,0x28,0x37,0x29,0x28,0x38,0x29,0x28,0x39,0x29,0x28,0x31,0x30,0x29,0x28,0x31,0x31,0x29,0x28,0x31,0x32,0x29,0x28,0x31,0x33,0x29,0x28,0x31,0x34,0x29,0x28,0x31,0x35,0x29,0x28,0x31,0x36,0x29,0x28,0x31,0x37,0x29,0x28,0x31,0x38,0x29,0x28,0x31,0x39,0x29,0x28,0x32,0x30,0x29,0x31,0x2e,0x32,0x2e,0x33,0x2e,0x34,0x2e,0x35,0x2e,0x36,0x2e,0x37,0x2e,0x38,0x2e,0x39,0x2e,0x31,0x30,0x2e,0x31,0x31,0x2e,0x31,0x32,0x2e,0x31,0x33,0x2e,0x31,0x34,0x2e,0x31,0x35,0x2e,0x31,0x36,0x2e,0x31,0x37,0x2e,0x31,0x38,0x2e,0x31,0x39,0x2e,0x32,0x30,0x2e,0x28,0x61,0x29,0x28,0x62,0x29,0x28,0x63,0x29,0x28,0x64,0x29,0x28,0x65,0x29,0x28,0x66,0x29,0x28,0x67,0x29,0x28,0x68,0x29,0x28,0x69,0x29,0x28,0x6a,0x29,0x28,0x6b,0x29,0x28,0x6c,0x29,0x28,0x6d,0x29,0x28,0x6e,0x29,0x28,0x6f,0x29,0x28,0x70,0x29,0x28,0x71,0x29,0x28,0x72,0x29,0x28,0x73,0x29,0x28,0x74,0x29,0x28,0x75,0x29,0x28,0x76,0x29,0x28,0x77,0x29,0x28,0x78,0x29,0x28,0x79,0x29,0x28,0x7a,0x29,0x41,0x42,0x43,0x44,0x45,0x46,0x47,0x48,0x49,0x4a,0x4b,0x4c,0x4d,0x4e,0x4f,0x50,0x51,0x52,0x53,0x54,0x55,0x56,0x57,0x58,0x59,0x5a,0x61,0x62,0x63,0x64,0x65,0x66,0x67,0x68,0x69,0x6a,0x6b,0x6c,0x6d,0x6e,0x6f,0x70,0x71,0x72,0x73,0x74,0x75,0x76,0x77,0x78,0x79,0x7a,0x30,0x222b,0x222b,0x222b,0x222b,0x3a,0x3a,0x3d,0x3d,0x3d,0x3d,0x3d,0x3d,0x2add,0x338,0x6a,0x56,0x2d61,0x6bcd,0x9f9f,0x4e00,0x4e28,0x4e36,0x4e3f,0x4e59,0x4e85,0x4e8c,0x4ea0,0x4eba,0x513f,0x5165,0x516b,0x5182,0x5196,0x51ab,0x51e0,0x51f5,0x5200,0x529b,0x52f9,0x5315,0x531a,0x5338,0x5341,0x535c,0x5369,0x5382,0x53b6,0x53c8,0x53e3,0x56d7,0x571f,0x58eb,0x5902,0x590a,0x5915,0x5927,0x5973,0x5b50,0x5b80,0x5bf8,0x5c0f,0x5c22,0x5c38,0x5c6e,0x5c71,0x5ddb,0x5de5,0x5df1,0x5dfe,0x5e72,0x5e7a,0x5e7f,0x5ef4,0x5efe,0x5f0b,0x5f13,0x5f50,0x5f61,0x5f73,0x5fc3,0x6208,0x6236,0x624b,0x652f,0x6534,0x6587,0x6597,0x65a4,0x65b9,0x65e0,0x65e5,0x66f0,0x6708,0x6728,0x6b20,0x6b62,0x6b79,0x6bb3,0x6bcb,0x6bd4,0x6bdb,0x6c0f,0x6c14,0x6c34,0x706b,0x722a,0x7236,0x723b,0x723f,0x7247,0x7259,0x725b,0x72ac,0x7384,0x7389,0x74dc,0x74e6,0x7518,0x751f,0x7528,0x7530,0x758b,0x7592,0x7676,0x767d,0x76ae,0x76bf,0x76ee,0x77db,0x77e2,0x77f3,0x793a,0x79b8,0x79be,0x7a74,0x7acb,0x7af9,0x7c73,0x7cf8,0x7f36,0x7f51,0x7f8a,0x7fbd,0x8001,0x800c,0x8012,0x8033,0x807f,0x8089,0x81e3,0x81ea,0x81f3,0x81fc,0x820c,0x821b,0x821f,0x826e,0x8272,0x8278,0x864d,0x866b,0x8840,0x884c,0x8863,0x897e,0x898b,0x89d2,0x8a00,0x8c37,0x8c46,0x8c55,0x8c78,0x8c9d,0x8d64,0x8d70,0x8db3,0x8eab,0x8eca,0x8f9b,0x8fb0,0x8fb5,0x9091,0x9149,0x91c6,0x91cc,0x91d1,0x9577,0x9580,0x961c,0x96b6,0x96b9,0x96e8,0x9751,0x975e,0x9762,0x9769,0x97cb,0x97ed,0x97f3,0x9801,0x98a8,0x98db,0x98df,0x9996,0x9999,0x99ac,0x9aa8,0x9ad8,0x9adf,0x9b25,0x9b2f,0x9b32,0x9b3c,0x9b5a,0x9ce5,0x9e75,0x9e7f,0x9ea5,0x9ebb,0x9ec3,0x9ecd,0x9ed1,0x9ef9,0x9efd,0x9f0e,0x9f13,0x9f20,0x9f3b,0x9f4a,0x9f52,0x9f8d,0x9f9c,0x9fa0,0x20,0x3012,0x5341,0x5344,0x5345,0x304b,0x3099,0x304d,0x3099,0x304f,0x3099,0x3051,0x3099,0x3053,0x3099,0x3055,0x3099,0x3057,0x3099,0x3059,0x3099,0x305b,0x3099,0x305d,0x3099,0x305f,0x3099,0x3061,0x3099,0x3064,0x3099,0x3066,0x3099,0x3068,0x3099,0x306f,0x3099,0x306f,0x309a,0x3072,0x3099,0x3072,0x309a,0x3075,0x3099,0x3075,0x309a,0x3078,0x3099,0x3078,0x309a,0x307b,0x3099,0x307b,0x309a,0x3046,0x3099,0x20,0x3099,0x20,0x309a,0x309d,0x3099,0x3088,0x308a,0x30ab,0x3099,0x30ad,0x3099,0x30af,0x3099,0x30b1,0x3099,0x30b3,0x3099,0x30b5,0x3099,0x30b7,0x3099,0x30b9,0x3099,0x30bb,0x3099,0x30bd,0x3099,0x30bf,0x3099,0x30c1,0x3099,0x30c4,0x3099,0x30c6,0x3099,0x30c8,0x3099,0x30cf,0x3099,0x30cf,0x309a,0x30d2,0x3099,0x30d2,0x309a,0x30d5,0x3099,0x30d5,0x309a,0x30d8,0x3099,0x30d8,0x309a,0x30db,0x3099,0x30db,0x309a,0x30a6,0x3099,0x30ef,0x3099,0x30f0,0x3099,0x30f1,0x3099,0x30f2,0x3099,0x30fd,0x3099,0x30b3,0x30c8,0x1100,0x1101,0x11aa,0x1102,0x11ac,0x11ad,0x1103,0x1104,0x1105,0x11b0,0x11b1,0x11b2,0x11b3,0x11b4,0x11b5,0x111a,0x1106,0x1107,0x1108,0x1121,0x1109,0x110a,0x110b,0x110c,0x110d,0x110e,0x110f,0x1110,0x1111,0x1112,0x1161,0x1162,0x1163,0x1164,0x1165,0x1166,0x1167,0x1168,0x1169,0x116a,0x116b,0x116c,0x116d,0x116e,0x116f,0x1170,0x1171,0x1172,0x1173,0x1174,0x1175,0x1160,0x1114,0x1115,0x11c7,0x11c8,0x11cc,0x11ce,0x11d3,0x11d7,0x11d9,0x111c,0x11dd,0x11df,0x111d,0x111e,0x1120,0x1122,0x1123,0x1127,0x1129,0x112b,0x112c,0x112d,0x112e,0x112f,0x1132,0x1136,0x1140,0x1147,0x114c,0x11f1,0x11f2,0x1157,0x1158,0x1159,0x1184,0x1185,0x1188,0x1191,0x1192,0x1194,0x119e,0x11a1,0x4e00,0x4e8c,0x4e09,0x56db,0x4e0a,0x4e2d,0x4e0b,0x7532,0x4e59,0x4e19,0x4e01,0x5929,0x5730,0x4eba,0x28,0x1100,0x29,0x28,0x1102,0x29,0x28,0x1103,0x29,0x28,0x1105,0x29,0x28,0x1106,0x29,0x28,0x1107,0x29,0x28,0x1109,0x29,0x28,0x110b,0x29,0x28,0x110c,0x29,0x28,0x110e,0x29,0x28,0x110f,0x29,0x28,0x1110,0x29,0x28,0x1111,0x29,0x28,0x1112,0x29,0x28,0x1100,0x1161,0x29,0x28,0x1102,0x1161,0x29,0x28,0x1103,0x1161,0x29,0x28,0x1105,0x1161,0x29,0x28,0x1106,0x1161,0x29,0x28,0x1107,0x1161,0x29,0x28,0x1109,0x1161,0x29,0x28,0x110b,0x1161,0x29,0x28,0x110c,0x1161,0x29,0x28,0x110e,0x1161,0x29,0x28,0x110f,0x1161,0x29,0x28,0x1110,0x1161,0x29,0x28,0x1111,0x1161,0x29,0x28,0x1112,0x1161,0x29,0x28,0x110c,0x116e,0x29,0x28,0x110b,0x1169,0x110c,0x1165,0x11ab,0x29,0x28,0x110b,0x1169,0x1112,0x116e,0x29,0x28,0x4e00,0x29,0x28,0x4e8c,0x29,0x28,0x4e09,0x29,0x28,0x56db,0x29,0x28,0x4e94,0x29,0x28,0x516d,0x29,0x28,0x4e03,0x29,0x28,0x516b,0x29,0x28,0x4e5d,0x29,0x28,0x5341,0x29,0x28,0x6708,0x29,0x28,0x706b,0x29,0x28,0x6c34,0x29,0x28,0x6728,0x29,0x28,0x91d1,0x29,0x28,0x571f,0x29,0x28,0x65e5,0x29,0x28,0x682a,0x29,0x28,0x6709,0x29,0x28,0x793e,0x29,0x28,0x540d,0x29,0x28,0x7279,0x29,0x28,0x8ca1,0x29,0x28,0x795d,0x29,0x28,0x52b4,0x29,0x28,0x4ee3,0x29,0x28,0x547c,0x29,0x28,0x5b66,0x29,0x28,0x76e3,0x29,0x28,0x4f01,0x29,0x28,0x8cc7,0x29,0x28,0x5354,0x29,0x28,0x796d,0x29,0x28,0x4f11,0x29,0x28,0x81ea,0x29,0x28,0x81f3,0x29,0x554f,0x5e7c,0x6587,0x7b8f,0x50,0x54,0x45,0x32,0x31,0x32,0x32,0x32,0x33,0x32,0x34,0x32,0x35,0x32,0x36,0x32,0x37,0x32,0x38,0x32,0x39,0x33,0x30,0x33,0x31,0x33,0x32,0x33,0x33,0x33,0x34,0x33,0x35,0x1100,0x1102,0x1103,0x1105,0x1106,0x1107,0x1109,0x110b,0x110c,0x110e,0x110f,0x1110,0x1111,0x1112,0x1100,0x1161,0x1102,0x1161,0x1103,0x1161,0x1105,0x1161,0x1106,0x1161,0x1107,0x1161,0x1109,0x1161,0x110b,0x1161,0x110c,0x1161,0x110e,0x1161,0x110f,0x1161,0x1110,0x1161,0x1111,0x1161,0x1112,0x1161,0x110e,0x1161,0x11b7,0x1100,0x1169,0x110c,0x116e,0x110b,0x1174,0x110b,0x116e,0x4e00,0x4e8c,0x4e09,0x56db,0x4e94,0x516d,0x4e03,0x516b,0x4e5d,0x5341,0x6708,0x706b,0x6c34,0x6728,0x91d1,0x571f,0x65e5,0x682a,0x6709,0x793e,0x540d,0x7279,0x8ca1,0x795d,0x52b4,0x79d8,0x7537,0x5973,0x9069,0x512a,0x5370,0x6ce8,0x9805,0x4f11,0x5199,0x6b63,0x4e0a,0x4e2d,0x4e0b,0x5de6,0x53f3,0x533b,0x5b97,0x5b66,0x76e3,0x4f01,0x8cc7,0x5354,0x591c,0x33,0x36,0x33,0x37,0x33,0x38,0x33,0x39,0x34,0x30,0x34,0x31,0x34,0x32,0x34,0x33,0x34,0x34,0x34,0x35,0x34,0x36,0x34,0x37,0x34,0x38,0x34,0x39,0x35,0x30,0x31,0x6708,0x32,0x6708,0x33,0x6708,0x34,0x6708,0x35,0x6708,0x36,0x6708,0x37,0x6708,0x38,0x6708,0x39,0x6708,0x31,0x30,0x6708,0x31,0x31,0x6708,0x31,0x32,0x6708,0x48,0x67,0x65,0x72,0x67,0x65,0x56,0x4c,0x54,0x44,0x30a2,0x30a4,0x30a6,0x30a8,0x30aa,0x30ab,0x30ad,0x30af,0x30b1,0x30b3,0x30b5,0x30b7,0x30b9,0x30bb,0x30bd,0x30bf,0x30c1,0x30c4,0x30c6,0x30c8,0x30ca,0x30cb,0x30cc,0x30cd,0x30ce,0x30cf,0x30d2,0x30d5,0x30d8,0x30db,0x30de,0x30df,0x30e0,0x30e1,0x30e2,0x30e4,0x30e6,0x30e8,0x30e9,0x30ea,0x30eb,0x30ec,0x30ed,0x30ef,0x30f0,0x30f1,0x30f2,0x4ee4,0x548c,0x30a2,0x30d1,0x30fc,0x30c8,0x30a2,0x30eb,0x30d5,0x30a1,0x30a2,0x30f3,0x30da,0x30a2,0x30a2,0x30fc,0x30eb,0x30a4,0x30cb,0x30f3,0x30b0,0x30a4,0x30f3,0x30c1,0x30a6,0x30a9,0x30f3,0x30a8,0x30b9,0x30af,0x30fc,0x30c9,0x30a8,0x30fc,0x30ab,0x30fc,0x30aa,0x30f3,0x30b9,0x30aa,0x30fc,0x30e0,0x30ab,0x30a4,0x30ea,0x30ab,0x30e9,0x30c3,0x30c8,0x30ab,0x30ed,0x30ea,0x30fc,0x30ac,0x30ed,0x30f3,0x30ac,0x30f3,0x30de,0x30ae,0x30ac,0x30ae,0x30cb,0x30fc,0x30ad,0x30e5,0x30ea,0x30fc,0x30ae,0x30eb,0x30c0,0x30fc,0x30ad,0x30ed,0x30ad,0x30ed,0x30b0,0x30e9,0x30e0,0x30ad,0x30ed,0x30e1,0x30fc,0x30c8,0x30eb,0x30ad,0x30ed,0x30ef,0x30c3,0x30c8,0x30b0,0x30e9,0x30e0,0x30b0,0x30e9,0x30e0,0x30c8,0x30f3,0x30af,0x30eb,0x30bc,0x30a4,0x30ed,0x30af,0x30ed,0x30fc,0x30cd,0x30b1,0x30fc,0x30b9,0x30b3,0x30eb,0x30ca,0x30b3,0x30fc,0x30dd,0x30b5,0x30a4,0x30af,0x30eb,0x30b5,0x30f3,0x30c1,0x30fc,0x30e0,0x30b7,0x30ea,0x30f3,0x30b0,0x30bb,0x30f3,0x30c1,0x30bb,0x30f3,0x30c8,0x30c0,0x30fc,0x30b9,0x30c7,0x30b7,0x30c9,0x30eb,0x30c8,0x30f3,0x30ca,0x30ce,0x30ce,0x30c3,0x30c8,0x30cf,0x30a4,0x30c4,0x30d1,0x30fc,0x30bb,0x30f3,0x30c8,0x30d1,0x30fc,0x30c4,0x30d0,0x30fc,0x30ec,0x30eb,0x30d4,0x30a2,0x30b9,0x30c8,0x30eb,0x30d4,0x30af,0x30eb,0x30d4,0x30b3,0x30d3,0x30eb,0x30d5,0x30a1,0x30e9,0x30c3,0x30c9,0x30d5,0x30a3,0x30fc,0x30c8,0x30d6,0x30c3,0x30b7,0x30a7,0x30eb,0x30d5,0x30e9,0x30f3,0x30d8,0x30af,0x30bf,0x30fc,0x30eb,0x30da,0x30bd,0x30da,0x30cb,0x30d2,0x30d8,0x30eb,0x30c4,0x30da,0x30f3,0x30b9,0x30da,0x30fc,0x30b8,0x30d9,0x30fc,0x30bf,0x30dd,0x30a4,0x30f3,0x30c8,0x30dc,0x30eb,0x30c8,0x30db,0x30f3,0x30dd,0x30f3,0x30c9,0x30db,0x30fc,0x30eb,0x30db,0x30fc,0x30f3,0x30de,0x30a4,0x30af,0x30ed,0x30de,0x30a4,0x30eb,0x30de,0x30c3,0x30cf,0x30de,0x30eb,0x30af,0x30de,0x30f3,0x30b7,0x30e7,0x30f3,0x30df,0x30af,0x30ed,0x30f3,0x30df,0x30ea,0x30df,0x30ea,0x30d0,0x30fc,0x30eb,0x30e1,0x30ac,0x30e1,0x30ac,0x30c8,0x30f3,0x30e1,0x30fc,0x30c8,0x30eb,0x30e4,0x30fc,0x30c9,0x30e4,0x30fc,0x30eb,0x30e6,0x30a2,0x30f3,0x30ea,0x30c3,0x30c8,0x30eb,0x30ea,0x30e9,0x30eb,0x30d4,0x30fc,0x30eb,0x30fc,0x30d6,0x30eb,0x30ec,0x30e0,0x30ec,0x30f3,0x30c8,0x30b2,0x30f3,0x30ef,0x30c3,0x30c8,0x30,0x70b9,0x31,0x70b9,0x32,0x70b9,0x33,0x70b9,0x34,0x70b9,0x35,0x70b9,0x36,0x70b9,0x37,0x70b9,0x38,0x70b9,0x39,0x70b9,0x31,0x30,0x70b9,0x31,0x31,0x70b9,0x31,0x32,0x70b9,0x31,0x33,0x70b9,0x31,0x34,0x70b9,0x31,0x35,0x70b9,0x31,0x36,0x70b9,0x31,0x37,0x70b9,0x31,0x38,0x70b9,0x31,0x39,0x70b9,0x32,0x30,0x70b9,0x32,0x31,0x70b9,0x32,0x32,0x70b9,0x32,0x33,0x70b9,0x32,0x34,0x70b9,0x68,0x50,0x61,0x64,0x61,0x41,0x55,0x62,0x61,0x72,0x6f,0x56,0x70,0x63,0x64,0x6d,0x64,0x6d,0xb2,0x64,0x6d,0xb3,0x49,0x55,0x5e73,0x6210,0x662d,0x548c,0x5927,0x6b63,0x660e,0x6cbb,0x682a,0x5f0f,0x4f1a,0x793e,0x70,0x41,0x6e,0x41,0x3bc,0x41,0x6d,0x41,0x6b,0x41,0x4b,0x42,0x4d,0x42,0x47,0x42,0x63,0x61,0x6c,0x6b,0x63,0x61,0x6c,0x70,0x46,0x6e,0x46,0x3bc,0x46,0x3bc,0x67,0x6d,0x67,0x6b,0x67,0x48,0x7a,0x6b,0x48,0x7a,0x4d,0x48,0x7a,0x47,0x48,0x7a,0x54,0x48,0x7a,0x3bc,0x2113,0x6d,0x2113,0x64,0x2113,0x6b,0x2113,0x66,0x6d,0x6e,0x6d,0x3bc,0x6d,0x6d,0x6d,0x63,0x6d,0x6b,0x6d,0x6d,0x6d,0xb2,0x63,0x6d,0xb2,0x6d,0xb2,0x6b,0x6d,0xb2,0x6d,0x6d,0xb3,0x63,0x6d,0xb3,0x6d,0xb3,0x6b,0x6d,0xb3,0x6d,0x2215,0x73,0x6d,0x2215,0x73,0xb2,0x50,0x61,0x6b,0x50,0x61,0x4d,0x50,0x61,0x47,0x50,0x61,0x72,0x61,0x64,0x72,0x61,0x64,0x2215,0x73,0x72,0x61,0x64,0x2215,0x73,0xb2,0x70,0x73,0x6e,0x73,0x3bc,0x73,0x6d,0x73,0x70,0x56,0x6e,0x56,0x3bc,0x56,0x6d,0x56,0x6b,0x56,0x4d,0x56,0x70,0x57,0x6e,0x57,0x3bc,0x57,0x6d,0x57,0x6b,0x57,0x4d,0x57,0x6b,0x3a9,0x4d,0x3a9,0x61,0x2e,0x6d,0x2e,0x42,0x71,0x63,0x63,0x63,0x64,0x43,0x2215,0x6b,0x67,0x43,0x6f,0x2e,0x64,0x42,0x47,0x79,0x68,0x61,0x48,0x50,0x69,0x6e,0x4b,0x4b,0x4b,0x4d,0x6b,0x74,0x6c,0x6d,0x6c,0x6e,0x6c,0x6f,0x67,0x6c,0x78,0x6d,0x62,0x6d,0x69,0x6c,0x6d,0x6f,0x6c,0x50,0x48,0x70,0x2e,0x6d,0x2e,0x50,0x50,0x4d,0x50,0x52,0x73,0x72,0x53,0x76,0x57,0x62,0x56,0x2215,0x6d,0x41,0x2215,0x6d,0x31,0x65e5,0x32,0x65e5,0x33,0x65e5,0x34,0x65e5,0x35,0x65e5,0x36,0x65e5,0x37,0x65e5,0x38,0x65e5,0x39,0x65e5,0x31,0x30,0x65e5,0x31,0x31,0x65e5,0x31,0x32,0x65e5,0x31,0x33,0x65e5,0x31,0x34,0x65e5,0x31,0x35,0x65e5,0x31,0x36,0x65e5,0x31,0x37,0x65e5,0x31,0x38,0x65e5,0x31,0x39,0x65e5,0x32,0x30,0x65e5,0x32,0x31,0x65e5,0x32,0x32,0x65e5,0x32,0x33,0x65e5,0x32,0x34,0x65e5,0x32,0x35,0x65e5,0x32,0x36,0x65e5,0x32,0x37,0x65e5,0x32,0x38,0x65e5,0x32,0x39,0x65e5,0x33,0x30,0x65e5,0x33,0x31,0x65e5,0x67,0x61,0x6c,0x44a,0x44c,0xa76f,0x43,0x46,0x51,0x126,0x153,0xa727,0xab37,0x26b,0xab52,0x28d,0x8c48,0x66f4,0x8eca,0x8cc8,0x6ed1,0x4e32,0x53e5,0x9f9c,0x9f9c,0x5951,0x91d1,0x5587,0x5948,0x61f6,0x7669,0x7f85,0x863f,0x87ba,0x88f8,0x908f,0x6a02,0x6d1b,0x70d9,0x73de,0x843d,0x916a,0x99f1,0x4e82,0x5375,0x6b04,0x721b,0x862d,0x9e1e,0x5d50,0x6feb,0x85cd,0x8964,0x62c9,0x81d8,0x881f,0x5eca,0x6717,0x6d6a,0x72fc,0x90ce,0x4f86,0x51b7,0x52de,0x64c4,0x6ad3,0x7210,0x76e7,0x8001,0x8606,0x865c,0x8def,0x9732,0x9b6f,0x9dfa,0x788c,0x797f,0x7da0,0x83c9,0x9304,0x9e7f,0x8ad6,0x58df,0x5f04,0x7c60,0x807e,0x7262,0x78ca,0x8cc2,0x96f7,0x58d8,0x5c62,0x6a13,0x6dda,0x6f0f,0x7d2f,0x7e37,0x964b,0x52d2,0x808b,0x51dc,0x51cc,0x7a1c,0x7dbe,0x83f1,0x9675,0x8b80,0x62cf,0x6a02,0x8afe,0x4e39,0x5be7,0x6012,0x7387,0x7570,0x5317,0x78fb,0x4fbf,0x5fa9,0x4e0d,0x6ccc,0x6578,0x7d22,0x53c3,0x585e,0x7701,0x8449,0x8aaa,0x6bba,0x8fb0,0x6c88,0x62fe,0x82e5,0x63a0,0x7565,0x4eae,0x5169,0x51c9,0x6881,0x7ce7,0x826f,0x8ad2,0x91cf,0x52f5,0x5442,0x5973,0x5eec,0x65c5,0x6ffe,0x792a,0x95ad,0x9a6a,0x9e97,0x9ece,0x529b,0x66c6,0x6b77,0x8f62,0x5e74,0x6190,0x6200,0x649a,0x6f23,0x7149,0x7489,0x79ca,0x7df4,0x806f,0x8f26,0x84ee,0x9023,0x934a,0x5217,0x52a3,0x54bd,0x70c8,0x88c2,0x8aaa,0x5ec9,0x5ff5,0x637b,0x6bae,0x7c3e,0x7375,0x4ee4,0x56f9,0x5be7,0x5dba,0x601c,0x73b2,0x7469,0x7f9a,0x8046,0x9234,0x96f6,0x9748,0x9818,0x4f8b,0x79ae,0x91b4,0x96b8,0x60e1,0x4e86,0x50da,0x5bee,0x5c3f,0x6599,0x6a02,0x71ce,0x7642,0x84fc,0x907c,0x9f8d,0x6688,0x962e,0x5289,0x677b,0x67f3,0x6d41,0x6e9c,0x7409,0x7559,0x786b,0x7d10,0x985e,0x516d,0x622e,0x9678,0x502b,0x5d19,0x6dea,0x8f2a,0x5f8b,0x6144,0x6817,0x7387,0x9686,0x5229,0x540f,0x5c65,0x6613,0x674e,0x68a8,0x6ce5,0x7406,0x75e2,0x7f79,0x88cf,0x88e1,0x91cc,0x96e2,0x533f,0x6eba,0x541d,0x71d0,0x7498,0x85fa,0x96a3,0x9c57,0x9e9f,0x6797,0x6dcb,0x81e8,0x7acb,0x7b20,0x7c92,0x72c0,0x7099,0x8b58,0x4ec0,0x8336,0x523a,0x5207,0x5ea6,0x62d3,0x7cd6,0x5b85,0x6d1e,0x66b4,0x8f3b,0x884c,0x964d,0x898b,0x5ed3,0x5140,0x55c0,0x585a,0x6674,0x51de,0x732a,0x76ca,0x793c,0x795e,0x7965,0x798f,0x9756,0x7cbe,0x7fbd,0x8612,0x8af8,0x9038,0x90fd,0x98ef,0x98fc,0x9928,0x9db4,0x90de,0x96b7,0x4fae,0x50e7,0x514d,0x52c9,0x52e4,0x5351,0x559d,0x5606,0x5668,0x5840,0x58a8,0x5c64,0x5c6e,0x6094,0x6168,0x618e,0x61f2,0x654f,0x65e2,0x6691,0x6885,0x6d77,0x6e1a,0x6f22,0x716e,0x722b,0x7422,0x7891,0x793e,0x7949,0x7948,0x7950,0x7956,0x795d,0x798d,0x798e,0x7a40,0x7a81,0x7bc0,0x7df4,0x7e09,0x7e41,0x7f72,0x8005,0x81ed,0x8279,0x8279,0x8457,0x8910,0x8996,0x8b01,0x8b39,0x8cd3,0x8d08,0x8fb6,0x9038,0x96e3,0x97ff,0x983b,0x6075,0x242ee,0x8218,0x4e26,0x51b5,0x5168,0x4f80,0x5145,0x5180,0x52c7,0x52fa,0x559d,0x5555,0x5599,0x55e2,0x585a,0x58b3,0x5944,0x5954,0x5a62,0x5b28,0x5ed2,0x5ed9,0x5f69,0x5fad,0x60d8,0x614e,0x6108,0x618e,0x6160,0x61f2,0x6234,0x63c4,0x641c,0x6452,0x6556,0x6674,0x6717,0x671b,0x6756,0x6b79,0x6bba,0x6d41,0x6edb,0x6ecb,0x6f22,0x701e,0x716e,0x77a7,0x7235,0x72af,0x732a,0x7471,0x7506,0x753b,0x761d,0x761f,0x76ca,0x76db,0x76f4,0x774a,0x7740,0x78cc,0x7ab1,0x7bc0,0x7c7b,0x7d5b,0x7df4,0x7f3e,0x8005,0x8352,0x83ef,0x8779,0x8941,0x8986,0x8996,0x8abf,0x8af8,0x8acb,0x8b01,0x8afe,0x8aed,0x8b39,0x8b8a,0x8d08,0x8f38,0x9072,0x9199,0x9276,0x967c,0x96e3,0x9756,0x97db,0x97ff,0x980b,0x983b,0x9b12,0x9f9c,0x2284a,0x22844,0x233d5,0x3b9d,0x4018,0x4039,0x25249,0x25cd0,0x27ed3,0x9f43,0x9f8e,0x66,0x66,0x66,0x69,0x66,0x6c,0x66,0x66,0x69,0x66,0x66,0x6c,0x17f,0x74,0x73,0x74,0x574,0x576,0x574,0x565,0x574,0x56b,0x57e,0x576,0x574,0x56d,0x5d9,0x5b4,0x5f2,0x5b7,0x5e2,0x5d0,0x5d3,0x5d4,0x5db,0x5dc,0x5dd,0x5e8,0x5ea,0x2b,0x5e9,0x5c1,0x5e9,0x5c2,0xfb49,0x5c1,0xfb49,0x5c2,0x5d0,0x5b7,0x5d0,0x5b8,0x5d0,0x5bc,0x5d1,0x5bc,0x5d2,0x5bc,0x5d3,0x5bc,0x5d4,0x5bc,0x5d5,0x5bc,0x5d6,0x5bc,0x5d8,0x5bc,0x5d9,0x5bc,0x5da,0x5bc,0x5db,0x5bc,0x5dc,0x5bc,0x5de,0x5bc,0x5e0,0x5bc,0x5e1,0x5bc,0x5e3,0x5bc,0x5e4,0x5bc,0x5e6,0x5bc,0x5e7,0x5bc,0x5e8,0x5bc,0x5e9,0x5bc,0x5ea,0x5bc,0x5d5,0x5b9,0x5d1,0x5bf,0x5db,0x5bf,0x5e4,0x5bf,0x5d0,0x5dc,0x671,0x671,0x67b,0x67b,0x67b,0x67b,0x67e,0x67e,0x67e,0x67e,0x680,0x680,0x680,0x680,0x67a,0x67a,0x67a,0x67a,0x67f,0x67f,0x67f,0x67f,0x679,0x679,0x679,0x679,0x6a4,0x6a4,0x6a4,0x6a4,0x6a6,0x6a6,0x6a6,0x6a6,0x684,0x684,0x684,0x684,0x683,0x683,0x683,0x683,0x686,0x686,0x686,0x686,0x687,0x687,0x687,0x687,0x68d,0x68d,0x68c,0x68c,0x68e,0x68e,0x688,0x688,0x698,0x698,0x691,0x691,0x6a9,0x6a9,0x6a9,0x6a9,0x6af,0x6af,0x6af,0x6af,0x6b3,0x6b3,0x6b3,0x6b3,0x6b1,0x6b1,0x6b1,0x6b1,0x6ba,0x6ba,0x6bb,0x6bb,0x6bb,0x6bb,0x6c0,0x6c0,0x6c1,0x6c1,0x6c1,0x6c1,0x6be,0x6be,0x6be,0x6be,0x6d2,0x6d2,0x6d3,0x6d3,0x6ad,0x6ad,0x6ad,0x6ad,0x6c7,0x6c7,0x6c6,0x6c6,0x6c8,0x6c8,0x677,0x6cb,0x6cb,0x6c5,0x6c5,0x6c9,0x6c9,0x6d0,0x6d0,0x6d0,0x6d0,0x649,0x649,0x626,0x627,0x626,0x627,0x626,0x6d5,0x626,0x6d5,0x626,0x648,0x626,0x648,0x626,0x6c7,0x626,0x6c7,0x626,0x6c6,0x626,0x6c6,0x626,0x6c8,0x626,0x6c8,0x626,0x6d0,0x626,0x6d0,0x626,0x6d0,0x626,0x649,0x626,0x649,0x626,0x649,0x6cc,0x6cc,0x6cc,0x6cc,0x626,0x62c,0x626,0x62d,0x626,0x645,0x626,0x649,0x626,0x64a,0x628,0x62c,0x628,0x62d,0x628,0x62e,0x628,0x645,0x628,0x649,0x628,0x64a,0x62a,0x62c,0x62a,0x62d,0x62a,0x62e,0x62a,0x645,0x62a,0x649,0x62a,0x64a,0x62b,0x62c,0x62b,0x645,0x62b,0x649,0x62b,0x64a,0x62c,0x62d,0x62c,0x645,0x62d,0x62c,0x62d,0x645,0x62e,0x62c,0x62e,0x62d,0x62e,0x645,0x633,0x62c,0x633,0x62d,0x633,0x62e,0x633,0x645,0x635,0x62d,0x635,0x645,0x636,0x62c,0x636,0x62d,0x636,0x62e,0x636,0x645,0x637,0x62d,0x637,0x645,0x638,0x645,0x639,0x62c,0x639,0x645,0x63a,0x62c,0x63a,0x645,0x641,0x62c,0x641,0x62d,0x641,0x62e,0x641,0x645,0x641,0x649,0x641,0x64a,0x642,0x62d,0x642,0x645,0x642,0x649,0x642,0x64a,0x643,0x627,0x643,0x62c,0x643,0x62d,0x643,0x62e,0x643,0x644,0x643,0x645,0x643,0x649,0x643,0x64a,0x644,0x62c,0x644,0x62d,0x644,0x62e,0x644,0x645,0x644,0x649,0x644,0x64a,0x645,0x62c,0x645,0x62d,0x645,0x62e,0x645,0x645,0x645,0x649,0x645,0x64a,0x646,0x62c,0x646,0x62d,0x646,0x62e,0x646,0x645,0x646,0x649,0x646,0x64a,0x647,0x62c,0x647,0x645,0x647,0x649,0x647,0x64a,0x64a,0x62c,0x64a,0x62d,0x64a,0x62e,0x64a,0x645,0x64a,0x649,0x64a,0x64a,0x630,0x670,0x631,0x670,0x649,0x670,0x20,0x64c,0x651,0x20,0x64d,0x651,0x20,0x64e,0x651,0x20,0x64f,0x651,0x20,0x650,0x651,0x20,0x651,0x670,0x626,0x631,0x626,0x632,0x626,0x645,0x626,0x646,0x626,0x649,0x626,0x64a,0x628,0x631,0x628,0x632,0x628,0x645,0x628,0x646,0x628,0x649,0x628,0x64a,0x62a,0x631,0x62a,0x632,0x62a,0x645,0x62a,0x646,0x62a,0x649,0x62a,0x64a,0x62b,0x631,0x62b,0x632,0x62b,0x645,0x62b,0x646,0x62b,0x649,0x62b,0x64a,0x641,0x649,0x641,0x64a,0x642,0x649,0x642,0x64a,0x643,0x627,0x643,0x644,0x643,0x645,0x643,0x649,0x643,0x64a,0x644,0x645,0x644,0x649,0x644,0x64a,0x645,0x627,0x645,0x645,0x646,0x631,0x646,0x632,0x646,0x645,0x646,0x646,0x646,0x649,0x646,0x64a,0x649,0x670,0x64a,0x631,0x64a,0x632,0x64a,0x645,0x64a,0x646,0x64a,0x649,0x64a,0x64a,0x626,0x62c,0x626,0x62d,0x626,0x62e,0x626,0x645,0x626,0x647,0x628,0x62c,0x628,0x62d,0x628,0x62e,0x628,0x645,0x628,0x647,0x62a,0x62c,0x62a,0x62d,0x62a,0x62e,0x62a,0x645,0x62a,0x647,0x62b,0x645,0x62c,0x62d,0x62c,0x645,0x62d,0x62c,0x62d,0x645,0x62e,0x62c,0x62e,0x645,0x633,0x62c,0x633,0x62d,0x633,0x62e,0x633,0x645,0x635,0x62d,0x635,0x62e,0x635,0x645,0x636,0x62c,0x636,0x62d,0x636,0x62e,0x636,0x645,0x637,0x62d,0x638,0x645,0x639,0x62c,0x639,0x645,0x63a,0x62c,0x63a,0x645,0x641,0x62c,0x641,0x62d,0x641,0x62e,0x641,0x645,0x642,0x62d,0x642,0x645,0x643,0x62c,0x643,0x62d,0x643,0x62e,0x643,0x644,0x643,0x645,0x644,0x62c,0x644,0x62d,0x644,0x62e,0x644,0x645,0x644,0x647,0x645,0x62c,0x645,0x62d,0x645,0x62e,0x645,0x645,0x646,0x62c,0x646,0x62d,0x646,0x62e,0x646,0x645,0x646,0x647,0x647,0x62c,0x647,0x645,0x647,0x670,0x64a,0x62c,0x64a,0x62d,0x64a,0x62e,0x64a,0x645,0x64a,0x647,0x626,0x645,0x626,0x647,0x628,0x645,0x628,0x647,0x62a,0x645,0x62a,0x647,0x62b,0x645,0x62b,0x647,0x633,0x645,0x633,0x647,0x634,0x645,0x634,0x647,0x643,0x644,0x643,0x645,0x644,0x645,0x646,0x645,0x646,0x647,0x64a,0x645,0x64a,0x647,0x640,0x64e,0x651,0x640,0x64f,0x651,0x640,0x650,0x651,0x637,0x649,0x637,0x64a,0x639,0x649,0x639,0x64a,0x63a,0x649,0x63a,0x64a,0x633,0x649,0x633,0x64a,0x634,0x649,0x634,0x64a,0x62d,0x649,0x62d,0x64a,0x62c,0x649,0x62c,0x64a,0x62e,0x649,0x62e,0x64a,0x635,0x649,0x635,0x64a,0x636,0x649,0x636,0x64a,0x634,0x62c,0x634,0x62d,0x634,0x62e,0x634,0x645,0x634,0x631,0x633,0x631,0x635,0x631,0x636,0x631,0x637,0x649,0x637,0x64a,0x639,0x649,0x639,0x64a,0x63a,0x649,0x63a,0x64a,0x633,0x649,0x633,0x64a,0x634,0x649,0x634,0x64a,0x62d,0x649,0x62d,0x64a,0x62c,0x649,0x62c,0x64a,0x62e,0x649,0x62e,0x64a,0x635,0x649,0x635,0x64a,0x636,0x649,0x636,0x64a,0x634,0x62c,0x634,0x62d,0x634,0x62e,0x634,0x645,0x634,0x631,0x633,0x631,0x635,0x631,0x636,0x631,0x634,0x62c,0x634,0x62d,0x634,0x62e,0x634,0x645,0x633,0x647,0x634,0x647,0x637,0x645,0x633,0x62c,0x633,0x62d,0x633,0x62e,0x634,0x62c,0x634,0x62d,0x634,0x62e,0x637,0x645,0x638,0x645,0x627,0x64b,0x627,0x64b,0x62a,0x62c,0x645,0x62a,0x62d,0x62c,0x62a,0x62d,0x62c,0x62a,0x62d,0x645,0x62a,0x62e,0x645,0x62a,0x645,0x62c,0x62a,0x645,0x62d,0x62a,0x645,0x62e,0x62c,0x645,0x62d,0x62c,0x645,0x62d,0x62d,0x645,0x64a,0x62d,0x645,0x649,0x633,0x62d,0x62c,0x633,0x62c,0x62d,0x633,0x62c,0x649,0x633,0x645,0x62d,0x633,0x645,0x62d,0x633,0x645,0x62c,0x633,0x645,0x645,0x633,0x645,0x645,0x635,0x62d,0x62d,0x635,0x62d,0x62d,0x635,0x645,0x645,0x634,0x62d,0x645,0x634,0x62d,0x645,0x634,0x62c,0x64a,0x634,0x645,0x62e,0x634,0x645,0x62e,0x634,0x645,0x645,0x634,0x645,0x645,0x636,0x62d,0x649,0x636,0x62e,0x645,0x636,0x62e,0x645,0x637,0x645,0x62d,0x637,0x645,0x62d,0x637,0x645,0x645,0x637,0x645,0x64a,0x639,0x62c,0x645,0x639,0x645,0x645,0x639,0x645,0x645,0x639,0x645,0x649,0x63a,0x645,0x645,0x63a,0x645,0x64a,0x63a,0x645,0x649,0x641,0x62e,0x645,0x641,0x62e,0x645,0x642,0x645,0x62d,0x642,0x645,0x645,0x644,0x62d,0x645,0x644,0x62d,0x64a,0x644,0x62d,0x649,0x644,0x62c,0x62c,0x644,0x62c,0x62c,0x644,0x62e,0x645,0x644,0x62e,0x645,0x644,0x645,0x62d,0x644,0x645,0x62d,0x645,0x62d,0x62c,0x645,0x62d,0x645,0x645,0x62d,0x64a,0x645,0x62c,0x62d,0x645,0x62c,0x645,0x645,0x62e,0x62c,0x645,0x62e,0x645,0x645,0x62c,0x62e,0x647,0x645,0x62c,0x647,0x645,0x645,0x646,0x62d,0x645,0x646,0x62d,0x649,0x646,0x62c,0x645,0x646,0x62c,0x645,0x646,0x62c,0x649,0x646,0x645,0x64a,0x646,0x645,0x649,0x64a,0x645,0x645,0x64a,0x645,0x645,0x628,0x62e,0x64a,0x62a,0x62c,0x64a,0x62a,0x62c,0x649,0x62a,0x62e,0x64a,0x62a,0x62e,0x649,0x62a,0x645,0x64a,0x62a,0x645,0x649,0x62c,0x645,0x64a,0x62c,0x62d,0x649,0x62c,0x645,0x649,0x633,0x62e,0x649,0x635,0x62d,0x64a,0x634,0x62d,0x64a,0x636,0x62d,0x64a,0x644,0x62c,0x64a,0x644,0x645,0x64a,0x64a,0x62d,0x64a,0x64a,0x62c,0x64a,0x64a,0x645,0x64a,0x645,0x645,0x64a,0x642,0x645,0x64a,0x646,0x62d,0x64a,0x642,0x645,0x62d,0x644,0x62d,0x645,0x639,0x645,0x64a,0x643,0x645,0x64a,0x646,0x62c,0x62d,0x645,0x62e,0x64a,0x644,0x62c,0x645,0x643,0x645,0x645,0x644,0x62c,0x645,0x646,0x62c,0x62d,0x62c,0x62d,0x64a,0x62d,0x62c,0x64a,0x645,0x62c,0x64a,0x641,0x645,0x64a,0x628,0x62d,0x64a,0x643,0x645,0x645,0x639,0x62c,0x645,0x635,0x645,0x645,0x633,0x62e,0x64a,0x646,0x62c,0x64a,0x635,0x644,0x6d2,0x642,0x644,0x6d2,0x627,0x644,0x644,0x647,0x627,0x643,0x628,0x631,0x645,0x62d,0x645,0x62f,0x635,0x644,0x639,0x645,0x631,0x633,0x648,0x644,0x639,0x644,0x64a,0x647,0x648,0x633,0x644,0x645,0x635,0x644,0x649,0x635,0x644,0x649,0x20,0x627,0x644,0x644,0x647,0x20,0x639,0x644,0x64a,0x647,0x20,0x648,0x633,0x644,0x645,0x62c,0x644,0x20,0x62c,0x644,0x627,0x644,0x647,0x631,0x6cc,0x627,0x644,0x2c,0x3001,0x3002,0x3a,0x3b,0x21,0x3f,0x3016,0x3017,0x2026,0x2025,0x2014,0x2013,0x5f,0x5f,0x28,0x29,0x7b,0x7d,0x3014,0x3015,0x3010,0x3011,0x300a,0x300b,0x3008,0x3009,0x300c,0x300d,0x300e,0x300f,0x5b,0x5d,0x203e,0x203e,0x203e,0x203e,0x5f,0x5f,0x5f,0x2c,0x3001,0x2e,0x3b,0x3a,0x3f,0x21,0x2014,0x28,0x29,0x7b,0x7d,0x3014,0x3015,0x23,0x26,0x2a,0x2b,0x2d,0x3c,0x3e,0x3d,0x5c,0x24,0x25,0x40,0x20,0x64b,0x640,0x64b,0x20,0x64c,0x20,0x64d,0x20,0x64e,0x640,0x64e,0x20,0x64f,0x640,0x64f,0x20,0x650,0x640,0x650,0x20,0x651,0x640,0x651,0x20,0x652,0x640,0x652,0x621,0x622,0x622,0x623,0x623,0x624,0x624,0x625,0x625,0x626,0x626,0x626,0x626,0x627,0x627,0x628,0x628,0x628,0x628,0x629,0x629,0x62a,0x62a,0x62a,0x62a,0x62b,0x62b,0x62b,0x62b,0x62c,0x62c,0x62c,0x62c,0x62d,0x62d,0x62d,0x62d,0x62e,0x62e,0x62e,0x62e,0x62f,0x62f,0x630,0x630,0x631,0x631,0x632,0x632,0x633,0x633,0x633,0x633,0x634,0x634,0x634,0x634,0x635,0x635,0x635,0x635,0x636,0x636,0x636,0x636,0x637,0x637,0x637,0x637,0x638,0x638,0x638,0x638,0x639,0x639,0x639,0x639,0x63a,0x63a,0x63a,0x63a,0x641,0x641,0x641,0x641,0x642,0x642,0x642,0x642,0x643,0x643,0x643,0x643,0x644,0x644,0x644,0x644,0x645,0x645,0x645,0x645,0x646,0x646,0x646,0x646,0x647,0x647,0x647,0x647,0x648,0x648,0x649,0x649,0x64a,0x64a,0x64a,0x64a,0x644,0x622,0x644,0x622,0x644,0x623,0x644,0x623,0x644,0x625,0x644,0x625,0x644,0x627,0x644,0x627,0x21,0x22,0x23,0x24,0x25,0x26,0x27,0x28,0x29,0x2a,0x2b,0x2c,0x2d,0x2e,0x2f,0x30,0x31,0x32,0x33,0x34,0x35,0x36,0x37,0x38,0x39,0x3a,0x3b,0x3c,0x3d,0x3e,0x3f,0x40,0x41,0x42,0x43,0x44,0x45,0x46,0x47,0x48,0x49,0x4a,0x4b,0x4c,0x4d,0x4e,0x4f,0x50,0x51,0x52,0x53,0x54,0x55,0x56,0x57,0x58,0x59,0x5a,0x5b,0x5c,0x5d,0x5e,0x5f,0x60,0x61,0x62,0x63,0x64,0x65,0x66,0x67,0x68,0x69,0x6a,0x6b,0x6c,0x6d,0x6e,0x6f,0x70,0x71,0x72,0x73,0x74,0x75,0x76,0x77,0x78,0x79,0x7a,0x7b,0x7c,0x7d,0x7e,0x2985,0x2986,0x3002,0x300c,0x300d,0x3001,0x30fb,0x30f2,0x30a1,0x30a3,0x30a5,0x30a7,0x30a9,0x30e3,0x30e5,0x30e7,0x30c3,0x30fc,0x30a2,0x30a4,0x30a6,0x30a8,0x30aa,0x30ab,0x30ad,0x30af,0x30b1,0x30b3,0x30b5,0x30b7,0x30b9,0x30bb,0x30bd,0x30bf,0x30c1,0x30c4,0x30c6,0x30c8,0x30ca,0x30cb,0x30cc,0x30cd,0x30ce,0x30cf,0x30d2,0x30d5,0x30d8,0x30db,0x30de,0x30df,0x30e0,0x30e1,0x30e2,0x30e4,0x30e6,0x30e8,0x30e9,0x30ea,0x30eb,0x30ec,0x30ed,0x30ef,0x30f3,0x3099,0x309a,0x3164,0x3131,0x3132,0x3133,0x3134,0x3135,0x3136,0x3137,0x3138,0x3139,0x313a,0x313b,0x313c,0x313d,0x313e,0x313f,0x3140,0x3141,0x3142,0x3143,0x3144,0x3145,0x3146,0x3147,0x3148,0x3149,0x314a,0x314b,0x314c,0x314d,0x314e,0x314f,0x3150,0x3151,0x3152,0x3153,0x3154,0x3155,0x3156,0x3157,0x3158,0x3159,0x315a,0x315b,0x315c,0x315d,0x315e,0x315f,0x3160,0x3161,0x3162,0x3163,0xa2,0xa3,0xac,0xaf,0xa6,0xa5,0x20a9,0x2502,0x2190,0x2191,0x2192,0x2193,0x25a0,0x25cb,0x2d0,0x2d1,0xe6,0x299,0x253,0x2a3,0xab66,0x2a5,0x2a4,0x256,0x257,0x1d91,0x258,0x25e,0x2a9,0x264,0x262,0x260,0x29b,0x127,0x29c,0x267,0x284,0x2aa,0x2ab,0x26c,0x1df04,0xa78e,0x26e,0x1df05,0x28e,0x1df06,0xf8,0x276,0x277,0x71,0x27a,0x1df08,0x27d,0x27e,0x280,0x2a8,0x2a6,0xab67,0x2a7,0x288,0x2c71,0x28f,0x2a1,0x2a2,0x298,0x1c0,0x1c1,0x1c2,0x1df0a,0x1df1e,0x11099,0x110ba,0x1109b,0x110ba,0x110a5,0x110ba,0x11131,0x11127,0x11132,0x11127,0x11347,0x1133e,0x11347,0x11357,0x114b9,0x114ba,0x114b9,0x114b0,0x114b9,0x114bd,0x115b8,0x115af,0x115b9,0x115af,0x11935,0x11930,0x1d157,0x1d165,0x1d158,0x1d165,0x1d15f,0x1d16e,0x1d15f,0x1d16f,0x1d15f,0x1d170,0x1d15f,0x1d171,0x1d15f,0x1d172,0x1d1b9,0x1d165,0x1d1ba,0x1d165,0x1d1bb,0x1d16e,0x1d1bc,0x1d16e,0x1d1bb,0x1d16f,0x1d1bc,0x1d16f,0x41,0x42,0x43,0x44,0x45,0x46,0x47,0x48,0x49,0x4a,0x4b,0x4c,0x4d,0x4e,0x4f,0x50,0x51,0x52,0x53,0x54,0x55,0x56,0x57,0x58,0x59,0x5a,0x61,0x62,0x63,0x64,0x65,0x66,0x67,0x68,0x69,0x6a,0x6b,0x6c,0x6d,0x6e,0x6f,0x70,0x71,0x72,0x73,0x74,0x75,0x76,0x77,0x78,0x79,0x7a,0x41,0x42,0x43,0x44,0x45,0x46,0x47,0x48,0x49,0x4a,0x4b,0x4c,0x4d,0x4e,0x4f,0x50,0x51,0x52,0x53,0x54,0x55,0x56,0x57,0x58,0x59,0x5a,0x61,0x62,0x63,0x64,0x65,0x66,0x67,0x69,0x6a,0x6b,0x6c,0x6d,0x6e,0x6f,0x70,0x71,0x72,0x73,0x74,0x75,0x76,0x77,0x78,0x79,0x7a,0x41,0x42,0x43,0x44,0x45,0x46,0x47,0x48,0x49,0x4a,0x4b,0x4c,0x4d,0x4e,0x4f,0x50,0x51,0x52,0x53,0x54,0x55,0x56,0x57,0x58,0x59,0x5a,0x61,0x62,0x63,0x64,0x65,0x66,0x67,0x68,0x69,0x6a,0x6b,0x6c,0x6d,0x6e,0x6f,0x70,0x71,0x72,0x73,0x74,0x75,0x76,0x77,0x78,0x79,0x7a,0x41,0x43,0x44,0x47,0x4a,0x4b,0x4e,0x4f,0x50,0x51,0x53,0x54,0x55,0x56,0x57,0x58,0x59,0x5a,0x61,0x62,0x63,0x64,0x66,0x68,0x69,0x6a,0x6b,0x6c,0x6d,0x6e,0x70,0x71,0x72,0x73,0x74,0x75,0x76,0x77,0x78,0x79,0x7a,0x41,0x42,0x43,0x44,0x45,0x46,0x47,0x48,0x49,0x4a,0x4b,0x4c,0x4d,0x4e,0x4f,0x50,0x51,0x52,0x53,0x54,0x55,0x56,0x57,0x58,0x59,0x5a,0x61,0x62,0x63,0x64,0x65,0x66,0x67,0x68,0x69,0x6a,0x6b,0x6c,0x6d,0x6e,0x6f,0x70,0x71,0x72,0x73,0x74,0x75,0x76,0x77,0x78,0x79,0x7a,0x41,0x42,0x44,0x45,0x46,0x47,0x4a,0x4b,0x4c,0x4d,0x4e,0x4f,0x50,0x51,0x53,0x54,0x55,0x56,0x57,0x58,0x59,0x61,0x62,0x63,0x64,0x65,0x66,0x67,0x68,0x69,0x6a,0x6b,0x6c,0x6d,0x6e,0x6f,0x70,0x71,0x72,0x73,0x74,0x75,0x76,0x77,0x78,0x79,0x7a,0x41,0x42,0x44,0x45,0x46,0x47,0x49,0x4a,0x4b,0x4c,0x4d,0x4f,0x53,0x54,0x55,0x56,0x57,0x58,0x59,0x61,0x62,0x63,0x64,0x65,0x66,0x67,0x68,0x69,0x6a,0x6b,0x6c,0x6d,0x6e,0x6f,0x70,0x71,0x72,0x73,0x74,0x75,0x76,0x77,0x78,0x79,0x7a,0x41,0x42,0x43,0x44,0x45,0x46,0x47,0x48,0x49,0x4a,0x4b,0x4c,0x4d,0x4e,0x4f,0x50,0x51,0x52,0x53,0x54,0x55,0x56,0x57,0x58,0x59,0x5a,0x61,0x62,0x63,0x64,0x65,0x66,0x67,0x68,0x69,0x6a,0x6b,0x6c,0x6d,0x6e,0x6f,0x70,0x71,0x72,0x73,0x74,0x75,0x76,0x77,0x78,0x79,0x7a,0x41,0x42,0x43,0x44,0x45,0x46,0x47,0x48,0x49,0x4a,0x4b,0x4c,0x4d,0x4e,0x4f,0x50,0x51,0x52,0x53,0x54,0x55,0x56,0x57,0x58,0x59,0x5a,0x61,0x62,0x63,0x64,0x65,0x66,0x67,0x68,0x69,0x6a,0x6b,0x6c,0x6d,0x6e,0x6f,0x70,0x71,0x72,0x73,0x74,0x75,0x76,0x77,0x78,0x79,0x7a,0x41,0x42,0x43,0x44,0x45,0x46,0x47,0x48,0x49,0x4a,0x4b,0x4c,0x4d,0x4e,0x4f,0x50,0x51,0x52,0x53,0x54,0x55,0x56,0x57,0x58,0x59,0x5a,0x61,0x62,0x63,0x64,0x65,0x66,0x67,0x68,0x69,0x6a,0x6b,0x6c,0x6d,0x6e,0x6f,0x70,0x71,0x72,0x73,0x74,0x75,0x76,0x77,0x78,0x79,0x7a,0x41,0x42,0x43,0x44,0x45,0x46,0x47,0x48,0x49,0x4a,0x4b,0x4c,0x4d,0x4e,0x4f,0x50,0x51,0x52,0x53,0x54,0x55,0x56,0x57,0x58,0x59,0x5a,0x61,0x62,0x63,0x64,0x65,0x66,0x67,0x68,0x69,0x6a,0x6b,0x6c,0x6d,0x6e,0x6f,0x70,0x71,0x72,0x73,0x74,0x75,0x76,0x77,0x78,0x79,0x7a,0x41,0x42,0x43,0x44,0x45,0x46,0x47,0x48,0x49,0x4a,0x4b,0x4c,0x4d,0x4e,0x4f,0x50,0x51,0x52,0x53,0x54,0x55,0x56,0x57,0x58,0x59,0x5a,0x61,0x62,0x63,0x64,0x65,0x66,0x67,0x68,0x69,0x6a,0x6b,0x6c,0x6d,0x6e,0x6f,0x70,0x71,0x72,0x73,0x74,0x75,0x76,0x77,0x78,0x79,0x7a,0x41,0x42,0x43,0x44,0x45,0x46,0x47,0x48,0x49,0x4a,0x4b,0x4c,0x4d,0x4e,0x4f,0x50,0x51,0x52,0x53,0x54,0x55,0x56,0x57,0x58,0x59,0x5a,0x61,0x62,0x63,0x64,0x65,0x66,0x67,0x68,0x69,0x6a,0x6b,0x6c,0x6d,0x6e,0x6f,0x70,0x71,0x72,0x73,0x74,0x75,0x76,0x77,0x78,0x79,0x7a,0x131,0x237,0x391,0x392,0x393,0x394,0x395,0x396,0x397,0x398,0x399,0x39a,0x39b,0x39c,0x39d,0x39e,0x39f,0x3a0,0x3a1,0x3f4,0x3a3,0x3a4,0x3a5,0x3a6,0x3a7,0x3a8,0x3a9,0x2207,0x3b1,0x3b2,0x3b3,0x3b4,0x3b5,0x3b6,0x3b7,0x3b8,0x3b9,0x3ba,0x3bb,0x3bc,0x3bd,0x3be,0x3bf,0x3c0,0x3c1,0x3c2,0x3c3,0x3c4,0x3c5,0x3c6,0x3c7,0x3c8,0x3c9,0x2202,0x3f5,0x3d1,0x3f0,0x3d5,0x3f1,0x3d6,0x391,0x392,0x393,0x394,0x395,0x396,0x397,0x398,0x399,0x39a,0x39b,0x39c,0x39d,0x39e,0x39f,0x3a0,0x3a1,0x3f4,0x3a3,0x3a4,0x3a5,0x3a6,0x3a7,0x3a8,0x3a9,0x2207,0x3b1,0x3b2,0x3b3,0x3b4,0x3b5,0x3b6,0x3b7,0x3b8,0x3b9,0x3ba,0x3bb,0x3bc,0x3bd,0x3be,0x3bf,0x3c0,0x3c1,0x3c2,0x3c3,0x3c4,0x3c5,0x3c6,0x3c7,0x3c8,0x3c9,0x2202,0x3f5,0x3d1,0x3f0,0x3d5,0x3f1,0x3d6,0x391,0x392,0x393,0x394,0x395,0x396,0x397,0x398,0x399,0x39a,0x39b,0x39c,0x39d,0x39e,0x39f,0x3a0,0x3a1,0x3f4,0x3a3,0x3a4,0x3a5,0x3a6,0x3a7,0x3a8,0x3a9,0x2207,0x3b1,0x3b2,0x3b3,0x3b4,0x3b5,0x3b6,0x3b7,0x3b8,0x3b9,0x3ba,0x3bb,0x3bc,0x3bd,0x3be,0x3bf,0x3c0,0x3c1,0x3c2,0x3c3,0x3c4,0x3c5,0x3c6,0x3c7,0x3c8,0x3c9,0x2202,0x3f5,0x3d1,0x3f0,0x3d5,0x3f1,0x3d6,0x391,0x392,0x393,0x394,0x395,0x396,0x397,0x398,0x399,0x39a,0x39b,0x39c,0x39d,0x39e,0x39f,0x3a0,0x3a1,0x3f4,0x3a3,0x3a4,0x3a5,0x3a6,0x3a7,0x3a8,0x3a9,0x2207,0x3b1,0x3b2,0x3b3,0x3b4,0x3b5,0x3b6,0x3b7,0x3b8,0x3b9,0x3ba,0x3bb,0x3bc,0x3bd,0x3be,0x3bf,0x3c0,0x3c1,0x3c2,0x3c3,0x3c4,0x3c5,0x3c6,0x3c7,0x3c8,0x3c9,0x2202,0x3f5,0x3d1,0x3f0,0x3d5,0x3f1,0x3d6,0x391,0x392,0x393,0x394,0x395,0x396,0x397,0x398,0x399,0x39a,0x39b,0x39c,0x39d,0x39e,0x39f,0x3a0,0x3a1,0x3f4,0x3a3,0x3a4,0x3a5,0x3a6,0x3a7,0x3a8,0x3a9,0x2207,0x3b1,0x3b2,0x3b3,0x3b4,0x3b5,0x3b6,0x3b7,0x3b8,0x3b9,0x3ba,0x3bb,0x3bc,0x3bd,0x3be,0x3bf,0x3c0,0x3c1,0x3c2,0x3c3,0x3c4,0x3c5,0x3c6,0x3c7,0x3c8,0x3c9,0x2202,0x3f5,0x3d1,0x3f0,0x3d5,0x3f1,0x3d6,0x3dc,0x3dd,0x30,0x31,0x32,0x33,0x34,0x35,0x36,0x37,0x38,0x39,0x30,0x31,0x32,0x33,0x34,0x35,0x36,0x37,0x38,0x39,0x30,0x31,0x32,0x33,0x34,0x35,0x36,0x37,0x38,0x39,0x30,0x31,0x32,0x33,0x34,0x35,0x36,0x37,0x38,0x39,0x30,0x31,0x32,0x33,0x34,0x35,0x36,0x37,0x38,0x39,0x430,0x431,0x432,0x433,0x434,0x435,0x436,0x437,0x438,0x43a,0x43b,0x43c,0x43e,0x43f,0x440,0x441,0x442,0x443,0x444,0x445,0x446,0x447,0x448,0x44b,0x44d,0x44e,0xa689,0x4d9,0x456,0x458,0x4e9,0x4af,0x4cf,0x430,0x431,0x432,0x433,0x434,0x435,0x436,0x437,0x438,0x43a,0x43b,0x43e,0x43f,0x441,0x443,0x444,0x445,0x446,0x447,0x448,0x44a,0x44b,0x491,0x456,0x455,0x45f,0x4ab,0xa651,0x4b1,0x627,0x628,0x62c,0x62f,0x648,0x632,0x62d,0x637,0x64a,0x643,0x644,0x645,0x646,0x633,0x639,0x641,0x635,0x642,0x631,0x634,0x62a,0x62b,0x62e,0x630,0x636,0x638,0x63a,0x66e,0x6ba,0x6a1,0x66f,0x628,0x62c,0x647,0x62d,0x64a,0x643,0x644,0x645,0x646,0x633,0x639,0x641,0x635,0x642,0x634,0x62a,0x62b,0x62e,0x636,0x63a,0x62c,0x62d,0x64a,0x644,0x646,0x633,0x639,0x635,0x642,0x634,0x62e,0x636,0x63a,0x6ba,0x66f,0x628,0x62c,0x647,0x62d,0x637,0x64a,0x643,0x645,0x646,0x633,0x639,0x641,0x635,0x642,0x634,0x62a,0x62b,0x62e,0x636,0x638,0x63a,0x66e,0x6a1,0x627,0x628,0x62c,0x62f,0x647,0x648,0x632,0x62d,0x637,0x64a,0x644,0x645,0x646,0x633,0x639,0x641,0x635,0x642,0x631,0x634,0x62a,0x62b,0x62e,0x630,0x636,0x638,0x63a,0x628,0x62c,0x62f,0x648,0x632,0x62d,0x637,0x64a,0x644,0x645,0x646,0x633,0x639,0x641,0x635,0x642,0x631,0x634,0x62a,0x62b,0x62e,0x630,0x636,0x638,0x63a,0x30,0x2e,0x30,0x2c,0x31,0x2c,0x32,0x2c,0x33,0x2c,0x34,0x2c,0x35,0x2c,0x36,0x2c,0x37,0x2c,0x38,0x2c,0x39,0x2c,0x28,0x41,0x29,0x28,0x42,0x29,0x28,0x43,0x29,0x28,0x44,0x29,0x28,0x45,0x29,0x28,0x46,0x29,0x28,0x47,0x29,0x28,0x48,0x29,0x28,0x49,0x29,0x28,0x4a,0x29,0x28,0x4b,0x29,0x28,0x4c,0x29,0x28,0x4d,0x29,0x28,0x4e,0x29,0x28,0x4f,0x29,0x28,0x50,0x29,0x28,0x51,0x29,0x28,0x52,0x29,0x28,0x53,0x29,0x28,0x54,0x29,0x28,0x55,0x29,0x28,0x56,0x29,0x28,0x57,0x29,0x28,0x58,0x29,0x28,0x59,0x29,0x28,0x5a,0x29,0x3014,0x53,0x3015,0x43,0x52,0x43,0x44,0x57,0x5a,0x41,0x42,0x43,0x44,0x45,0x46,0x47,0x48,0x49,0x4a,0x4b,0x4c,0x4d,0x4e,0x4f,0x50,0x51,0x52,0x53,0x54,0x55,0x56,0x57,0x58,0x59,0x5a,0x48,0x56,0x4d,0x56,0x53,0x44,0x53,0x53,0x50,0x50,0x56,0x57,0x43,0x4d,0x43,0x4d,0x44,0x4d,0x52,0x44,0x4a,0x307b,0x304b,0x30b3,0x30b3,0x30b5,0x624b,0x5b57,0x53cc,0x30c7,0x4e8c,0x591a,0x89e3,0x5929,0x4ea4,0x6620,0x7121,0x6599,0x524d,0x5f8c,0x518d,0x65b0,0x521d,0x7d42,0x751f,0x8ca9,0x58f0,0x5439,0x6f14,0x6295,0x6355,0x4e00,0x4e09,0x904a,0x5de6,0x4e2d,0x53f3,0x6307,0x8d70,0x6253,0x7981,0x7a7a,0x5408,0x6e80,0x6709,0x6708,0x7533,0x5272,0x55b6,0x914d,0x3014,0x672c,0x3015,0x3014,0x4e09,0x3015,0x3014,0x4e8c,0x3015,0x3014,0x5b89,0x3015,0x3014,0x70b9,0x3015,0x3014,0x6253,0x3015,0x3014,0x76d7,0x3015,0x3014,0x52dd,0x3015,0x3014,0x6557,0x3015,0x5f97,0x53ef,0x30,0x31,0x32,0x33,0x34,0x35,0x36,0x37,0x38,0x39,0x4e3d,0x4e38,0x4e41,0x20122,0x4f60,0x4fae,0x4fbb,0x5002,0x507a,0x5099,0x50e7,0x50cf,0x349e,0x2063a,0x514d,0x5154,0x5164,0x5177,0x2051c,0x34b9,0x5167,0x518d,0x2054b,0x5197,0x51a4,0x4ecc,0x51ac,0x51b5,0x291df,0x51f5,0x5203,0x34df,0x523b,0x5246,0x5272,0x5277,0x3515,0x52c7,0x52c9,0x52e4,0x52fa,0x5305,0x5306,0x5317,0x5349,0x5351,0x535a,0x5373,0x537d,0x537f,0x537f,0x537f,0x20a2c,0x7070,0x53ca,0x53df,0x20b63,0x53eb,0x53f1,0x5406,0x549e,0x5438,0x5448,0x5468,0x54a2,0x54f6,0x5510,0x5553,0x5563,0x5584,0x5584,0x5599,0x55ab,0x55b3,0x55c2,0x5716,0x5606,0x5717,0x5651,0x5674,0x5207,0x58ee,0x57ce,0x57f4,0x580d,0x578b,0x5832,0x5831,0x58ac,0x214e4,0x58f2,0x58f7,0x5906,0x591a,0x5922,0x5962,0x216a8,0x216ea,0x59ec,0x5a1b,0x5a27,0x59d8,0x5a66,0x36ee,0x36fc,0x5b08,0x5b3e,0x5b3e,0x219c8,0x5bc3,0x5bd8,0x5be7,0x5bf3,0x21b18,0x5bff,0x5c06,0x5f53,0x5c22,0x3781,0x5c60,0x5c6e,0x5cc0,0x5c8d,0x21de4,0x5d43,0x21de6,0x5d6e,0x5d6b,0x5d7c,0x5de1,0x5de2,0x382f,0x5dfd,0x5e28,0x5e3d,0x5e69,0x3862,0x22183,0x387c,0x5eb0,0x5eb3,0x5eb6,0x5eca,0x2a392,0x5efe,0x22331,0x22331,0x8201,0x5f22,0x5f22,0x38c7,0x232b8,0x261da,0x5f62,0x5f6b,0x38e3,0x5f9a,0x5fcd,0x5fd7,0x5ff9,0x6081,0x393a,0x391c,0x6094,0x226d4,0x60c7,0x6148,0x614c,0x614e,0x614c,0x617a,0x618e,0x61b2,0x61a4,0x61af,0x61de,0x61f2,0x61f6,0x6210,0x621b,0x625d,0x62b1,0x62d4,0x6350,0x22b0c,0x633d,0x62fc,0x6368,0x6383,0x63e4,0x22bf1,0x6422,0x63c5,0x63a9,0x3a2e,0x6469,0x647e,0x649d,0x6477,0x3a6c,0x654f,0x656c,0x2300a,0x65e3,0x66f8,0x6649,0x3b19,0x6691,0x3b08,0x3ae4,0x5192,0x5195,0x6700,0x669c,0x80ad,0x43d9,0x6717,0x671b,0x6721,0x675e,0x6753,0x233c3,0x3b49,0x67fa,0x6785,0x6852,0x6885,0x2346d,0x688e,0x681f,0x6914,0x3b9d,0x6942,0x69a3,0x69ea,0x6aa8,0x236a3,0x6adb,0x3c18,0x6b21,0x238a7,0x6b54,0x3c4e,0x6b72,0x6b9f,0x6bba,0x6bbb,0x23a8d,0x21d0b,0x23afa,0x6c4e,0x23cbc,0x6cbf,0x6ccd,0x6c67,0x6d16,0x6d3e,0x6d77,0x6d41,0x6d69,0x6d78,0x6d85,0x23d1e,0x6d34,0x6e2f,0x6e6e,0x3d33,0x6ecb,0x6ec7,0x23ed1,0x6df9,0x6f6e,0x23f5e,0x23f8e,0x6fc6,0x7039,0x701e,0x701b,0x3d96,0x704a,0x707d,0x7077,0x70ad,0x20525,0x7145,0x24263,0x719c,0x243ab,0x7228,0x7235,0x7250,0x24608,0x7280,0x7295,0x24735,0x24814,0x737a,0x738b,0x3eac,0x73a5,0x3eb8,0x3eb8,0x7447,0x745c,0x7471,0x7485,0x74ca,0x3f1b,0x7524,0x24c36,0x753e,0x24c92,0x7570,0x2219f,0x7610,0x24fa1,0x24fb8,0x25044,0x3ffc,0x4008,0x76f4,0x250f3,0x250f2,0x25119,0x25133,0x771e,0x771f,0x771f,0x774a,0x4039,0x778b,0x4046,0x4096,0x2541d,0x784e,0x788c,0x78cc,0x40e3,0x25626,0x7956,0x2569a,0x256c5,0x798f,0x79eb,0x412f,0x7a40,0x7a4a,0x7a4f,0x2597c,0x25aa7,0x25aa7,0x7aee,0x4202,0x25bab,0x7bc6,0x7bc9,0x4227,0x25c80,0x7cd2,0x42a0,0x7ce8,0x7ce3,0x7d00,0x25f86,0x7d63,0x4301,0x7dc7,0x7e02,0x7e45,0x4334,0x26228,0x26247,0x4359,0x262d9,0x7f7a,0x2633e,0x7f95,0x7ffa,0x8005,0x264da,0x26523,0x8060,0x265a8,0x8070,0x2335f,0x43d5,0x80b2,0x8103,0x440b,0x813e,0x5ab5,0x267a7,0x267b5,0x23393,0x2339c,0x8201,0x8204,0x8f9e,0x446b,0x8291,0x828b,0x829d,0x52b3,0x82b1,0x82b3,0x82bd,0x82e6,0x26b3c,0x82e5,0x831d,0x8363,0x83ad,0x8323,0x83bd,0x83e7,0x8457,0x8353,0x83ca,0x83cc,0x83dc,0x26c36,0x26d6b,0x26cd5,0x452b,0x84f1,0x84f3,0x8516,0x273ca,0x8564,0x26f2c,0x455d,0x4561,0x26fb1,0x270d2,0x456b,0x8650,0x865c,0x8667,0x8669,0x86a9,0x8688,0x870e,0x86e2,0x8779,0x8728,0x876b,0x8786,0x45d7,0x87e1,0x8801,0x45f9,0x8860,0x8863,0x27667,0x88d7,0x88de,0x4635,0x88fa,0x34bb,0x278ae,0x27966,0x46be,0x46c7,0x8aa0,0x8aed,0x8b8a,0x8c55,0x27ca8,0x8cab,0x8cc1,0x8d1b,0x8d77,0x27f2f,0x20804,0x8dcb,0x8dbc,0x8df0,0x208de,0x8ed4,0x8f38,0x285d2,0x285ed,0x9094,0x90f1,0x9111,0x2872e,0x911b,0x9238,0x92d7,0x92d8,0x927c,0x93f9,0x9415,0x28bfa,0x958b,0x4995,0x95b7,0x28d77,0x49e6,0x96c3,0x5db2,0x9723,0x29145,0x2921a,0x4a6e,0x4a76,0x97e0,0x2940a,0x4ab2,0x29496,0x980b,0x980b,0x9829,0x295b6,0x98e2,0x4b33,0x9929,0x99a7,0x99c2,0x99fe,0x4bce,0x29b30,0x9b12,0x9c40,0x9cfd,0x4cce,0x4ced,0x9d67,0x2a0ce,0x4cf8,0x2a105,0x2a20e,0x2a291,0x9ebb,0x4d56,0x9ef9,0x9efe,0x9f05,0x9f0f,0x9f16,0x9f3b,0x2a600};
static const struct uc_decomp { uint32_t cp,offset; uint8_t length,compat; } uc_decomps[]={
{0xa0,0,1,1},
{0xa8,1,2,1},
{0xaa,3,1,1},
{0xaf,4,2,1},
{0xb2,6,1,1},
{0xb3,7,1,1},
{0xb4,8,2,1},
{0xb5,10,1,1},
{0xb8,11,2,1},
{0xb9,13,1,1},
{0xba,14,1,1},
{0xbc,15,3,1},
{0xbd,18,3,1},
{0xbe,21,3,1},
{0xc0,24,2,0},
{0xc1,26,2,0},
{0xc2,28,2,0},
{0xc3,30,2,0},
{0xc4,32,2,0},
{0xc5,34,2,0},
{0xc7,36,2,0},
{0xc8,38,2,0},
{0xc9,40,2,0},
{0xca,42,2,0},
{0xcb,44,2,0},
{0xcc,46,2,0},
{0xcd,48,2,0},
{0xce,50,2,0},
{0xcf,52,2,0},
{0xd1,54,2,0},
{0xd2,56,2,0},
{0xd3,58,2,0},
{0xd4,60,2,0},
{0xd5,62,2,0},
{0xd6,64,2,0},
{0xd9,66,2,0},
{0xda,68,2,0},
{0xdb,70,2,0},
{0xdc,72,2,0},
{0xdd,74,2,0},
{0xe0,76,2,0},
{0xe1,78,2,0},
{0xe2,80,2,0},
{0xe3,82,2,0},
{0xe4,84,2,0},
{0xe5,86,2,0},
{0xe7,88,2,0},
{0xe8,90,2,0},
{0xe9,92,2,0},
{0xea,94,2,0},
{0xeb,96,2,0},
{0xec,98,2,0},
{0xed,100,2,0},
{0xee,102,2,0},
{0xef,104,2,0},
{0xf1,106,2,0},
{0xf2,108,2,0},
{0xf3,110,2,0},
{0xf4,112,2,0},
{0xf5,114,2,0},
{0xf6,116,2,0},
{0xf9,118,2,0},
{0xfa,120,2,0},
{0xfb,122,2,0},
{0xfc,124,2,0},
{0xfd,126,2,0},
{0xff,128,2,0},
{0x100,130,2,0},
{0x101,132,2,0},
{0x102,134,2,0},
{0x103,136,2,0},
{0x104,138,2,0},
{0x105,140,2,0},
{0x106,142,2,0},
{0x107,144,2,0},
{0x108,146,2,0},
{0x109,148,2,0},
{0x10a,150,2,0},
{0x10b,152,2,0},
{0x10c,154,2,0},
{0x10d,156,2,0},
{0x10e,158,2,0},
{0x10f,160,2,0},
{0x112,162,2,0},
{0x113,164,2,0},
{0x114,166,2,0},
{0x115,168,2,0},
{0x116,170,2,0},
{0x117,172,2,0},
{0x118,174,2,0},
{0x119,176,2,0},
{0x11a,178,2,0},
{0x11b,180,2,0},
{0x11c,182,2,0},
{0x11d,184,2,0},
{0x11e,186,2,0},
{0x11f,188,2,0},
{0x120,190,2,0},
{0x121,192,2,0},
{0x122,194,2,0},
{0x123,196,2,0},
{0x124,198,2,0},
{0x125,200,2,0},
{0x128,202,2,0},
{0x129,204,2,0},
{0x12a,206,2,0},
{0x12b,208,2,0},
{0x12c,210,2,0},
{0x12d,212,2,0},
{0x12e,214,2,0},
{0x12f,216,2,0},
{0x130,218,2,0},
{0x132,220,2,1},
{0x133,222,2,1},
{0x134,224,2,0},
{0x135,226,2,0},
{0x136,228,2,0},
{0x137,230,2,0},
{0x139,232,2,0},
{0x13a,234,2,0},
{0x13b,236,2,0},
{0x13c,238,2,0},
{0x13d,240,2,0},
{0x13e,242,2,0},
{0x13f,244,2,1},
{0x140,246,2,1},
{0x143,248,2,0},
{0x144,250,2,0},
{0x145,252,2,0},
{0x146,254,2,0},
{0x147,256,2,0},
{0x148,258,2,0},
{0x149,260,2,1},
{0x14c,262,2,0},
{0x14d,264,2,0},
{0x14e,266,2,0},
{0x14f,268,2,0},
{0x150,270,2,0},
{0x151,272,2,0},
{0x154,274,2,0},
{0x155,276,2,0},
{0x156,278,2,0},
{0x157,280,2,0},
{0x158,282,2,0},
{0x159,284,2,0},
{0x15a,286,2,0},
{0x15b,288,2,0},
{0x15c,290,2,0},
{0x15d,292,2,0},
{0x15e,294,2,0},
{0x15f,296,2,0},
{0x160,298,2,0},
{0x161,300,2,0},
{0x162,302,2,0},
{0x163,304,2,0},
{0x164,306,2,0},
{0x165,308,2,0},
{0x168,310,2,0},
{0x169,312,2,0},
{0x16a,314,2,0},
{0x16b,316,2,0},
{0x16c,318,2,0},
{0x16d,320,2,0},
{0x16e,322,2,0},
{0x16f,324,2,0},
{0x170,326,2,0},
{0x171,328,2,0},
{0x172,330,2,0},
{0x173,332,2,0},
{0x174,334,2,0},
{0x175,336,2,0},
{0x176,338,2,0},
{0x177,340,2,0},
{0x178,342,2,0},
{0x179,344,2,0},
{0x17a,346,2,0},
{0x17b,348,2,0},
{0x17c,350,2,0},
{0x17d,352,2,0},
{0x17e,354,2,0},
{0x17f,356,1,1},
{0x1a0,357,2,0},
{0x1a1,359,2,0},
{0x1af,361,2,0},
{0x1b0,363,2,0},
{0x1c4,365,2,1},
{0x1c5,367,2,1},
{0x1c6,369,2,1},
{0x1c7,371,2,1},
{0x1c8,373,2,1},
{0x1c9,375,2,1},
{0x1ca,377,2,1},
{0x1cb,379,2,1},
{0x1cc,381,2,1},
{0x1cd,383,2,0},
{0x1ce,385,2,0},
{0x1cf,387,2,0},
{0x1d0,389,2,0},
{0x1d1,391,2,0},
{0x1d2,393,2,0},
{0x1d3,395,2,0},
{0x1d4,397,2,0},
{0x1d5,399,2,0},
{0x1d6,401,2,0},
{0x1d7,403,2,0},
{0x1d8,405,2,0},
{0x1d9,407,2,0},
{0x1da,409,2,0},
{0x1db,411,2,0},
{0x1dc,413,2,0},
{0x1de,415,2,0},
{0x1df,417,2,0},
{0x1e0,419,2,0},
{0x1e1,421,2,0},
{0x1e2,423,2,0},
{0x1e3,425,2,0},
{0x1e6,427,2,0},
{0x1e7,429,2,0},
{0x1e8,431,2,0},
{0x1e9,433,2,0},
{0x1ea,435,2,0},
{0x1eb,437,2,0},
{0x1ec,439,2,0},
{0x1ed,441,2,0},
{0x1ee,443,2,0},
{0x1ef,445,2,0},
{0x1f0,447,2,0},
{0x1f1,449,2,1},
{0x1f2,451,2,1},
{0x1f3,453,2,1},
{0x1f4,455,2,0},
{0x1f5,457,2,0},
{0x1f8,459,2,0},
{0x1f9,461,2,0},
{0x1fa,463,2,0},
{0x1fb,465,2,0},
{0x1fc,467,2,0},
{0x1fd,469,2,0},
{0x1fe,471,2,0},
{0x1ff,473,2,0},
{0x200,475,2,0},
{0x201,477,2,0},
{0x202,479,2,0},
{0x203,481,2,0},
{0x204,483,2,0},
{0x205,485,2,0},
{0x206,487,2,0},
{0x207,489,2,0},
{0x208,491,2,0},
{0x209,493,2,0},
{0x20a,495,2,0},
{0x20b,497,2,0},
{0x20c,499,2,0},
{0x20d,501,2,0},
{0x20e,503,2,0},
{0x20f,505,2,0},
{0x210,507,2,0},
{0x211,509,2,0},
{0x212,511,2,0},
{0x213,513,2,0},
{0x214,515,2,0},
{0x215,517,2,0},
{0x216,519,2,0},
{0x217,521,2,0},
{0x218,523,2,0},
{0x219,525,2,0},
{0x21a,527,2,0},
{0x21b,529,2,0},
{0x21e,531,2,0},
{0x21f,533,2,0},
{0x226,535,2,0},
{0x227,537,2,0},
{0x228,539,2,0},
{0x229,541,2,0},
{0x22a,543,2,0},
{0x22b,545,2,0},
{0x22c,547,2,0},
{0x22d,549,2,0},
{0x22e,551,2,0},
{0x22f,553,2,0},
{0x230,555,2,0},
{0x231,557,2,0},
{0x232,559,2,0},
{0x233,561,2,0},
{0x2b0,563,1,1},
{0x2b1,564,1,1},
{0x2b2,565,1,1},
{0x2b3,566,1,1},
{0x2b4,567,1,1},
{0x2b5,568,1,1},
{0x2b6,569,1,1},
{0x2b7,570,1,1},
{0x2b8,571,1,1},
{0x2d8,572,2,1},
{0x2d9,574,2,1},
{0x2da,576,2,1},
{0x2db,578,2,1},
{0x2dc,580,2,1},
{0x2dd,582,2,1},
{0x2e0,584,1,1},
{0x2e1,585,1,1},
{0x2e2,586,1,1},
{0x2e3,587,1,1},
{0x2e4,588,1,1},
{0x340,589,1,0},
{0x341,590,1,0},
{0x343,591,1,0},
{0x344,592,2,0},
{0x374,594,1,0},
{0x37a,595,2,1},
{0x37e,597,1,0},
{0x384,598,2,1},
{0x385,600,2,0},
{0x386,602,2,0},
{0x387,604,1,0},
{0x388,605,2,0},
{0x389,607,2,0},
{0x38a,609,2,0},
{0x38c,611,2,0},
{0x38e,613,2,0},
{0x38f,615,2,0},
{0x390,617,2,0},
{0x3aa,619,2,0},
{0x3ab,621,2,0},
{0x3ac,623,2,0},
{0x3ad,625,2,0},
{0x3ae,627,2,0},
{0x3af,629,2,0},
{0x3b0,631,2,0},
{0x3ca,633,2,0},
{0x3cb,635,2,0},
{0x3cc,637,2,0},
{0x3cd,639,2,0},
{0x3ce,641,2,0},
{0x3d0,643,1,1},
{0x3d1,644,1,1},
{0x3d2,645,1,1},
{0x3d3,646,2,0},
{0x3d4,648,2,0},
{0x3d5,650,1,1},
{0x3d6,651,1,1},
{0x3f0,652,1,1},
{0x3f1,653,1,1},
{0x3f2,654,1,1},
{0x3f4,655,1,1},
{0x3f5,656,1,1},
{0x3f9,657,1,1},
{0x400,658,2,0},
{0x401,660,2,0},
{0x403,662,2,0},
{0x407,664,2,0},
{0x40c,666,2,0},
{0x40d,668,2,0},
{0x40e,670,2,0},
{0x419,672,2,0},
{0x439,674,2,0},
{0x450,676,2,0},
{0x451,678,2,0},
{0x453,680,2,0},
{0x457,682,2,0},
{0x45c,684,2,0},
{0x45d,686,2,0},
{0x45e,688,2,0},
{0x476,690,2,0},
{0x477,692,2,0},
{0x4c1,694,2,0},
{0x4c2,696,2,0},
{0x4d0,698,2,0},
{0x4d1,700,2,0},
{0x4d2,702,2,0},
{0x4d3,704,2,0},
{0x4d6,706,2,0},
{0x4d7,708,2,0},
{0x4da,710,2,0},
{0x4db,712,2,0},
{0x4dc,714,2,0},
{0x4dd,716,2,0},
{0x4de,718,2,0},
{0x4df,720,2,0},
{0x4e2,722,2,0},
{0x4e3,724,2,0},
{0x4e4,726,2,0},
{0x4e5,728,2,0},
{0x4e6,730,2,0},
{0x4e7,732,2,0},
{0x4ea,734,2,0},
{0x4eb,736,2,0},
{0x4ec,738,2,0},
{0x4ed,740,2,0},
{0x4ee,742,2,0},
{0x4ef,744,2,0},
{0x4f0,746,2,0},
{0x4f1,748,2,0},
{0x4f2,750,2,0},
{0x4f3,752,2,0},
{0x4f4,754,2,0},
{0x4f5,756,2,0},
{0x4f8,758,2,0},
{0x4f9,760,2,0},
{0x587,762,2,1},
{0x622,764,2,0},
{0x623,766,2,0},
{0x624,768,2,0},
{0x625,770,2,0},
{0x626,772,2,0},
{0x675,774,2,1},
{0x676,776,2,1},
{0x677,778,2,1},
{0x678,780,2,1},
{0x6c0,782,2,0},
{0x6c2,784,2,0},
{0x6d3,786,2,0},
{0x929,788,2,0},
{0x931,790,2,0},
{0x934,792,2,0},
{0x958,794,2,0},
{0x959,796,2,0},
{0x95a,798,2,0},
{0x95b,800,2,0},
{0x95c,802,2,0},
{0x95d,804,2,0},
{0x95e,806,2,0},
{0x95f,808,2,0},
{0x9cb,810,2,0},
{0x9cc,812,2,0},
{0x9dc,814,2,0},
{0x9dd,816,2,0},
{0x9df,818,2,0},
{0xa33,820,2,0},
{0xa36,822,2,0},
{0xa59,824,2,0},
{0xa5a,826,2,0},
{0xa5b,828,2,0},
{0xa5e,830,2,0},
{0xb48,832,2,0},
{0xb4b,834,2,0},
{0xb4c,836,2,0},
{0xb5c,838,2,0},
{0xb5d,840,2,0},
{0xb94,842,2,0},
{0xbca,844,2,0},
{0xbcb,846,2,0},
{0xbcc,848,2,0},
{0xc48,850,2,0},
{0xcc0,852,2,0},
{0xcc7,854,2,0},
{0xcc8,856,2,0},
{0xcca,858,2,0},
{0xccb,860,2,0},
{0xd4a,862,2,0},
{0xd4b,864,2,0},
{0xd4c,866,2,0},
{0xdda,868,2,0},
{0xddc,870,2,0},
{0xddd,872,2,0},
{0xdde,874,2,0},
{0xe33,876,2,1},
{0xeb3,878,2,1},
{0xedc,880,2,1},
{0xedd,882,2,1},
{0xf0c,884,1,1},
{0xf43,885,2,0},
{0xf4d,887,2,0},
{0xf52,889,2,0},
{0xf57,891,2,0},
{0xf5c,893,2,0},
{0xf69,895,2,0},
{0xf73,897,2,0},
{0xf75,899,2,0},
{0xf76,901,2,0},
{0xf77,903,2,1},
{0xf78,905,2,0},
{0xf79,907,2,1},
{0xf81,909,2,0},
{0xf93,911,2,0},
{0xf9d,913,2,0},
{0xfa2,915,2,0},
{0xfa7,917,2,0},
{0xfac,919,2,0},
{0xfb9,921,2,0},
{0x1026,923,2,0},
{0x10fc,925,1,1},
{0x1b06,926,2,0},
{0x1b08,928,2,0},
{0x1b0a,930,2,0},
{0x1b0c,932,2,0},
{0x1b0e,934,2,0},
{0x1b12,936,2,0},
{0x1b3b,938,2,0},
{0x1b3d,940,2,0},
{0x1b40,942,2,0},
{0x1b41,944,2,0},
{0x1b43,946,2,0},
{0x1d2c,948,1,1},
{0x1d2d,949,1,1},
{0x1d2e,950,1,1},
{0x1d30,951,1,1},
{0x1d31,952,1,1},
{0x1d32,953,1,1},
{0x1d33,954,1,1},
{0x1d34,955,1,1},
{0x1d35,956,1,1},
{0x1d36,957,1,1},
{0x1d37,958,1,1},
{0x1d38,959,1,1},
{0x1d39,960,1,1},
{0x1d3a,961,1,1},
{0x1d3c,962,1,1},
{0x1d3d,963,1,1},
{0x1d3e,964,1,1},
{0x1d3f,965,1,1},
{0x1d40,966,1,1},
{0x1d41,967,1,1},
{0x1d42,968,1,1},
{0x1d43,969,1,1},
{0x1d44,970,1,1},
{0x1d45,971,1,1},
{0x1d46,972,1,1},
{0x1d47,973,1,1},
{0x1d48,974,1,1},
{0x1d49,975,1,1},
{0x1d4a,976,1,1},
{0x1d4b,977,1,1},
{0x1d4c,978,1,1},
{0x1d4d,979,1,1},
{0x1d4f,980,1,1},
{0x1d50,981,1,1},
{0x1d51,982,1,1},
{0x1d52,983,1,1},
{0x1d53,984,1,1},
{0x1d54,985,1,1},
{0x1d55,986,1,1},
{0x1d56,987,1,1},
{0x1d57,988,1,1},
{0x1d58,989,1,1},
{0x1d59,990,1,1},
{0x1d5a,991,1,1},
{0x1d5b,992,1,1},
{0x1d5c,993,1,1},
{0x1d5d,994,1,1},
{0x1d5e,995,1,1},
{0x1d5f,996,1,1},
{0x1d60,997,1,1},
{0x1d61,998,1,1},
{0x1d62,999,1,1},
{0x1d63,1000,1,1},
{0x1d64,1001,1,1},
{0x1d65,1002,1,1},
{0x1d66,1003,1,1},
{0x1d67,1004,1,1},
{0x1d68,1005,1,1},
{0x1d69,1006,1,1},
{0x1d6a,1007,1,1},
{0x1d78,1008,1,1},
{0x1d9b,1009,1,1},
{0x1d9c,1010,1,1},
{0x1d9d,1011,1,1},
{0x1d9e,1012,1,1},
{0x1d9f,1013,1,1},
{0x1da0,1014,1,1},
{0x1da1,1015,1,1},
{0x1da2,1016,1,1},
{0x1da3,1017,1,1},
{0x1da4,1018,1,1},
{0x1da5,1019,1,1},
{0x1da6,1020,1,1},
{0x1da7,1021,1,1},
{0x1da8,1022,1,1},
{0x1da9,1023,1,1},
{0x1daa,1024,1,1},
{0x1dab,1025,1,1},
{0x1dac,1026,1,1},
{0x1dad,1027,1,1},
{0x1dae,1028,1,1},
{0x1daf,1029,1,1},
{0x1db0,1030,1,1},
{0x1db1,1031,1,1},
{0x1db2,1032,1,1},
{0x1db3,1033,1,1},
{0x1db4,1034,1,1},
{0x1db5,1035,1,1},
{0x1db6,1036,1,1},
{0x1db7,1037,1,1},
{0x1db8,1038,1,1},
{0x1db9,1039,1,1},
{0x1dba,1040,1,1},
{0x1dbb,1041,1,1},
{0x1dbc,1042,1,1},
{0x1dbd,1043,1,1},
{0x1dbe,1044,1,1},
{0x1dbf,1045,1,1},
{0x1e00,1046,2,0},
{0x1e01,1048,2,0},
{0x1e02,1050,2,0},
{0x1e03,1052,2,0},
{0x1e04,1054,2,0},
{0x1e05,1056,2,0},
{0x1e06,1058,2,0},
{0x1e07,1060,2,0},
{0x1e08,1062,2,0},
{0x1e09,1064,2,0},
{0x1e0a,1066,2,0},
{0x1e0b,1068,2,0},
{0x1e0c,1070,2,0},
{0x1e0d,1072,2,0},
{0x1e0e,1074,2,0},
{0x1e0f,1076,2,0},
{0x1e10,1078,2,0},
{0x1e11,1080,2,0},
{0x1e12,1082,2,0},
{0x1e13,1084,2,0},
{0x1e14,1086,2,0},
{0x1e15,1088,2,0},
{0x1e16,1090,2,0},
{0x1e17,1092,2,0},
{0x1e18,1094,2,0},
{0x1e19,1096,2,0},
{0x1e1a,1098,2,0},
{0x1e1b,1100,2,0},
{0x1e1c,1102,2,0},
{0x1e1d,1104,2,0},
{0x1e1e,1106,2,0},
{0x1e1f,1108,2,0},
{0x1e20,1110,2,0},
{0x1e21,1112,2,0},
{0x1e22,1114,2,0},
{0x1e23,1116,2,0},
{0x1e24,1118,2,0},
{0x1e25,1120,2,0},
{0x1e26,1122,2,0},
{0x1e27,1124,2,0},
{0x1e28,1126,2,0},
{0x1e29,1128,2,0},
{0x1e2a,1130,2,0},
{0x1e2b,1132,2,0},
{0x1e2c,1134,2,0},
{0x1e2d,1136,2,0},
{0x1e2e,1138,2,0},
{0x1e2f,1140,2,0},
{0x1e30,1142,2,0},
{0x1e31,1144,2,0},
{0x1e32,1146,2,0},
{0x1e33,1148,2,0},
{0x1e34,1150,2,0},
{0x1e35,1152,2,0},
{0x1e36,1154,2,0},
{0x1e37,1156,2,0},
{0x1e38,1158,2,0},
{0x1e39,1160,2,0},
{0x1e3a,1162,2,0},
{0x1e3b,1164,2,0},
{0x1e3c,1166,2,0},
{0x1e3d,1168,2,0},
{0x1e3e,1170,2,0},
{0x1e3f,1172,2,0},
{0x1e40,1174,2,0},
{0x1e41,1176,2,0},
{0x1e42,1178,2,0},
{0x1e43,1180,2,0},
{0x1e44,1182,2,0},
{0x1e45,1184,2,0},
{0x1e46,1186,2,0},
{0x1e47,1188,2,0},
{0x1e48,1190,2,0},
{0x1e49,1192,2,0},
{0x1e4a,1194,2,0},
{0x1e4b,1196,2,0},
{0x1e4c,1198,2,0},
{0x1e4d,1200,2,0},
{0x1e4e,1202,2,0},
{0x1e4f,1204,2,0},
{0x1e50,1206,2,0},
{0x1e51,1208,2,0},
{0x1e52,1210,2,0},
{0x1e53,1212,2,0},
{0x1e54,1214,2,0},
{0x1e55,1216,2,0},
{0x1e56,1218,2,0},
{0x1e57,1220,2,0},
{0x1e58,1222,2,0},
{0x1e59,1224,2,0},
{0x1e5a,1226,2,0},
{0x1e5b,1228,2,0},
{0x1e5c,1230,2,0},
{0x1e5d,1232,2,0},
{0x1e5e,1234,2,0},
{0x1e5f,1236,2,0},
{0x1e60,1238,2,0},
{0x1e61,1240,2,0},
{0x1e62,1242,2,0},
{0x1e63,1244,2,0},
{0x1e64,1246,2,0},
{0x1e65,1248,2,0},
{0x1e66,1250,2,0},
{0x1e67,1252,2,0},
{0x1e68,1254,2,0},
{0x1e69,1256,2,0},
{0x1e6a,1258,2,0},
{0x1e6b,1260,2,0},
{0x1e6c,1262,2,0},
{0x1e6d,1264,2,0},
{0x1e6e,1266,2,0},
{0x1e6f,1268,2,0},
{0x1e70,1270,2,0},
{0x1e71,1272,2,0},
{0x1e72,1274,2,0},
{0x1e73,1276,2,0},
{0x1e74,1278,2,0},
{0x1e75,1280,2,0},
{0x1e76,1282,2,0},
{0x1e77,1284,2,0},
{0x1e78,1286,2,0},
{0x1e79,1288,2,0},
{0x1e7a,1290,2,0},
{0x1e7b,1292,2,0},
{0x1e7c,1294,2,0},
{0x1e7d,1296,2,0},
{0x1e7e,1298,2,0},
{0x1e7f,1300,2,0},
{0x1e80,1302,2,0},
{0x1e81,1304,2,0},
{0x1e82,1306,2,0},
{0x1e83,1308,2,0},
{0x1e84,1310,2,0},
{0x1e85,1312,2,0},
{0x1e86,1314,2,0},
{0x1e87,1316,2,0},
{0x1e88,1318,2,0},
{0x1e89,1320,2,0},
{0x1e8a,1322,2,0},
{0x1e8b,1324,2,0},
{0x1e8c,1326,2,0},
{0x1e8d,1328,2,0},
{0x1e8e,1330,2,0},
{0x1e8f,1332,2,0},
{0x1e90,1334,2,0},
{0x1e91,1336,2,0},
{0x1e92,1338,2,0},
{0x1e93,1340,2,0},
{0x1e94,1342,2,0},
{0x1e95,1344,2,0},
{0x1e96,1346,2,0},
{0x1e97,1348,2,0},
{0x1e98,1350,2,0},
{0x1e99,1352,2,0},
{0x1e9a,1354,2,1},
{0x1e9b,1356,2,0},
{0x1ea0,1358,2,0},
{0x1ea1,1360,2,0},
{0x1ea2,1362,2,0},
{0x1ea3,1364,2,0},
{0x1ea4,1366,2,0},
{0x1ea5,1368,2,0},
{0x1ea6,1370,2,0},
{0x1ea7,1372,2,0},
{0x1ea8,1374,2,0},
{0x1ea9,1376,2,0},
{0x1eaa,1378,2,0},
{0x1eab,1380,2,0},
{0x1eac,1382,2,0},
{0x1ead,1384,2,0},
{0x1eae,1386,2,0},
{0x1eaf,1388,2,0},
{0x1eb0,1390,2,0},
{0x1eb1,1392,2,0},
{0x1eb2,1394,2,0},
{0x1eb3,1396,2,0},
{0x1eb4,1398,2,0},
{0x1eb5,1400,2,0},
{0x1eb6,1402,2,0},
{0x1eb7,1404,2,0},
{0x1eb8,1406,2,0},
{0x1eb9,1408,2,0},
{0x1eba,1410,2,0},
{0x1ebb,1412,2,0},
{0x1ebc,1414,2,0},
{0x1ebd,1416,2,0},
{0x1ebe,1418,2,0},
{0x1ebf,1420,2,0},
{0x1ec0,1422,2,0},
{0x1ec1,1424,2,0},
{0x1ec2,1426,2,0},
{0x1ec3,1428,2,0},
{0x1ec4,1430,2,0},
{0x1ec5,1432,2,0},
{0x1ec6,1434,2,0},
{0x1ec7,1436,2,0},
{0x1ec8,1438,2,0},
{0x1ec9,1440,2,0},
{0x1eca,1442,2,0},
{0x1ecb,1444,2,0},
{0x1ecc,1446,2,0},
{0x1ecd,1448,2,0},
{0x1ece,1450,2,0},
{0x1ecf,1452,2,0},
{0x1ed0,1454,2,0},
{0x1ed1,1456,2,0},
{0x1ed2,1458,2,0},
{0x1ed3,1460,2,0},
{0x1ed4,1462,2,0},
{0x1ed5,1464,2,0},
{0x1ed6,1466,2,0},
{0x1ed7,1468,2,0},
{0x1ed8,1470,2,0},
{0x1ed9,1472,2,0},
{0x1eda,1474,2,0},
{0x1edb,1476,2,0},
{0x1edc,1478,2,0},
{0x1edd,1480,2,0},
{0x1ede,1482,2,0},
{0x1edf,1484,2,0},
{0x1ee0,1486,2,0},
{0x1ee1,1488,2,0},
{0x1ee2,1490,2,0},
{0x1ee3,1492,2,0},
{0x1ee4,1494,2,0},
{0x1ee5,1496,2,0},
{0x1ee6,1498,2,0},
{0x1ee7,1500,2,0},
{0x1ee8,1502,2,0},
{0x1ee9,1504,2,0},
{0x1eea,1506,2,0},
{0x1eeb,1508,2,0},
{0x1eec,1510,2,0},
{0x1eed,1512,2,0},
{0x1eee,1514,2,0},
{0x1eef,1516,2,0},
{0x1ef0,1518,2,0},
{0x1ef1,1520,2,0},
{0x1ef2,1522,2,0},
{0x1ef3,1524,2,0},
{0x1ef4,1526,2,0},
{0x1ef5,1528,2,0},
{0x1ef6,1530,2,0},
{0x1ef7,1532,2,0},
{0x1ef8,1534,2,0},
{0x1ef9,1536,2,0},
{0x1f00,1538,2,0},
{0x1f01,1540,2,0},
{0x1f02,1542,2,0},
{0x1f03,1544,2,0},
{0x1f04,1546,2,0},
{0x1f05,1548,2,0},
{0x1f06,1550,2,0},
{0x1f07,1552,2,0},
{0x1f08,1554,2,0},
{0x1f09,1556,2,0},
{0x1f0a,1558,2,0},
{0x1f0b,1560,2,0},
{0x1f0c,1562,2,0},
{0x1f0d,1564,2,0},
{0x1f0e,1566,2,0},
{0x1f0f,1568,2,0},
{0x1f10,1570,2,0},
{0x1f11,1572,2,0},
{0x1f12,1574,2,0},
{0x1f13,1576,2,0},
{0x1f14,1578,2,0},
{0x1f15,1580,2,0},
{0x1f18,1582,2,0},
{0x1f19,1584,2,0},
{0x1f1a,1586,2,0},
{0x1f1b,1588,2,0},
{0x1f1c,1590,2,0},
{0x1f1d,1592,2,0},
{0x1f20,1594,2,0},
{0x1f21,1596,2,0},
{0x1f22,1598,2,0},
{0x1f23,1600,2,0},
{0x1f24,1602,2,0},
{0x1f25,1604,2,0},
{0x1f26,1606,2,0},
{0x1f27,1608,2,0},
{0x1f28,1610,2,0},
{0x1f29,1612,2,0},
{0x1f2a,1614,2,0},
{0x1f2b,1616,2,0},
{0x1f2c,1618,2,0},
{0x1f2d,1620,2,0},
{0x1f2e,1622,2,0},
{0x1f2f,1624,2,0},
{0x1f30,1626,2,0},
{0x1f31,1628,2,0},
{0x1f32,1630,2,0},
{0x1f33,1632,2,0},
{0x1f34,1634,2,0},
{0x1f35,1636,2,0},
{0x1f36,1638,2,0},
{0x1f37,1640,2,0},
{0x1f38,1642,2,0},
{0x1f39,1644,2,0},
{0x1f3a,1646,2,0},
{0x1f3b,1648,2,0},
{0x1f3c,1650,2,0},
{0x1f3d,1652,2,0},
{0x1f3e,1654,2,0},
{0x1f3f,1656,2,0},
{0x1f40,1658,2,0},
{0x1f41,1660,2,0},
{0x1f42,1662,2,0},
{0x1f43,1664,2,0},
{0x1f44,1666,2,0},
{0x1f45,1668,2,0},
{0x1f48,1670,2,0},
{0x1f49,1672,2,0},
{0x1f4a,1674,2,0},
{0x1f4b,1676,2,0},
{0x1f4c,1678,2,0},
{0x1f4d,1680,2,0},
{0x1f50,1682,2,0},
{0x1f51,1684,2,0},
{0x1f52,1686,2,0},
{0x1f53,1688,2,0},
{0x1f54,1690,2,0},
{0x1f55,1692,2,0},
{0x1f56,1694,2,0},
{0x1f57,1696,2,0},
{0x1f59,1698,2,0},
{0x1f5b,1700,2,0},
{0x1f5d,1702,2,0},
{0x1f5f,1704,2,0},
{0x1f60,1706,2,0},
{0x1f61,1708,2,0},
{0x1f62,1710,2,0},
{0x1f63,1712,2,0},
{0x1f64,1714,2,0},
{0x1f65,1716,2,0},
{0x1f66,1718,2,0},
{0x1f67,1720,2,0},
{0x1f68,1722,2,0},
{0x1f69,1724,2,0},
{0x1f6a,1726,2,0},
{0x1f6b,1728,2,0},
{0x1f6c,1730,2,0},
{0x1f6d,1732,2,0},
{0x1f6e,1734,2,0},
{0x1f6f,1736,2,0},
{0x1f70,1738,2,0},
{0x1f71,1740,1,0},
{0x1f72,1741,2,0},
{0x1f73,1743,1,0},
{0x1f74,1744,2,0},
{0x1f75,1746,1,0},
{0x1f76,1747,2,0},
{0x1f77,1749,1,0},
{0x1f78,1750,2,0},
{0x1f79,1752,1,0},
{0x1f7a,1753,2,0},
{0x1f7b,1755,1,0},
{0x1f7c,1756,2,0},
{0x1f7d,1758,1,0},
{0x1f80,1759,2,0},
{0x1f81,1761,2,0},
{0x1f82,1763,2,0},
{0x1f83,1765,2,0},
{0x1f84,1767,2,0},
{0x1f85,1769,2,0},
{0x1f86,1771,2,0},
{0x1f87,1773,2,0},
{0x1f88,1775,2,0},
{0x1f89,1777,2,0},
{0x1f8a,1779,2,0},
{0x1f8b,1781,2,0},
{0x1f8c,1783,2,0},
{0x1f8d,1785,2,0},
{0x1f8e,1787,2,0},
{0x1f8f,1789,2,0},
{0x1f90,1791,2,0},
{0x1f91,1793,2,0},
{0x1f92,1795,2,0},
{0x1f93,1797,2,0},
{0x1f94,1799,2,0},
{0x1f95,1801,2,0},
{0x1f96,1803,2,0},
{0x1f97,1805,2,0},
{0x1f98,1807,2,0},
{0x1f99,1809,2,0},
{0x1f9a,1811,2,0},
{0x1f9b,1813,2,0},
{0x1f9c,1815,2,0},
{0x1f9d,1817,2,0},
{0x1f9e,1819,2,0},
{0x1f9f,1821,2,0},
{0x1fa0,1823,2,0},
{0x1fa1,1825,2,0},
{0x1fa2,1827,2,0},
{0x1fa3,1829,2,0},
{0x1fa4,1831,2,0},
{0x1fa5,1833,2,0},
{0x1fa6,1835,2,0},
{0x1fa7,1837,2,0},
{0x1fa8,1839,2,0},
{0x1fa9,1841,2,0},
{0x1faa,1843,2,0},
{0x1fab,1845,2,0},
{0x1fac,1847,2,0},
{0x1fad,1849,2,0},
{0x1fae,1851,2,0},
{0x1faf,1853,2,0},
{0x1fb0,1855,2,0},
{0x1fb1,1857,2,0},
{0x1fb2,1859,2,0},
{0x1fb3,1861,2,0},
{0x1fb4,1863,2,0},
{0x1fb6,1865,2,0},
{0x1fb7,1867,2,0},
{0x1fb8,1869,2,0},
{0x1fb9,1871,2,0},
{0x1fba,1873,2,0},
{0x1fbb,1875,1,0},
{0x1fbc,1876,2,0},
{0x1fbd,1878,2,1},
{0x1fbe,1880,1,0},
{0x1fbf,1881,2,1},
{0x1fc0,1883,2,1},
{0x1fc1,1885,2,0},
{0x1fc2,1887,2,0},
{0x1fc3,1889,2,0},
{0x1fc4,1891,2,0},
{0x1fc6,1893,2,0},
{0x1fc7,1895,2,0},
{0x1fc8,1897,2,0},
{0x1fc9,1899,1,0},
{0x1fca,1900,2,0},
{0x1fcb,1902,1,0},
{0x1fcc,1903,2,0},
{0x1fcd,1905,2,0},
{0x1fce,1907,2,0},
{0x1fcf,1909,2,0},
{0x1fd0,1911,2,0},
{0x1fd1,1913,2,0},
{0x1fd2,1915,2,0},
{0x1fd3,1917,1,0},
{0x1fd6,1918,2,0},
{0x1fd7,1920,2,0},
{0x1fd8,1922,2,0},
{0x1fd9,1924,2,0},
{0x1fda,1926,2,0},
{0x1fdb,1928,1,0},
{0x1fdd,1929,2,0},
{0x1fde,1931,2,0},
{0x1fdf,1933,2,0},
{0x1fe0,1935,2,0},
{0x1fe1,1937,2,0},
{0x1fe2,1939,2,0},
{0x1fe3,1941,1,0},
{0x1fe4,1942,2,0},
{0x1fe5,1944,2,0},
{0x1fe6,1946,2,0},
{0x1fe7,1948,2,0},
{0x1fe8,1950,2,0},
{0x1fe9,1952,2,0},
{0x1fea,1954,2,0},
{0x1feb,1956,1,0},
{0x1fec,1957,2,0},
{0x1fed,1959,2,0},
{0x1fee,1961,1,0},
{0x1fef,1962,1,0},
{0x1ff2,1963,2,0},
{0x1ff3,1965,2,0},
{0x1ff4,1967,2,0},
{0x1ff6,1969,2,0},
{0x1ff7,1971,2,0},
{0x1ff8,1973,2,0},
{0x1ff9,1975,1,0},
{0x1ffa,1976,2,0},
{0x1ffb,1978,1,0},
{0x1ffc,1979,2,0},
{0x1ffd,1981,1,0},
{0x1ffe,1982,2,1},
{0x2000,1984,1,0},
{0x2001,1985,1,0},
{0x2002,1986,1,1},
{0x2003,1987,1,1},
{0x2004,1988,1,1},
{0x2005,1989,1,1},
{0x2006,1990,1,1},
{0x2007,1991,1,1},
{0x2008,1992,1,1},
{0x2009,1993,1,1},
{0x200a,1994,1,1},
{0x2011,1995,1,1},
{0x2017,1996,2,1},
{0x2024,1998,1,1},
{0x2025,1999,2,1},
{0x2026,2001,3,1},
{0x202f,2004,1,1},
{0x2033,2005,2,1},
{0x2034,2007,3,1},
{0x2036,2010,2,1},
{0x2037,2012,3,1},
{0x203c,2015,2,1},
{0x203e,2017,2,1},
{0x2047,2019,2,1},
{0x2048,2021,2,1},
{0x2049,2023,2,1},
{0x2057,2025,4,1},
{0x205f,2029,1,1},
{0x2070,2030,1,1},
{0x2071,2031,1,1},
{0x2074,2032,1,1},
{0x2075,2033,1,1},
{0x2076,2034,1,1},
{0x2077,2035,1,1},
{0x2078,2036,1,1},
{0x2079,2037,1,1},
{0x207a,2038,1,1},
{0x207b,2039,1,1},
{0x207c,2040,1,1},
{0x207d,2041,1,1},
{0x207e,2042,1,1},
{0x207f,2043,1,1},
{0x2080,2044,1,1},
{0x2081,2045,1,1},
{0x2082,2046,1,1},
{0x2083,2047,1,1},
{0x2084,2048,1,1},
{0x2085,2049,1,1},
{0x2086,2050,1,1},
{0x2087,2051,1,1},
{0x2088,2052,1,1},
{0x2089,2053,1,1},
{0x208a,2054,1,1},
{0x208b,2055,1,1},
{0x208c,2056,1,1},
{0x208d,2057,1,1},
{0x208e,2058,1,1},
{0x2090,2059,1,1},
{0x2091,2060,1,1},
{0x2092,2061,1,1},
{0x2093,2062,1,1},
{0x2094,2063,1,1},
{0x2095,2064,1,1},
{0x2096,2065,1,1},
{0x2097,2066,1,1},
{0x2098,2067,1,1},
{0x2099,2068,1,1},
{0x209a,2069,1,1},
{0x209b,2070,1,1},
{0x209c,2071,1,1},
{0x20a8,2072,2,1},
{0x2100,2074,3,1},
{0x2101,2077,3,1},
{0x2102,2080,1,1},
{0x2103,2081,2,1},
{0x2105,2083,3,1},
{0x2106,2086,3,1},
{0x2107,2089,1,1},
{0x2109,2090,2,1},
{0x210a,2092,1,1},
{0x210b,2093,1,1},
{0x210c,2094,1,1},
{0x210d,2095,1,1},
{0x210e,2096,1,1},
{0x210f,2097,1,1},
{0x2110,2098,1,1},
{0x2111,2099,1,1},
{0x2112,2100,1,1},
{0x2113,2101,1,1},
{0x2115,2102,1,1},
{0x2116,2103,2,1},
{0x2119,2105,1,1},
{0x211a,2106,1,1},
{0x211b,2107,1,1},
{0x211c,2108,1,1},
{0x211d,2109,1,1},
{0x2120,2110,2,1},
{0x2121,2112,3,1},
{0x2122,2115,2,1},
{0x2124,2117,1,1},
{0x2126,2118,1,0},
{0x2128,2119,1,1},
{0x212a,2120,1,0},
{0x212b,2121,1,0},
{0x212c,2122,1,1},
{0x212d,2123,1,1},
{0x212f,2124,1,1},
{0x2130,2125,1,1},
{0x2131,2126,1,1},
{0x2133,2127,1,1},
{0x2134,2128,1,1},
{0x2135,2129,1,1},
{0x2136,2130,1,1},
{0x2137,2131,1,1},
{0x2138,2132,1,1},
{0x2139,2133,1,1},
{0x213b,2134,3,1},
{0x213c,2137,1,1},
{0x213d,2138,1,1},
{0x213e,2139,1,1},
{0x213f,2140,1,1},
{0x2140,2141,1,1},
{0x2145,2142,1,1},
{0x2146,2143,1,1},
{0x2147,2144,1,1},
{0x2148,2145,1,1},
{0x2149,2146,1,1},
{0x2150,2147,3,1},
{0x2151,2150,3,1},
{0x2152,2153,4,1},
{0x2153,2157,3,1},
{0x2154,2160,3,1},
{0x2155,2163,3,1},
{0x2156,2166,3,1},
{0x2157,2169,3,1},
{0x2158,2172,3,1},
{0x2159,2175,3,1},
{0x215a,2178,3,1},
{0x215b,2181,3,1},
{0x215c,2184,3,1},
{0x215d,2187,3,1},
{0x215e,2190,3,1},
{0x215f,2193,2,1},
{0x2160,2195,1,1},
{0x2161,2196,2,1},
{0x2162,2198,3,1},
{0x2163,2201,2,1},
{0x2164,2203,1,1},
{0x2165,2204,2,1},
{0x2166,2206,3,1},
{0x2167,2209,4,1},
{0x2168,2213,2,1},
{0x2169,2215,1,1},
{0x216a,2216,2,1},
{0x216b,2218,3,1},
{0x216c,2221,1,1},
{0x216d,2222,1,1},
{0x216e,2223,1,1},
{0x216f,2224,1,1},
{0x2170,2225,1,1},
{0x2171,2226,2,1},
{0x2172,2228,3,1},
{0x2173,2231,2,1},
{0x2174,2233,1,1},
{0x2175,2234,2,1},
{0x2176,2236,3,1},
{0x2177,2239,4,1},
{0x2178,2243,2,1},
{0x2179,2245,1,1},
{0x217a,2246,2,1},
{0x217b,2248,3,1},
{0x217c,2251,1,1},
{0x217d,2252,1,1},
{0x217e,2253,1,1},
{0x217f,2254,1,1},
{0x2189,2255,3,1},
{0x219a,2258,2,0},
{0x219b,2260,2,0},
{0x21ae,2262,2,0},
{0x21cd,2264,2,0},
{0x21ce,2266,2,0},
{0x21cf,2268,2,0},
{0x2204,2270,2,0},
{0x2209,2272,2,0},
{0x220c,2274,2,0},
{0x2224,2276,2,0},
{0x2226,2278,2,0},
{0x222c,2280,2,1},
{0x222d,2282,3,1},
{0x222f,2285,2,1},
{0x2230,2287,3,1},
{0x2241,2290,2,0},
{0x2244,2292,2,0},
{0x2247,2294,2,0},
{0x2249,2296,2,0},
{0x2260,2298,2,0},
{0x2262,2300,2,0},
{0x226d,2302,2,0},
{0x226e,2304,2,0},
{0x226f,2306,2,0},
{0x2270,2308,2,0},
{0x2271,2310,2,0},
{0x2274,2312,2,0},
{0x2275,2314,2,0},
{0x2278,2316,2,0},
{0x2279,2318,2,0},
{0x2280,2320,2,0},
{0x2281,2322,2,0},
{0x2284,2324,2,0},
{0x2285,2326,2,0},
{0x2288,2328,2,0},
{0x2289,2330,2,0},
{0x22ac,2332,2,0},
{0x22ad,2334,2,0},
{0x22ae,2336,2,0},
{0x22af,2338,2,0},
{0x22e0,2340,2,0},
{0x22e1,2342,2,0},
{0x22e2,2344,2,0},
{0x22e3,2346,2,0},
{0x22ea,2348,2,0},
{0x22eb,2350,2,0},
{0x22ec,2352,2,0},
{0x22ed,2354,2,0},
{0x2329,2356,1,0},
{0x232a,2357,1,0},
{0x2460,2358,1,1},
{0x2461,2359,1,1},
{0x2462,2360,1,1},
{0x2463,2361,1,1},
{0x2464,2362,1,1},
{0x2465,2363,1,1},
{0x2466,2364,1,1},
{0x2467,2365,1,1},
{0x2468,2366,1,1},
{0x2469,2367,2,1},
{0x246a,2369,2,1},
{0x246b,2371,2,1},
{0x246c,2373,2,1},
{0x246d,2375,2,1},
{0x246e,2377,2,1},
{0x246f,2379,2,1},
{0x2470,2381,2,1},
{0x2471,2383,2,1},
{0x2472,2385,2,1},
{0x2473,2387,2,1},
{0x2474,2389,3,1},
{0x2475,2392,3,1},
{0x2476,2395,3,1},
{0x2477,2398,3,1},
{0x2478,2401,3,1},
{0x2479,2404,3,1},
{0x247a,2407,3,1},
{0x247b,2410,3,1},
{0x247c,2413,3,1},
{0x247d,2416,4,1},
{0x247e,2420,4,1},
{0x247f,2424,4,1},
{0x2480,2428,4,1},
{0x2481,2432,4,1},
{0x2482,2436,4,1},
{0x2483,2440,4,1},
{0x2484,2444,4,1},
{0x2485,2448,4,1},
{0x2486,2452,4,1},
{0x2487,2456,4,1},
{0x2488,2460,2,1},
{0x2489,2462,2,1},
{0x248a,2464,2,1},
{0x248b,2466,2,1},
{0x248c,2468,2,1},
{0x248d,2470,2,1},
{0x248e,2472,2,1},
{0x248f,2474,2,1},
{0x2490,2476,2,1},
{0x2491,2478,3,1},
{0x2492,2481,3,1},
{0x2493,2484,3,1},
{0x2494,2487,3,1},
{0x2495,2490,3,1},
{0x2496,2493,3,1},
{0x2497,2496,3,1},
{0x2498,2499,3,1},
{0x2499,2502,3,1},
{0x249a,2505,3,1},
{0x249b,2508,3,1},
{0x249c,2511,3,1},
{0x249d,2514,3,1},
{0x249e,2517,3,1},
{0x249f,2520,3,1},
{0x24a0,2523,3,1},
{0x24a1,2526,3,1},
{0x24a2,2529,3,1},
{0x24a3,2532,3,1},
{0x24a4,2535,3,1},
{0x24a5,2538,3,1},
{0x24a6,2541,3,1},
{0x24a7,2544,3,1},
{0x24a8,2547,3,1},
{0x24a9,2550,3,1},
{0x24aa,2553,3,1},
{0x24ab,2556,3,1},
{0x24ac,2559,3,1},
{0x24ad,2562,3,1},
{0x24ae,2565,3,1},
{0x24af,2568,3,1},
{0x24b0,2571,3,1},
{0x24b1,2574,3,1},
{0x24b2,2577,3,1},
{0x24b3,2580,3,1},
{0x24b4,2583,3,1},
{0x24b5,2586,3,1},
{0x24b6,2589,1,1},
{0x24b7,2590,1,1},
{0x24b8,2591,1,1},
{0x24b9,2592,1,1},
{0x24ba,2593,1,1},
{0x24bb,2594,1,1},
{0x24bc,2595,1,1},
{0x24bd,2596,1,1},
{0x24be,2597,1,1},
{0x24bf,2598,1,1},
{0x24c0,2599,1,1},
{0x24c1,2600,1,1},
{0x24c2,2601,1,1},
{0x24c3,2602,1,1},
{0x24c4,2603,1,1},
{0x24c5,2604,1,1},
{0x24c6,2605,1,1},
{0x24c7,2606,1,1},
{0x24c8,2607,1,1},
{0x24c9,2608,1,1},
{0x24ca,2609,1,1},
{0x24cb,2610,1,1},
{0x24cc,2611,1,1},
{0x24cd,2612,1,1},
{0x24ce,2613,1,1},
{0x24cf,2614,1,1},
{0x24d0,2615,1,1},
{0x24d1,2616,1,1},
{0x24d2,2617,1,1},
{0x24d3,2618,1,1},
{0x24d4,2619,1,1},
{0x24d5,2620,1,1},
{0x24d6,2621,1,1},
{0x24d7,2622,1,1},
{0x24d8,2623,1,1},
{0x24d9,2624,1,1},
{0x24da,2625,1,1},
{0x24db,2626,1,1},
{0x24dc,2627,1,1},
{0x24dd,2628,1,1},
{0x24de,2629,1,1},
{0x24df,2630,1,1},
{0x24e0,2631,1,1},
{0x24e1,2632,1,1},
{0x24e2,2633,1,1},
{0x24e3,2634,1,1},
{0x24e4,2635,1,1},
{0x24e5,2636,1,1},
{0x24e6,2637,1,1},
{0x24e7,2638,1,1},
{0x24e8,2639,1,1},
{0x24e9,2640,1,1},
{0x24ea,2641,1,1},
{0x2a0c,2642,4,1},
{0x2a74,2646,3,1},
{0x2a75,2649,2,1},
{0x2a76,2651,3,1},
{0x2adc,2654,2,0},
{0x2c7c,2656,1,1},
{0x2c7d,2657,1,1},
{0x2d6f,2658,1,1},
{0x2e9f,2659,1,1},
{0x2ef3,2660,1,1},
{0x2f00,2661,1,1},
{0x2f01,2662,1,1},
{0x2f02,2663,1,1},
{0x2f03,2664,1,1},
{0x2f04,2665,1,1},
{0x2f05,2666,1,1},
{0x2f06,2667,1,1},
{0x2f07,2668,1,1},
{0x2f08,2669,1,1},
{0x2f09,2670,1,1},
{0x2f0a,2671,1,1},
{0x2f0b,2672,1,1},
{0x2f0c,2673,1,1},
{0x2f0d,2674,1,1},
{0x2f0e,2675,1,1},
{0x2f0f,2676,1,1},
{0x2f10,2677,1,1},
{0x2f11,2678,1,1},
{0x2f12,2679,1,1},
{0x2f13,2680,1,1},
{0x2f14,2681,1,1},
{0x2f15,2682,1,1},
{0x2f16,2683,1,1},
{0x2f17,2684,1,1},
{0x2f18,2685,1,1},
{0x2f19,2686,1,1},
{0x2f1a,2687,1,1},
{0x2f1b,2688,1,1},
{0x2f1c,2689,1,1},
{0x2f1d,2690,1,1},
{0x2f1e,2691,1,1},
{0x2f1f,2692,1,1},
{0x2f20,2693,1,1},
{0x2f21,2694,1,1},
{0x2f22,2695,1,1},
{0x2f23,2696,1,1},
{0x2f24,2697,1,1},
{0x2f25,2698,1,1},
{0x2f26,2699,1,1},
{0x2f27,2700,1,1},
{0x2f28,2701,1,1},
{0x2f29,2702,1,1},
{0x2f2a,2703,1,1},
{0x2f2b,2704,1,1},
{0x2f2c,2705,1,1},
{0x2f2d,2706,1,1},
{0x2f2e,2707,1,1},
{0x2f2f,2708,1,1},
{0x2f30,2709,1,1},
{0x2f31,2710,1,1},
{0x2f32,2711,1,1},
{0x2f33,2712,1,1},
{0x2f34,2713,1,1},
{0x2f35,2714,1,1},
{0x2f36,2715,1,1},
{0x2f37,2716,1,1},
{0x2f38,2717,1,1},
{0x2f39,2718,1,1},
{0x2f3a,2719,1,1},
{0x2f3b,2720,1,1},
{0x2f3c,2721,1,1},
{0x2f3d,2722,1,1},
{0x2f3e,2723,1,1},
{0x2f3f,2724,1,1},
{0x2f40,2725,1,1},
{0x2f41,2726,1,1},
{0x2f42,2727,1,1},
{0x2f43,2728,1,1},
{0x2f44,2729,1,1},
{0x2f45,2730,1,1},
{0x2f46,2731,1,1},
{0x2f47,2732,1,1},
{0x2f48,2733,1,1},
{0x2f49,2734,1,1},
{0x2f4a,2735,1,1},
{0x2f4b,2736,1,1},
{0x2f4c,2737,1,1},
{0x2f4d,2738,1,1},
{0x2f4e,2739,1,1},
{0x2f4f,2740,1,1},
{0x2f50,2741,1,1},
{0x2f51,2742,1,1},
{0x2f52,2743,1,1},
{0x2f53,2744,1,1},
{0x2f54,2745,1,1},
{0x2f55,2746,1,1},
{0x2f56,2747,1,1},
{0x2f57,2748,1,1},
{0x2f58,2749,1,1},
{0x2f59,2750,1,1},
{0x2f5a,2751,1,1},
{0x2f5b,2752,1,1},
{0x2f5c,2753,1,1},
{0x2f5d,2754,1,1},
{0x2f5e,2755,1,1},
{0x2f5f,2756,1,1},
{0x2f60,2757,1,1},
{0x2f61,2758,1,1},
{0x2f62,2759,1,1},
{0x2f63,2760,1,1},
{0x2f64,2761,1,1},
{0x2f65,2762,1,1},
{0x2f66,2763,1,1},
{0x2f67,2764,1,1},
{0x2f68,2765,1,1},
{0x2f69,2766,1,1},
{0x2f6a,2767,1,1},
{0x2f6b,2768,1,1},
{0x2f6c,2769,1,1},
{0x2f6d,2770,1,1},
{0x2f6e,2771,1,1},
{0x2f6f,2772,1,1},
{0x2f70,2773,1,1},
{0x2f71,2774,1,1},
{0x2f72,2775,1,1},
{0x2f73,2776,1,1},
{0x2f74,2777,1,1},
{0x2f75,2778,1,1},
{0x2f76,2779,1,1},
{0x2f77,2780,1,1},
{0x2f78,2781,1,1},
{0x2f79,2782,1,1},
{0x2f7a,2783,1,1},
{0x2f7b,2784,1,1},
{0x2f7c,2785,1,1},
{0x2f7d,2786,1,1},
{0x2f7e,2787,1,1},
{0x2f7f,2788,1,1},
{0x2f80,2789,1,1},
{0x2f81,2790,1,1},
{0x2f82,2791,1,1},
{0x2f83,2792,1,1},
{0x2f84,2793,1,1},
{0x2f85,2794,1,1},
{0x2f86,2795,1,1},
{0x2f87,2796,1,1},
{0x2f88,2797,1,1},
{0x2f89,2798,1,1},
{0x2f8a,2799,1,1},
{0x2f8b,2800,1,1},
{0x2f8c,2801,1,1},
{0x2f8d,2802,1,1},
{0x2f8e,2803,1,1},
{0x2f8f,2804,1,1},
{0x2f90,2805,1,1},
{0x2f91,2806,1,1},
{0x2f92,2807,1,1},
{0x2f93,2808,1,1},
{0x2f94,2809,1,1},
{0x2f95,2810,1,1},
{0x2f96,2811,1,1},
{0x2f97,2812,1,1},
{0x2f98,2813,1,1},
{0x2f99,2814,1,1},
{0x2f9a,2815,1,1},
{0x2f9b,2816,1,1},
{0x2f9c,2817,1,1},
{0x2f9d,2818,1,1},
{0x2f9e,2819,1,1},
{0x2f9f,2820,1,1},
{0x2fa0,2821,1,1},
{0x2fa1,2822,1,1},
{0x2fa2,2823,1,1},
{0x2fa3,2824,1,1},
{0x2fa4,2825,1,1},
{0x2fa5,2826,1,1},
{0x2fa6,2827,1,1},
{0x2fa7,2828,1,1},
{0x2fa8,2829,1,1},
{0x2fa9,2830,1,1},
{0x2faa,2831,1,1},
{0x2fab,2832,1,1},
{0x2fac,2833,1,1},
{0x2fad,2834,1,1},
{0x2fae,2835,1,1},
{0x2faf,2836,1,1},
{0x2fb0,2837,1,1},
{0x2fb1,2838,1,1},
{0x2fb2,2839,1,1},
{0x2fb3,2840,1,1},
{0x2fb4,2841,1,1},
{0x2fb5,2842,1,1},
{0x2fb6,2843,1,1},
{0x2fb7,2844,1,1},
{0x2fb8,2845,1,1},
{0x2fb9,2846,1,1},
{0x2fba,2847,1,1},
{0x2fbb,2848,1,1},
{0x2fbc,2849,1,1},
{0x2fbd,2850,1,1},
{0x2fbe,2851,1,1},
{0x2fbf,2852,1,1},
{0x2fc0,2853,1,1},
{0x2fc1,2854,1,1},
{0x2fc2,2855,1,1},
{0x2fc3,2856,1,1},
{0x2fc4,2857,1,1},
{0x2fc5,2858,1,1},
{0x2fc6,2859,1,1},
{0x2fc7,2860,1,1},
{0x2fc8,2861,1,1},
{0x2fc9,2862,1,1},
{0x2fca,2863,1,1},
{0x2fcb,2864,1,1},
{0x2fcc,2865,1,1},
{0x2fcd,2866,1,1},
{0x2fce,2867,1,1},
{0x2fcf,2868,1,1},
{0x2fd0,2869,1,1},
{0x2fd1,2870,1,1},
{0x2fd2,2871,1,1},
{0x2fd3,2872,1,1},
{0x2fd4,2873,1,1},
{0x2fd5,2874,1,1},
{0x3000,2875,1,1},
{0x3036,2876,1,1},
{0x3038,2877,1,1},
{0x3039,2878,1,1},
{0x303a,2879,1,1},
{0x304c,2880,2,0},
{0x304e,2882,2,0},
{0x3050,2884,2,0},
{0x3052,2886,2,0},
{0x3054,2888,2,0},
{0x3056,2890,2,0},
{0x3058,2892,2,0},
{0x305a,2894,2,0},
{0x305c,2896,2,0},
{0x305e,2898,2,0},
{0x3060,2900,2,0},
{0x3062,2902,2,0},
{0x3065,2904,2,0},
{0x3067,2906,2,0},
{0x3069,2908,2,0},
{0x3070,2910,2,0},
{0x3071,2912,2,0},
{0x3073,2914,2,0},
{0x3074,2916,2,0},
{0x3076,2918,2,0},
{0x3077,2920,2,0},
{0x3079,2922,2,0},
{0x307a,2924,2,0},
{0x307c,2926,2,0},
{0x307d,2928,2,0},
{0x3094,2930,2,0},
{0x309b,2932,2,1},
{0x309c,2934,2,1},
{0x309e,2936,2,0},
{0x309f,2938,2,1},
{0x30ac,2940,2,0},
{0x30ae,2942,2,0},
{0x30b0,2944,2,0},
{0x30b2,2946,2,0},
{0x30b4,2948,2,0},
{0x30b6,2950,2,0},
{0x30b8,2952,2,0},
{0x30ba,2954,2,0},
{0x30bc,2956,2,0},
{0x30be,2958,2,0},
{0x30c0,2960,2,0},
{0x30c2,2962,2,0},
{0x30c5,2964,2,0},
{0x30c7,2966,2,0},
{0x30c9,2968,2,0},
{0x30d0,2970,2,0},
{0x30d1,2972,2,0},
{0x30d3,2974,2,0},
{0x30d4,2976,2,0},
{0x30d6,2978,2,0},
{0x30d7,2980,2,0},
{0x30d9,2982,2,0},
{0x30da,2984,2,0},
{0x30dc,2986,2,0},
{0x30dd,2988,2,0},
{0x30f4,2990,2,0},
{0x30f7,2992,2,0},
{0x30f8,2994,2,0},
{0x30f9,2996,2,0},
{0x30fa,2998,2,0},
{0x30fe,3000,2,0},
{0x30ff,3002,2,1},
{0x3131,3004,1,1},
{0x3132,3005,1,1},
{0x3133,3006,1,1},
{0x3134,3007,1,1},
{0x3135,3008,1,1},
{0x3136,3009,1,1},
{0x3137,3010,1,1},
{0x3138,3011,1,1},
{0x3139,3012,1,1},
{0x313a,3013,1,1},
{0x313b,3014,1,1},
{0x313c,3015,1,1},
{0x313d,3016,1,1},
{0x313e,3017,1,1},
{0x313f,3018,1,1},
{0x3140,3019,1,1},
{0x3141,3020,1,1},
{0x3142,3021,1,1},
{0x3143,3022,1,1},
{0x3144,3023,1,1},
{0x3145,3024,1,1},
{0x3146,3025,1,1},
{0x3147,3026,1,1},
{0x3148,3027,1,1},
{0x3149,3028,1,1},
{0x314a,3029,1,1},
{0x314b,3030,1,1},
{0x314c,3031,1,1},
{0x314d,3032,1,1},
{0x314e,3033,1,1},
{0x314f,3034,1,1},
{0x3150,3035,1,1},
{0x3151,3036,1,1},
{0x3152,3037,1,1},
{0x3153,3038,1,1},
{0x3154,3039,1,1},
{0x3155,3040,1,1},
{0x3156,3041,1,1},
{0x3157,3042,1,1},
{0x3158,3043,1,1},
{0x3159,3044,1,1},
{0x315a,3045,1,1},
{0x315b,3046,1,1},
{0x315c,3047,1,1},
{0x315d,3048,1,1},
{0x315e,3049,1,1},
{0x315f,3050,1,1},
{0x3160,3051,1,1},
{0x3161,3052,1,1},
{0x3162,3053,1,1},
{0x3163,3054,1,1},
{0x3164,3055,1,1},
{0x3165,3056,1,1},
{0x3166,3057,1,1},
{0x3167,3058,1,1},
{0x3168,3059,1,1},
{0x3169,3060,1,1},
{0x316a,3061,1,1},
{0x316b,3062,1,1},
{0x316c,3063,1,1},
{0x316d,3064,1,1},
{0x316e,3065,1,1},
{0x316f,3066,1,1},
{0x3170,3067,1,1},
{0x3171,3068,1,1},
{0x3172,3069,1,1},
{0x3173,3070,1,1},
{0x3174,3071,1,1},
{0x3175,3072,1,1},
{0x3176,3073,1,1},
{0x3177,3074,1,1},
{0x3178,3075,1,1},
{0x3179,3076,1,1},
{0x317a,3077,1,1},
{0x317b,3078,1,1},
{0x317c,3079,1,1},
{0x317d,3080,1,1},
{0x317e,3081,1,1},
{0x317f,3082,1,1},
{0x3180,3083,1,1},
{0x3181,3084,1,1},
{0x3182,3085,1,1},
{0x3183,3086,1,1},
{0x3184,3087,1,1},
{0x3185,3088,1,1},
{0x3186,3089,1,1},
{0x3187,3090,1,1},
{0x3188,3091,1,1},
{0x3189,3092,1,1},
{0x318a,3093,1,1},
{0x318b,3094,1,1},
{0x318c,3095,1,1},
{0x318d,3096,1,1},
{0x318e,3097,1,1},
{0x3192,3098,1,1},
{0x3193,3099,1,1},
{0x3194,3100,1,1},
{0x3195,3101,1,1},
{0x3196,3102,1,1},
{0x3197,3103,1,1},
{0x3198,3104,1,1},
{0x3199,3105,1,1},
{0x319a,3106,1,1},
{0x319b,3107,1,1},
{0x319c,3108,1,1},
{0x319d,3109,1,1},
{0x319e,3110,1,1},
{0x319f,3111,1,1},
{0x3200,3112,3,1},
{0x3201,3115,3,1},
{0x3202,3118,3,1},
{0x3203,3121,3,1},
{0x3204,3124,3,1},
{0x3205,3127,3,1},
{0x3206,3130,3,1},
{0x3207,3133,3,1},
{0x3208,3136,3,1},
{0x3209,3139,3,1},
{0x320a,3142,3,1},
{0x320b,3145,3,1},
{0x320c,3148,3,1},
{0x320d,3151,3,1},
{0x320e,3154,4,1},
{0x320f,3158,4,1},
{0x3210,3162,4,1},
{0x3211,3166,4,1},
{0x3212,3170,4,1},
{0x3213,3174,4,1},
{0x3214,3178,4,1},
{0x3215,3182,4,1},
{0x3216,3186,4,1},
{0x3217,3190,4,1},
{0x3218,3194,4,1},
{0x3219,3198,4,1},
{0x321a,3202,4,1},
{0x321b,3206,4,1},
{0x321c,3210,4,1},
{0x321d,3214,7,1},
{0x321e,3221,6,1},
{0x3220,3227,3,1},
{0x3221,3230,3,1},
{0x3222,3233,3,1},
{0x3223,3236,3,1},
{0x3224,3239,3,1},
{0x3225,3242,3,1},
{0x3226,3245,3,1},
{0x3227,3248,3,1},
{0x3228,3251,3,1},
{0x3229,3254,3,1},
{0x322a,3257,3,1},
{0x322b,3260,3,1},
{0x322c,3263,3,1},
{0x322d,3266,3,1},
{0x322e,3269,3,1},
{0x322f,3272,3,1},
{0x3230,3275,3,1},
{0x3231,3278,3,1},
{0x3232,3281,3,1},
{0x3233,3284,3,1},
{0x3234,3287,3,1},
{0x3235,3290,3,1},
{0x3236,3293,3,1},
{0x3237,3296,3,1},
{0x3238,3299,3,1},
{0x3239,3302,3,1},
{0x323a,3305,3,1},
{0x323b,3308,3,1},
{0x323c,3311,3,1},
{0x323d,3314,3,1},
{0x323e,3317,3,1},
{0x323f,3320,3,1},
{0x3240,3323,3,1},
{0x3241,3326,3,1},
{0x3242,3329,3,1},
{0x3243,3332,3,1},
{0x3244,3335,1,1},
{0x3245,3336,1,1},
{0x3246,3337,1,1},
{0x3247,3338,1,1},
{0x3250,3339,3,1},
{0x3251,3342,2,1},
{0x3252,3344,2,1},
{0x3253,3346,2,1},
{0x3254,3348,2,1},
{0x3255,3350,2,1},
{0x3256,3352,2,1},
{0x3257,3354,2,1},
{0x3258,3356,2,1},
{0x3259,3358,2,1},
{0x325a,3360,2,1},
{0x325b,3362,2,1},
{0x325c,3364,2,1},
{0x325d,3366,2,1},
{0x325e,3368,2,1},
{0x325f,3370,2,1},
{0x3260,3372,1,1},
{0x3261,3373,1,1},
{0x3262,3374,1,1},
{0x3263,3375,1,1},
{0x3264,3376,1,1},
{0x3265,3377,1,1},
{0x3266,3378,1,1},
{0x3267,3379,1,1},
{0x3268,3380,1,1},
{0x3269,3381,1,1},
{0x326a,3382,1,1},
{0x326b,3383,1,1},
{0x326c,3384,1,1},
{0x326d,3385,1,1},
{0x326e,3386,2,1},
{0x326f,3388,2,1},
{0x3270,3390,2,1},
{0x3271,3392,2,1},
{0x3272,3394,2,1},
{0x3273,3396,2,1},
{0x3274,3398,2,1},
{0x3275,3400,2,1},
{0x3276,3402,2,1},
{0x3277,3404,2,1},
{0x3278,3406,2,1},
{0x3279,3408,2,1},
{0x327a,3410,2,1},
{0x327b,3412,2,1},
{0x327c,3414,5,1},
{0x327d,3419,4,1},
{0x327e,3423,2,1},
{0x3280,3425,1,1},
{0x3281,3426,1,1},
{0x3282,3427,1,1},
{0x3283,3428,1,1},
{0x3284,3429,1,1},
{0x3285,3430,1,1},
{0x3286,3431,1,1},
{0x3287,3432,1,1},
{0x3288,3433,1,1},
{0x3289,3434,1,1},
{0x328a,3435,1,1},
{0x328b,3436,1,1},
{0x328c,3437,1,1},
{0x328d,3438,1,1},
{0x328e,3439,1,1},
{0x328f,3440,1,1},
{0x3290,3441,1,1},
{0x3291,3442,1,1},
{0x3292,3443,1,1},
{0x3293,3444,1,1},
{0x3294,3445,1,1},
{0x3295,3446,1,1},
{0x3296,3447,1,1},
{0x3297,3448,1,1},
{0x3298,3449,1,1},
{0x3299,3450,1,1},
{0x329a,3451,1,1},
{0x329b,3452,1,1},
{0x329c,3453,1,1},
{0x329d,3454,1,1},
{0x329e,3455,1,1},
{0x329f,3456,1,1},
{0x32a0,3457,1,1},
{0x32a1,3458,1,1},
{0x32a2,3459,1,1},
{0x32a3,3460,1,1},
{0x32a4,3461,1,1},
{0x32a5,3462,1,1},
{0x32a6,3463,1,1},
{0x32a7,3464,1,1},
{0x32a8,3465,1,1},
{0x32a9,3466,1,1},
{0x32aa,3467,1,1},
{0x32ab,3468,1,1},
{0x32ac,3469,1,1},
{0x32ad,3470,1,1},
{0x32ae,3471,1,1},
{0x32af,3472,1,1},
{0x32b0,3473,1,1},
{0x32b1,3474,2,1},
{0x32b2,3476,2,1},
{0x32b3,3478,2,1},
{0x32b4,3480,2,1},
{0x32b5,3482,2,1},
{0x32b6,3484,2,1},
{0x32b7,3486,2,1},
{0x32b8,3488,2,1},
{0x32b9,3490,2,1},
{0x32ba,3492,2,1},
{0x32bb,3494,2,1},
{0x32bc,3496,2,1},
{0x32bd,3498,2,1},
{0x32be,3500,2,1},
{0x32bf,3502,2,1},
{0x32c0,3504,2,1},
{0x32c1,3506,2,1},
{0x32c2,3508,2,1},
{0x32c3,3510,2,1},
{0x32c4,3512,2,1},
{0x32c5,3514,2,1},
{0x32c6,3516,2,1},
{0x32c7,3518,2,1},
{0x32c8,3520,2,1},
{0x32c9,3522,3,1},
{0x32ca,3525,3,1},
{0x32cb,3528,3,1},
{0x32cc,3531,2,1},
{0x32cd,3533,3,1},
{0x32ce,3536,2,1},
{0x32cf,3538,3,1},
{0x32d0,3541,1,1},
{0x32d1,3542,1,1},
{0x32d2,3543,1,1},
{0x32d3,3544,1,1},
{0x32d4,3545,1,1},
{0x32d5,3546,1,1},
{0x32d6,3547,1,1},
{0x32d7,3548,1,1},
{0x32d8,3549,1,1},
{0x32d9,3550,1,1},
{0x32da,3551,1,1},
{0x32db,3552,1,1},
{0x32dc,3553,1,1},
{0x32dd,3554,1,1},
{0x32de,3555,1,1},
{0x32df,3556,1,1},
{0x32e0,3557,1,1},
{0x32e1,3558,1,1},
{0x32e2,3559,1,1},
{0x32e3,3560,1,1},
{0x32e4,3561,1,1},
{0x32e5,3562,1,1},
{0x32e6,3563,1,1},
{0x32e7,3564,1,1},
{0x32e8,3565,1,1},
{0x32e9,3566,1,1},
{0x32ea,3567,1,1},
{0x32eb,3568,1,1},
{0x32ec,3569,1,1},
{0x32ed,3570,1,1},
{0x32ee,3571,1,1},
{0x32ef,3572,1,1},
{0x32f0,3573,1,1},
{0x32f1,3574,1,1},
{0x32f2,3575,1,1},
{0x32f3,3576,1,1},
{0x32f4,3577,1,1},
{0x32f5,3578,1,1},
{0x32f6,3579,1,1},
{0x32f7,3580,1,1},
{0x32f8,3581,1,1},
{0x32f9,3582,1,1},
{0x32fa,3583,1,1},
{0x32fb,3584,1,1},
{0x32fc,3585,1,1},
{0x32fd,3586,1,1},
{0x32fe,3587,1,1},
{0x32ff,3588,2,1},
{0x3300,3590,4,1},
{0x3301,3594,4,1},
{0x3302,3598,4,1},
{0x3303,3602,3,1},
{0x3304,3605,4,1},
{0x3305,3609,3,1},
{0x3306,3612,3,1},
{0x3307,3615,5,1},
{0x3308,3620,4,1},
{0x3309,3624,3,1},
{0x330a,3627,3,1},
{0x330b,3630,3,1},
{0x330c,3633,4,1},
{0x330d,3637,4,1},
{0x330e,3641,3,1},
{0x330f,3644,3,1},
{0x3310,3647,2,1},
{0x3311,3649,3,1},
{0x3312,3652,4,1},
{0x3313,3656,4,1},
{0x3314,3660,2,1},
{0x3315,3662,5,1},
{0x3316,3667,6,1},
{0x3317,3673,5,1},
{0x3318,3678,3,1},
{0x3319,3681,5,1},
{0x331a,3686,5,1},
{0x331b,3691,4,1},
{0x331c,3695,3,1},
{0x331d,3698,3,1},
{0x331e,3701,3,1},
{0x331f,3704,4,1},
{0x3320,3708,5,1},
{0x3321,3713,4,1},
{0x3322,3717,3,1},
{0x3323,3720,3,1},
{0x3324,3723,3,1},
{0x3325,3726,2,1},
{0x3326,3728,2,1},
{0x3327,3730,2,1},
{0x3328,3732,2,1},
{0x3329,3734,3,1},
{0x332a,3737,3,1},
{0x332b,3740,5,1},
{0x332c,3745,3,1},
{0x332d,3748,4,1},
{0x332e,3752,5,1},
{0x332f,3757,3,1},
{0x3330,3760,2,1},
{0x3331,3762,2,1},
{0x3332,3764,5,1},
{0x3333,3769,4,1},
{0x3334,3773,5,1},
{0x3335,3778,3,1},
{0x3336,3781,5,1},
{0x3337,3786,2,1},
{0x3338,3788,3,1},
{0x3339,3791,3,1},
{0x333a,3794,3,1},
{0x333b,3797,3,1},
{0x333c,3800,3,1},
{0x333d,3803,4,1},
{0x333e,3807,3,1},
{0x333f,3810,2,1},
{0x3340,3812,3,1},
{0x3341,3815,3,1},
{0x3342,3818,3,1},
{0x3343,3821,4,1},
{0x3344,3825,3,1},
{0x3345,3828,3,1},
{0x3346,3831,3,1},
{0x3347,3834,5,1},
{0x3348,3839,4,1},
{0x3349,3843,2,1},
{0x334a,3845,5,1},
{0x334b,3850,2,1},
{0x334c,3852,4,1},
{0x334d,3856,4,1},
{0x334e,3860,3,1},
{0x334f,3863,3,1},
{0x3350,3866,3,1},
{0x3351,3869,4,1},
{0x3352,3873,2,1},
{0x3353,3875,3,1},
{0x3354,3878,4,1},
{0x3355,3882,2,1},
{0x3356,3884,5,1},
{0x3357,3889,3,1},
{0x3358,3892,2,1},
{0x3359,3894,2,1},
{0x335a,3896,2,1},
{0x335b,3898,2,1},
{0x335c,3900,2,1},
{0x335d,3902,2,1},
{0x335e,3904,2,1},
{0x335f,3906,2,1},
{0x3360,3908,2,1},
{0x3361,3910,2,1},
{0x3362,3912,3,1},
{0x3363,3915,3,1},
{0x3364,3918,3,1},
{0x3365,3921,3,1},
{0x3366,3924,3,1},
{0x3367,3927,3,1},
{0x3368,3930,3,1},
{0x3369,3933,3,1},
{0x336a,3936,3,1},
{0x336b,3939,3,1},
{0x336c,3942,3,1},
{0x336d,3945,3,1},
{0x336e,3948,3,1},
{0x336f,3951,3,1},
{0x3370,3954,3,1},
{0x3371,3957,3,1},
{0x3372,3960,2,1},
{0x3373,3962,2,1},
{0x3374,3964,3,1},
{0x3375,3967,2,1},
{0x3376,3969,2,1},
{0x3377,3971,2,1},
{0x3378,3973,3,1},
{0x3379,3976,3,1},
{0x337a,3979,2,1},
{0x337b,3981,2,1},
{0x337c,3983,2,1},
{0x337d,3985,2,1},
{0x337e,3987,2,1},
{0x337f,3989,4,1},
{0x3380,3993,2,1},
{0x3381,3995,2,1},
{0x3382,3997,2,1},
{0x3383,3999,2,1},
{0x3384,4001,2,1},
{0x3385,4003,2,1},
{0x3386,4005,2,1},
{0x3387,4007,2,1},
{0x3388,4009,3,1},
{0x3389,4012,4,1},
{0x338a,4016,2,1},
{0x338b,4018,2,1},
{0x338c,4020,2,1},
{0x338d,4022,2,1},
{0x338e,4024,2,1},
{0x338f,4026,2,1},
{0x3390,4028,2,1},
{0x3391,4030,3,1},
{0x3392,4033,3,1},
{0x3393,4036,3,1},
{0x3394,4039,3,1},
{0x3395,4042,2,1},
{0x3396,4044,2,1},
{0x3397,4046,2,1},
{0x3398,4048,2,1},
{0x3399,4050,2,1},
{0x339a,4052,2,1},
{0x339b,4054,2,1},
{0x339c,4056,2,1},
{0x339d,4058,2,1},
{0x339e,4060,2,1},
{0x339f,4062,3,1},
{0x33a0,4065,3,1},
{0x33a1,4068,2,1},
{0x33a2,4070,3,1},
{0x33a3,4073,3,1},
{0x33a4,4076,3,1},
{0x33a5,4079,2,1},
{0x33a6,4081,3,1},
{0x33a7,4084,3,1},
{0x33a8,4087,4,1},
{0x33a9,4091,2,1},
{0x33aa,4093,3,1},
{0x33ab,4096,3,1},
{0x33ac,4099,3,1},
{0x33ad,4102,3,1},
{0x33ae,4105,5,1},
{0x33af,4110,6,1},
{0x33b0,4116,2,1},
{0x33b1,4118,2,1},
{0x33b2,4120,2,1},
{0x33b3,4122,2,1},
{0x33b4,4124,2,1},
{0x33b5,4126,2,1},
{0x33b6,4128,2,1},
{0x33b7,4130,2,1},
{0x33b8,4132,2,1},
{0x33b9,4134,2,1},
{0x33ba,4136,2,1},
{0x33bb,4138,2,1},
{0x33bc,4140,2,1},
{0x33bd,4142,2,1},
{0x33be,4144,2,1},
{0x33bf,4146,2,1},
{0x33c0,4148,2,1},
{0x33c1,4150,2,1},
{0x33c2,4152,4,1},
{0x33c3,4156,2,1},
{0x33c4,4158,2,1},
{0x33c5,4160,2,1},
{0x33c6,4162,4,1},
{0x33c7,4166,3,1},
{0x33c8,4169,2,1},
{0x33c9,4171,2,1},
{0x33ca,4173,2,1},
{0x33cb,4175,2,1},
{0x33cc,4177,2,1},
{0x33cd,4179,2,1},
{0x33ce,4181,2,1},
{0x33cf,4183,2,1},
{0x33d0,4185,2,1},
{0x33d1,4187,2,1},
{0x33d2,4189,3,1},
{0x33d3,4192,2,1},
{0x33d4,4194,2,1},
{0x33d5,4196,3,1},
{0x33d6,4199,3,1},
{0x33d7,4202,2,1},
{0x33d8,4204,4,1},
{0x33d9,4208,3,1},
{0x33da,4211,2,1},
{0x33db,4213,2,1},
{0x33dc,4215,2,1},
{0x33dd,4217,2,1},
{0x33de,4219,3,1},
{0x33df,4222,3,1},
{0x33e0,4225,2,1},
{0x33e1,4227,2,1},
{0x33e2,4229,2,1},
{0x33e3,4231,2,1},
{0x33e4,4233,2,1},
{0x33e5,4235,2,1},
{0x33e6,4237,2,1},
{0x33e7,4239,2,1},
{0x33e8,4241,2,1},
{0x33e9,4243,3,1},
{0x33ea,4246,3,1},
{0x33eb,4249,3,1},
{0x33ec,4252,3,1},
{0x33ed,4255,3,1},
{0x33ee,4258,3,1},
{0x33ef,4261,3,1},
{0x33f0,4264,3,1},
{0x33f1,4267,3,1},
{0x33f2,4270,3,1},
{0x33f3,4273,3,1},
{0x33f4,4276,3,1},
{0x33f5,4279,3,1},
{0x33f6,4282,3,1},
{0x33f7,4285,3,1},
{0x33f8,4288,3,1},
{0x33f9,4291,3,1},
{0x33fa,4294,3,1},
{0x33fb,4297,3,1},
{0x33fc,4300,3,1},
{0x33fd,4303,3,1},
{0x33fe,4306,3,1},
{0x33ff,4309,3,1},
{0xa69c,4312,1,1},
{0xa69d,4313,1,1},
{0xa770,4314,1,1},
{0xa7f2,4315,1,1},
{0xa7f3,4316,1,1},
{0xa7f4,4317,1,1},
{0xa7f8,4318,1,1},
{0xa7f9,4319,1,1},
{0xab5c,4320,1,1},
{0xab5d,4321,1,1},
{0xab5e,4322,1,1},
{0xab5f,4323,1,1},
{0xab69,4324,1,1},
{0xf900,4325,1,0},
{0xf901,4326,1,0},
{0xf902,4327,1,0},
{0xf903,4328,1,0},
{0xf904,4329,1,0},
{0xf905,4330,1,0},
{0xf906,4331,1,0},
{0xf907,4332,1,0},
{0xf908,4333,1,0},
{0xf909,4334,1,0},
{0xf90a,4335,1,0},
{0xf90b,4336,1,0},
{0xf90c,4337,1,0},
{0xf90d,4338,1,0},
{0xf90e,4339,1,0},
{0xf90f,4340,1,0},
{0xf910,4341,1,0},
{0xf911,4342,1,0},
{0xf912,4343,1,0},
{0xf913,4344,1,0},
{0xf914,4345,1,0},
{0xf915,4346,1,0},
{0xf916,4347,1,0},
{0xf917,4348,1,0},
{0xf918,4349,1,0},
{0xf919,4350,1,0},
{0xf91a,4351,1,0},
{0xf91b,4352,1,0},
{0xf91c,4353,1,0},
{0xf91d,4354,1,0},
{0xf91e,4355,1,0},
{0xf91f,4356,1,0},
{0xf920,4357,1,0},
{0xf921,4358,1,0},
{0xf922,4359,1,0},
{0xf923,4360,1,0},
{0xf924,4361,1,0},
{0xf925,4362,1,0},
{0xf926,4363,1,0},
{0xf927,4364,1,0},
{0xf928,4365,1,0},
{0xf929,4366,1,0},
{0xf92a,4367,1,0},
{0xf92b,4368,1,0},
{0xf92c,4369,1,0},
{0xf92d,4370,1,0},
{0xf92e,4371,1,0},
{0xf92f,4372,1,0},
{0xf930,4373,1,0},
{0xf931,4374,1,0},
{0xf932,4375,1,0},
{0xf933,4376,1,0},
{0xf934,4377,1,0},
{0xf935,4378,1,0},
{0xf936,4379,1,0},
{0xf937,4380,1,0},
{0xf938,4381,1,0},
{0xf939,4382,1,0},
{0xf93a,4383,1,0},
{0xf93b,4384,1,0},
{0xf93c,4385,1,0},
{0xf93d,4386,1,0},
{0xf93e,4387,1,0},
{0xf93f,4388,1,0},
{0xf940,4389,1,0},
{0xf941,4390,1,0},
{0xf942,4391,1,0},
{0xf943,4392,1,0},
{0xf944,4393,1,0},
{0xf945,4394,1,0},
{0xf946,4395,1,0},
{0xf947,4396,1,0},
{0xf948,4397,1,0},
{0xf949,4398,1,0},
{0xf94a,4399,1,0},
{0xf94b,4400,1,0},
{0xf94c,4401,1,0},
{0xf94d,4402,1,0},
{0xf94e,4403,1,0},
{0xf94f,4404,1,0},
{0xf950,4405,1,0},
{0xf951,4406,1,0},
{0xf952,4407,1,0},
{0xf953,4408,1,0},
{0xf954,4409,1,0},
{0xf955,4410,1,0},
{0xf956,4411,1,0},
{0xf957,4412,1,0},
{0xf958,4413,1,0},
{0xf959,4414,1,0},
{0xf95a,4415,1,0},
{0xf95b,4416,1,0},
{0xf95c,4417,1,0},
{0xf95d,4418,1,0},
{0xf95e,4419,1,0},
{0xf95f,4420,1,0},
{0xf960,4421,1,0},
{0xf961,4422,1,0},
{0xf962,4423,1,0},
{0xf963,4424,1,0},
{0xf964,4425,1,0},
{0xf965,4426,1,0},
{0xf966,4427,1,0},
{0xf967,4428,1,0},
{0xf968,4429,1,0},
{0xf969,4430,1,0},
{0xf96a,4431,1,0},
{0xf96b,4432,1,0},
{0xf96c,4433,1,0},
{0xf96d,4434,1,0},
{0xf96e,4435,1,0},
{0xf96f,4436,1,0},
{0xf970,4437,1,0},
{0xf971,4438,1,0},
{0xf972,4439,1,0},
{0xf973,4440,1,0},
{0xf974,4441,1,0},
{0xf975,4442,1,0},
{0xf976,4443,1,0},
{0xf977,4444,1,0},
{0xf978,4445,1,0},
{0xf979,4446,1,0},
{0xf97a,4447,1,0},
{0xf97b,4448,1,0},
{0xf97c,4449,1,0},
{0xf97d,4450,1,0},
{0xf97e,4451,1,0},
{0xf97f,4452,1,0},
{0xf980,4453,1,0},
{0xf981,4454,1,0},
{0xf982,4455,1,0},
{0xf983,4456,1,0},
{0xf984,4457,1,0},
{0xf985,4458,1,0},
{0xf986,4459,1,0},
{0xf987,4460,1,0},
{0xf988,4461,1,0},
{0xf989,4462,1,0},
{0xf98a,4463,1,0},
{0xf98b,4464,1,0},
{0xf98c,4465,1,0},
{0xf98d,4466,1,0},
{0xf98e,4467,1,0},
{0xf98f,4468,1,0},
{0xf990,4469,1,0},
{0xf991,4470,1,0},
{0xf992,4471,1,0},
{0xf993,4472,1,0},
{0xf994,4473,1,0},
{0xf995,4474,1,0},
{0xf996,4475,1,0},
{0xf997,4476,1,0},
{0xf998,4477,1,0},
{0xf999,4478,1,0},
{0xf99a,4479,1,0},
{0xf99b,4480,1,0},
{0xf99c,4481,1,0},
{0xf99d,4482,1,0},
{0xf99e,4483,1,0},
{0xf99f,4484,1,0},
{0xf9a0,4485,1,0},
{0xf9a1,4486,1,0},
{0xf9a2,4487,1,0},
{0xf9a3,4488,1,0},
{0xf9a4,4489,1,0},
{0xf9a5,4490,1,0},
{0xf9a6,4491,1,0},
{0xf9a7,4492,1,0},
{0xf9a8,4493,1,0},
{0xf9a9,4494,1,0},
{0xf9aa,4495,1,0},
{0xf9ab,4496,1,0},
{0xf9ac,4497,1,0},
{0xf9ad,4498,1,0},
{0xf9ae,4499,1,0},
{0xf9af,4500,1,0},
{0xf9b0,4501,1,0},
{0xf9b1,4502,1,0},
{0xf9b2,4503,1,0},
{0xf9b3,4504,1,0},
{0xf9b4,4505,1,0},
{0xf9b5,4506,1,0},
{0xf9b6,4507,1,0},
{0xf9b7,4508,1,0},
{0xf9b8,4509,1,0},
{0xf9b9,4510,1,0},
{0xf9ba,4511,1,0},
{0xf9bb,4512,1,0},
{0xf9bc,4513,1,0},
{0xf9bd,4514,1,0},
{0xf9be,4515,1,0},
{0xf9bf,4516,1,0},
{0xf9c0,4517,1,0},
{0xf9c1,4518,1,0},
{0xf9c2,4519,1,0},
{0xf9c3,4520,1,0},
{0xf9c4,4521,1,0},
{0xf9c5,4522,1,0},
{0xf9c6,4523,1,0},
{0xf9c7,4524,1,0},
{0xf9c8,4525,1,0},
{0xf9c9,4526,1,0},
{0xf9ca,4527,1,0},
{0xf9cb,4528,1,0},
{0xf9cc,4529,1,0},
{0xf9cd,4530,1,0},
{0xf9ce,4531,1,0},
{0xf9cf,4532,1,0},
{0xf9d0,4533,1,0},
{0xf9d1,4534,1,0},
{0xf9d2,4535,1,0},
{0xf9d3,4536,1,0},
{0xf9d4,4537,1,0},
{0xf9d5,4538,1,0},
{0xf9d6,4539,1,0},
{0xf9d7,4540,1,0},
{0xf9d8,4541,1,0},
{0xf9d9,4542,1,0},
{0xf9da,4543,1,0},
{0xf9db,4544,1,0},
{0xf9dc,4545,1,0},
{0xf9dd,4546,1,0},
{0xf9de,4547,1,0},
{0xf9df,4548,1,0},
{0xf9e0,4549,1,0},
{0xf9e1,4550,1,0},
{0xf9e2,4551,1,0},
{0xf9e3,4552,1,0},
{0xf9e4,4553,1,0},
{0xf9e5,4554,1,0},
{0xf9e6,4555,1,0},
{0xf9e7,4556,1,0},
{0xf9e8,4557,1,0},
{0xf9e9,4558,1,0},
{0xf9ea,4559,1,0},
{0xf9eb,4560,1,0},
{0xf9ec,4561,1,0},
{0xf9ed,4562,1,0},
{0xf9ee,4563,1,0},
{0xf9ef,4564,1,0},
{0xf9f0,4565,1,0},
{0xf9f1,4566,1,0},
{0xf9f2,4567,1,0},
{0xf9f3,4568,1,0},
{0xf9f4,4569,1,0},
{0xf9f5,4570,1,0},
{0xf9f6,4571,1,0},
{0xf9f7,4572,1,0},
{0xf9f8,4573,1,0},
{0xf9f9,4574,1,0},
{0xf9fa,4575,1,0},
{0xf9fb,4576,1,0},
{0xf9fc,4577,1,0},
{0xf9fd,4578,1,0},
{0xf9fe,4579,1,0},
{0xf9ff,4580,1,0},
{0xfa00,4581,1,0},
{0xfa01,4582,1,0},
{0xfa02,4583,1,0},
{0xfa03,4584,1,0},
{0xfa04,4585,1,0},
{0xfa05,4586,1,0},
{0xfa06,4587,1,0},
{0xfa07,4588,1,0},
{0xfa08,4589,1,0},
{0xfa09,4590,1,0},
{0xfa0a,4591,1,0},
{0xfa0b,4592,1,0},
{0xfa0c,4593,1,0},
{0xfa0d,4594,1,0},
{0xfa10,4595,1,0},
{0xfa12,4596,1,0},
{0xfa15,4597,1,0},
{0xfa16,4598,1,0},
{0xfa17,4599,1,0},
{0xfa18,4600,1,0},
{0xfa19,4601,1,0},
{0xfa1a,4602,1,0},
{0xfa1b,4603,1,0},
{0xfa1c,4604,1,0},
{0xfa1d,4605,1,0},
{0xfa1e,4606,1,0},
{0xfa20,4607,1,0},
{0xfa22,4608,1,0},
{0xfa25,4609,1,0},
{0xfa26,4610,1,0},
{0xfa2a,4611,1,0},
{0xfa2b,4612,1,0},
{0xfa2c,4613,1,0},
{0xfa2d,4614,1,0},
{0xfa2e,4615,1,0},
{0xfa2f,4616,1,0},
{0xfa30,4617,1,0},
{0xfa31,4618,1,0},
{0xfa32,4619,1,0},
{0xfa33,4620,1,0},
{0xfa34,4621,1,0},
{0xfa35,4622,1,0},
{0xfa36,4623,1,0},
{0xfa37,4624,1,0},
{0xfa38,4625,1,0},
{0xfa39,4626,1,0},
{0xfa3a,4627,1,0},
{0xfa3b,4628,1,0},
{0xfa3c,4629,1,0},
{0xfa3d,4630,1,0},
{0xfa3e,4631,1,0},
{0xfa3f,4632,1,0},
{0xfa40,4633,1,0},
{0xfa41,4634,1,0},
{0xfa42,4635,1,0},
{0xfa43,4636,1,0},
{0xfa44,4637,1,0},
{0xfa45,4638,1,0},
{0xfa46,4639,1,0},
{0xfa47,4640,1,0},
{0xfa48,4641,1,0},
{0xfa49,4642,1,0},
{0xfa4a,4643,1,0},
{0xfa4b,4644,1,0},
{0xfa4c,4645,1,0},
{0xfa4d,4646,1,0},
{0xfa4e,4647,1,0},
{0xfa4f,4648,1,0},
{0xfa50,4649,1,0},
{0xfa51,4650,1,0},
{0xfa52,4651,1,0},
{0xfa53,4652,1,0},
{0xfa54,4653,1,0},
{0xfa55,4654,1,0},
{0xfa56,4655,1,0},
{0xfa57,4656,1,0},
{0xfa58,4657,1,0},
{0xfa59,4658,1,0},
{0xfa5a,4659,1,0},
{0xfa5b,4660,1,0},
{0xfa5c,4661,1,0},
{0xfa5d,4662,1,0},
{0xfa5e,4663,1,0},
{0xfa5f,4664,1,0},
{0xfa60,4665,1,0},
{0xfa61,4666,1,0},
{0xfa62,4667,1,0},
{0xfa63,4668,1,0},
{0xfa64,4669,1,0},
{0xfa65,4670,1,0},
{0xfa66,4671,1,0},
{0xfa67,4672,1,0},
{0xfa68,4673,1,0},
{0xfa69,4674,1,0},
{0xfa6a,4675,1,0},
{0xfa6b,4676,1,0},
{0xfa6c,4677,1,0},
{0xfa6d,4678,1,0},
{0xfa70,4679,1,0},
{0xfa71,4680,1,0},
{0xfa72,4681,1,0},
{0xfa73,4682,1,0},
{0xfa74,4683,1,0},
{0xfa75,4684,1,0},
{0xfa76,4685,1,0},
{0xfa77,4686,1,0},
{0xfa78,4687,1,0},
{0xfa79,4688,1,0},
{0xfa7a,4689,1,0},
{0xfa7b,4690,1,0},
{0xfa7c,4691,1,0},
{0xfa7d,4692,1,0},
{0xfa7e,4693,1,0},
{0xfa7f,4694,1,0},
{0xfa80,4695,1,0},
{0xfa81,4696,1,0},
{0xfa82,4697,1,0},
{0xfa83,4698,1,0},
{0xfa84,4699,1,0},
{0xfa85,4700,1,0},
{0xfa86,4701,1,0},
{0xfa87,4702,1,0},
{0xfa88,4703,1,0},
{0xfa89,4704,1,0},
{0xfa8a,4705,1,0},
{0xfa8b,4706,1,0},
{0xfa8c,4707,1,0},
{0xfa8d,4708,1,0},
{0xfa8e,4709,1,0},
{0xfa8f,4710,1,0},
{0xfa90,4711,1,0},
{0xfa91,4712,1,0},
{0xfa92,4713,1,0},
{0xfa93,4714,1,0},
{0xfa94,4715,1,0},
{0xfa95,4716,1,0},
{0xfa96,4717,1,0},
{0xfa97,4718,1,0},
{0xfa98,4719,1,0},
{0xfa99,4720,1,0},
{0xfa9a,4721,1,0},
{0xfa9b,4722,1,0},
{0xfa9c,4723,1,0},
{0xfa9d,4724,1,0},
{0xfa9e,4725,1,0},
{0xfa9f,4726,1,0},
{0xfaa0,4727,1,0},
{0xfaa1,4728,1,0},
{0xfaa2,4729,1,0},
{0xfaa3,4730,1,0},
{0xfaa4,4731,1,0},
{0xfaa5,4732,1,0},
{0xfaa6,4733,1,0},
{0xfaa7,4734,1,0},
{0xfaa8,4735,1,0},
{0xfaa9,4736,1,0},
{0xfaaa,4737,1,0},
{0xfaab,4738,1,0},
{0xfaac,4739,1,0},
{0xfaad,4740,1,0},
{0xfaae,4741,1,0},
{0xfaaf,4742,1,0},
{0xfab0,4743,1,0},
{0xfab1,4744,1,0},
{0xfab2,4745,1,0},
{0xfab3,4746,1,0},
{0xfab4,4747,1,0},
{0xfab5,4748,1,0},
{0xfab6,4749,1,0},
{0xfab7,4750,1,0},
{0xfab8,4751,1,0},
{0xfab9,4752,1,0},
{0xfaba,4753,1,0},
{0xfabb,4754,1,0},
{0xfabc,4755,1,0},
{0xfabd,4756,1,0},
{0xfabe,4757,1,0},
{0xfabf,4758,1,0},
{0xfac0,4759,1,0},
{0xfac1,4760,1,0},
{0xfac2,4761,1,0},
{0xfac3,4762,1,0},
{0xfac4,4763,1,0},
{0xfac5,4764,1,0},
{0xfac6,4765,1,0},
{0xfac7,4766,1,0},
{0xfac8,4767,1,0},
{0xfac9,4768,1,0},
{0xfaca,4769,1,0},
{0xfacb,4770,1,0},
{0xfacc,4771,1,0},
{0xfacd,4772,1,0},
{0xface,4773,1,0},
{0xfacf,4774,1,0},
{0xfad0,4775,1,0},
{0xfad1,4776,1,0},
{0xfad2,4777,1,0},
{0xfad3,4778,1,0},
{0xfad4,4779,1,0},
{0xfad5,4780,1,0},
{0xfad6,4781,1,0},
{0xfad7,4782,1,0},
{0xfad8,4783,1,0},
{0xfad9,4784,1,0},
{0xfb00,4785,2,1},
{0xfb01,4787,2,1},
{0xfb02,4789,2,1},
{0xfb03,4791,3,1},
{0xfb04,4794,3,1},
{0xfb05,4797,2,1},
{0xfb06,4799,2,1},
{0xfb13,4801,2,1},
{0xfb14,4803,2,1},
{0xfb15,4805,2,1},
{0xfb16,4807,2,1},
{0xfb17,4809,2,1},
{0xfb1d,4811,2,0},
{0xfb1f,4813,2,0},
{0xfb20,4815,1,1},
{0xfb21,4816,1,1},
{0xfb22,4817,1,1},
{0xfb23,4818,1,1},
{0xfb24,4819,1,1},
{0xfb25,4820,1,1},
{0xfb26,4821,1,1},
{0xfb27,4822,1,1},
{0xfb28,4823,1,1},
{0xfb29,4824,1,1},
{0xfb2a,4825,2,0},
{0xfb2b,4827,2,0},
{0xfb2c,4829,2,0},
{0xfb2d,4831,2,0},
{0xfb2e,4833,2,0},
{0xfb2f,4835,2,0},
{0xfb30,4837,2,0},
{0xfb31,4839,2,0},
{0xfb32,4841,2,0},
{0xfb33,4843,2,0},
{0xfb34,4845,2,0},
{0xfb35,4847,2,0},
{0xfb36,4849,2,0},
{0xfb38,4851,2,0},
{0xfb39,4853,2,0},
{0xfb3a,4855,2,0},
{0xfb3b,4857,2,0},
{0xfb3c,4859,2,0},
{0xfb3e,4861,2,0},
{0xfb40,4863,2,0},
{0xfb41,4865,2,0},
{0xfb43,4867,2,0},
{0xfb44,4869,2,0},
{0xfb46,4871,2,0},
{0xfb47,4873,2,0},
{0xfb48,4875,2,0},
{0xfb49,4877,2,0},
{0xfb4a,4879,2,0},
{0xfb4b,4881,2,0},
{0xfb4c,4883,2,0},
{0xfb4d,4885,2,0},
{0xfb4e,4887,2,0},
{0xfb4f,4889,2,1},
{0xfb50,4891,1,1},
{0xfb51,4892,1,1},
{0xfb52,4893,1,1},
{0xfb53,4894,1,1},
{0xfb54,4895,1,1},
{0xfb55,4896,1,1},
{0xfb56,4897,1,1},
{0xfb57,4898,1,1},
{0xfb58,4899,1,1},
{0xfb59,4900,1,1},
{0xfb5a,4901,1,1},
{0xfb5b,4902,1,1},
{0xfb5c,4903,1,1},
{0xfb5d,4904,1,1},
{0xfb5e,4905,1,1},
{0xfb5f,4906,1,1},
{0xfb60,4907,1,1},
{0xfb61,4908,1,1},
{0xfb62,4909,1,1},
{0xfb63,4910,1,1},
{0xfb64,4911,1,1},
{0xfb65,4912,1,1},
{0xfb66,4913,1,1},
{0xfb67,4914,1,1},
{0xfb68,4915,1,1},
{0xfb69,4916,1,1},
{0xfb6a,4917,1,1},
{0xfb6b,4918,1,1},
{0xfb6c,4919,1,1},
{0xfb6d,4920,1,1},
{0xfb6e,4921,1,1},
{0xfb6f,4922,1,1},
{0xfb70,4923,1,1},
{0xfb71,4924,1,1},
{0xfb72,4925,1,1},
{0xfb73,4926,1,1},
{0xfb74,4927,1,1},
{0xfb75,4928,1,1},
{0xfb76,4929,1,1},
{0xfb77,4930,1,1},
{0xfb78,4931,1,1},
{0xfb79,4932,1,1},
{0xfb7a,4933,1,1},
{0xfb7b,4934,1,1},
{0xfb7c,4935,1,1},
{0xfb7d,4936,1,1},
{0xfb7e,4937,1,1},
{0xfb7f,4938,1,1},
{0xfb80,4939,1,1},
{0xfb81,4940,1,1},
{0xfb82,4941,1,1},
{0xfb83,4942,1,1},
{0xfb84,4943,1,1},
{0xfb85,4944,1,1},
{0xfb86,4945,1,1},
{0xfb87,4946,1,1},
{0xfb88,4947,1,1},
{0xfb89,4948,1,1},
{0xfb8a,4949,1,1},
{0xfb8b,4950,1,1},
{0xfb8c,4951,1,1},
{0xfb8d,4952,1,1},
{0xfb8e,4953,1,1},
{0xfb8f,4954,1,1},
{0xfb90,4955,1,1},
{0xfb91,4956,1,1},
{0xfb92,4957,1,1},
{0xfb93,4958,1,1},
{0xfb94,4959,1,1},
{0xfb95,4960,1,1},
{0xfb96,4961,1,1},
{0xfb97,4962,1,1},
{0xfb98,4963,1,1},
{0xfb99,4964,1,1},
{0xfb9a,4965,1,1},
{0xfb9b,4966,1,1},
{0xfb9c,4967,1,1},
{0xfb9d,4968,1,1},
{0xfb9e,4969,1,1},
{0xfb9f,4970,1,1},
{0xfba0,4971,1,1},
{0xfba1,4972,1,1},
{0xfba2,4973,1,1},
{0xfba3,4974,1,1},
{0xfba4,4975,1,1},
{0xfba5,4976,1,1},
{0xfba6,4977,1,1},
{0xfba7,4978,1,1},
{0xfba8,4979,1,1},
{0xfba9,4980,1,1},
{0xfbaa,4981,1,1},
{0xfbab,4982,1,1},
{0xfbac,4983,1,1},
{0xfbad,4984,1,1},
{0xfbae,4985,1,1},
{0xfbaf,4986,1,1},
{0xfbb0,4987,1,1},
{0xfbb1,4988,1,1},
{0xfbd3,4989,1,1},
{0xfbd4,4990,1,1},
{0xfbd5,4991,1,1},
{0xfbd6,4992,1,1},
{0xfbd7,4993,1,1},
{0xfbd8,4994,1,1},
{0xfbd9,4995,1,1},
{0xfbda,4996,1,1},
{0xfbdb,4997,1,1},
{0xfbdc,4998,1,1},
{0xfbdd,4999,1,1},
{0xfbde,5000,1,1},
{0xfbdf,5001,1,1},
{0xfbe0,5002,1,1},
{0xfbe1,5003,1,1},
{0xfbe2,5004,1,1},
{0xfbe3,5005,1,1},
{0xfbe4,5006,1,1},
{0xfbe5,5007,1,1},
{0xfbe6,5008,1,1},
{0xfbe7,5009,1,1},
{0xfbe8,5010,1,1},
{0xfbe9,5011,1,1},
{0xfbea,5012,2,1},
{0xfbeb,5014,2,1},
{0xfbec,5016,2,1},
{0xfbed,5018,2,1},
{0xfbee,5020,2,1},
{0xfbef,5022,2,1},
{0xfbf0,5024,2,1},
{0xfbf1,5026,2,1},
{0xfbf2,5028,2,1},
{0xfbf3,5030,2,1},
{0xfbf4,5032,2,1},
{0xfbf5,5034,2,1},
{0xfbf6,5036,2,1},
{0xfbf7,5038,2,1},
{0xfbf8,5040,2,1},
{0xfbf9,5042,2,1},
{0xfbfa,5044,2,1},
{0xfbfb,5046,2,1},
{0xfbfc,5048,1,1},
{0xfbfd,5049,1,1},
{0xfbfe,5050,1,1},
{0xfbff,5051,1,1},
{0xfc00,5052,2,1},
{0xfc01,5054,2,1},
{0xfc02,5056,2,1},
{0xfc03,5058,2,1},
{0xfc04,5060,2,1},
{0xfc05,5062,2,1},
{0xfc06,5064,2,1},
{0xfc07,5066,2,1},
{0xfc08,5068,2,1},
{0xfc09,5070,2,1},
{0xfc0a,5072,2,1},
{0xfc0b,5074,2,1},
{0xfc0c,5076,2,1},
{0xfc0d,5078,2,1},
{0xfc0e,5080,2,1},
{0xfc0f,5082,2,1},
{0xfc10,5084,2,1},
{0xfc11,5086,2,1},
{0xfc12,5088,2,1},
{0xfc13,5090,2,1},
{0xfc14,5092,2,1},
{0xfc15,5094,2,1},
{0xfc16,5096,2,1},
{0xfc17,5098,2,1},
{0xfc18,5100,2,1},
{0xfc19,5102,2,1},
{0xfc1a,5104,2,1},
{0xfc1b,5106,2,1},
{0xfc1c,5108,2,1},
{0xfc1d,5110,2,1},
{0xfc1e,5112,2,1},
{0xfc1f,5114,2,1},
{0xfc20,5116,2,1},
{0xfc21,5118,2,1},
{0xfc22,5120,2,1},
{0xfc23,5122,2,1},
{0xfc24,5124,2,1},
{0xfc25,5126,2,1},
{0xfc26,5128,2,1},
{0xfc27,5130,2,1},
{0xfc28,5132,2,1},
{0xfc29,5134,2,1},
{0xfc2a,5136,2,1},
{0xfc2b,5138,2,1},
{0xfc2c,5140,2,1},
{0xfc2d,5142,2,1},
{0xfc2e,5144,2,1},
{0xfc2f,5146,2,1},
{0xfc30,5148,2,1},
{0xfc31,5150,2,1},
{0xfc32,5152,2,1},
{0xfc33,5154,2,1},
{0xfc34,5156,2,1},
{0xfc35,5158,2,1},
{0xfc36,5160,2,1},
{0xfc37,5162,2,1},
{0xfc38,5164,2,1},
{0xfc39,5166,2,1},
{0xfc3a,5168,2,1},
{0xfc3b,5170,2,1},
{0xfc3c,5172,2,1},
{0xfc3d,5174,2,1},
{0xfc3e,5176,2,1},
{0xfc3f,5178,2,1},
{0xfc40,5180,2,1},
{0xfc41,5182,2,1},
{0xfc42,5184,2,1},
{0xfc43,5186,2,1},
{0xfc44,5188,2,1},
{0xfc45,5190,2,1},
{0xfc46,5192,2,1},
{0xfc47,5194,2,1},
{0xfc48,5196,2,1},
{0xfc49,5198,2,1},
{0xfc4a,5200,2,1},
{0xfc4b,5202,2,1},
{0xfc4c,5204,2,1},
{0xfc4d,5206,2,1},
{0xfc4e,5208,2,1},
{0xfc4f,5210,2,1},
{0xfc50,5212,2,1},
{0xfc51,5214,2,1},
{0xfc52,5216,2,1},
{0xfc53,5218,2,1},
{0xfc54,5220,2,1},
{0xfc55,5222,2,1},
{0xfc56,5224,2,1},
{0xfc57,5226,2,1},
{0xfc58,5228,2,1},
{0xfc59,5230,2,1},
{0xfc5a,5232,2,1},
{0xfc5b,5234,2,1},
{0xfc5c,5236,2,1},
{0xfc5d,5238,2,1},
{0xfc5e,5240,3,1},
{0xfc5f,5243,3,1},
{0xfc60,5246,3,1},
{0xfc61,5249,3,1},
{0xfc62,5252,3,1},
{0xfc63,5255,3,1},
{0xfc64,5258,2,1},
{0xfc65,5260,2,1},
{0xfc66,5262,2,1},
{0xfc67,5264,2,1},
{0xfc68,5266,2,1},
{0xfc69,5268,2,1},
{0xfc6a,5270,2,1},
{0xfc6b,5272,2,1},
{0xfc6c,5274,2,1},
{0xfc6d,5276,2,1},
{0xfc6e,5278,2,1},
{0xfc6f,5280,2,1},
{0xfc70,5282,2,1},
{0xfc71,5284,2,1},
{0xfc72,5286,2,1},
{0xfc73,5288,2,1},
{0xfc74,5290,2,1},
{0xfc75,5292,2,1},
{0xfc76,5294,2,1},
{0xfc77,5296,2,1},
{0xfc78,5298,2,1},
{0xfc79,5300,2,1},
{0xfc7a,5302,2,1},
{0xfc7b,5304,2,1},
{0xfc7c,5306,2,1},
{0xfc7d,5308,2,1},
{0xfc7e,5310,2,1},
{0xfc7f,5312,2,1},
{0xfc80,5314,2,1},
{0xfc81,5316,2,1},
{0xfc82,5318,2,1},
{0xfc83,5320,2,1},
{0xfc84,5322,2,1},
{0xfc85,5324,2,1},
{0xfc86,5326,2,1},
{0xfc87,5328,2,1},
{0xfc88,5330,2,1},
{0xfc89,5332,2,1},
{0xfc8a,5334,2,1},
{0xfc8b,5336,2,1},
{0xfc8c,5338,2,1},
{0xfc8d,5340,2,1},
{0xfc8e,5342,2,1},
{0xfc8f,5344,2,1},
{0xfc90,5346,2,1},
{0xfc91,5348,2,1},
{0xfc92,5350,2,1},
{0xfc93,5352,2,1},
{0xfc94,5354,2,1},
{0xfc95,5356,2,1},
{0xfc96,5358,2,1},
{0xfc97,5360,2,1},
{0xfc98,5362,2,1},
{0xfc99,5364,2,1},
{0xfc9a,5366,2,1},
{0xfc9b,5368,2,1},
{0xfc9c,5370,2,1},
{0xfc9d,5372,2,1},
{0xfc9e,5374,2,1},
{0xfc9f,5376,2,1},
{0xfca0,5378,2,1},
{0xfca1,5380,2,1},
{0xfca2,5382,2,1},
{0xfca3,5384,2,1},
{0xfca4,5386,2,1},
{0xfca5,5388,2,1},
{0xfca6,5390,2,1},
{0xfca7,5392,2,1},
{0xfca8,5394,2,1},
{0xfca9,5396,2,1},
{0xfcaa,5398,2,1},
{0xfcab,5400,2,1},
{0xfcac,5402,2,1},
{0xfcad,5404,2,1},
{0xfcae,5406,2,1},
{0xfcaf,5408,2,1},
{0xfcb0,5410,2,1},
{0xfcb1,5412,2,1},
{0xfcb2,5414,2,1},
{0xfcb3,5416,2,1},
{0xfcb4,5418,2,1},
{0xfcb5,5420,2,1},
{0xfcb6,5422,2,1},
{0xfcb7,5424,2,1},
{0xfcb8,5426,2,1},
{0xfcb9,5428,2,1},
{0xfcba,5430,2,1},
{0xfcbb,5432,2,1},
{0xfcbc,5434,2,1},
{0xfcbd,5436,2,1},
{0xfcbe,5438,2,1},
{0xfcbf,5440,2,1},
{0xfcc0,5442,2,1},
{0xfcc1,5444,2,1},
{0xfcc2,5446,2,1},
{0xfcc3,5448,2,1},
{0xfcc4,5450,2,1},
{0xfcc5,5452,2,1},
{0xfcc6,5454,2,1},
{0xfcc7,5456,2,1},
{0xfcc8,5458,2,1},
{0xfcc9,5460,2,1},
{0xfcca,5462,2,1},
{0xfccb,5464,2,1},
{0xfccc,5466,2,1},
{0xfccd,5468,2,1},
{0xfcce,5470,2,1},
{0xfccf,5472,2,1},
{0xfcd0,5474,2,1},
{0xfcd1,5476,2,1},
{0xfcd2,5478,2,1},
{0xfcd3,5480,2,1},
{0xfcd4,5482,2,1},
{0xfcd5,5484,2,1},
{0xfcd6,5486,2,1},
{0xfcd7,5488,2,1},
{0xfcd8,5490,2,1},
{0xfcd9,5492,2,1},
{0xfcda,5494,2,1},
{0xfcdb,5496,2,1},
{0xfcdc,5498,2,1},
{0xfcdd,5500,2,1},
{0xfcde,5502,2,1},
{0xfcdf,5504,2,1},
{0xfce0,5506,2,1},
{0xfce1,5508,2,1},
{0xfce2,5510,2,1},
{0xfce3,5512,2,1},
{0xfce4,5514,2,1},
{0xfce5,5516,2,1},
{0xfce6,5518,2,1},
{0xfce7,5520,2,1},
{0xfce8,5522,2,1},
{0xfce9,5524,2,1},
{0xfcea,5526,2,1},
{0xfceb,5528,2,1},
{0xfcec,5530,2,1},
{0xfced,5532,2,1},
{0xfcee,5534,2,1},
{0xfcef,5536,2,1},
{0xfcf0,5538,2,1},
{0xfcf1,5540,2,1},
{0xfcf2,5542,3,1},
{0xfcf3,5545,3,1},
{0xfcf4,5548,3,1},
{0xfcf5,5551,2,1},
{0xfcf6,5553,2,1},
{0xfcf7,5555,2,1},
{0xfcf8,5557,2,1},
{0xfcf9,5559,2,1},
{0xfcfa,5561,2,1},
{0xfcfb,5563,2,1},
{0xfcfc,5565,2,1},
{0xfcfd,5567,2,1},
{0xfcfe,5569,2,1},
{0xfcff,5571,2,1},
{0xfd00,5573,2,1},
{0xfd01,5575,2,1},
{0xfd02,5577,2,1},
{0xfd03,5579,2,1},
{0xfd04,5581,2,1},
{0xfd05,5583,2,1},
{0xfd06,5585,2,1},
{0xfd07,5587,2,1},
{0xfd08,5589,2,1},
{0xfd09,5591,2,1},
{0xfd0a,5593,2,1},
{0xfd0b,5595,2,1},
{0xfd0c,5597,2,1},
{0xfd0d,5599,2,1},
{0xfd0e,5601,2,1},
{0xfd0f,5603,2,1},
{0xfd10,5605,2,1},
{0xfd11,5607,2,1},
{0xfd12,5609,2,1},
{0xfd13,5611,2,1},
{0xfd14,5613,2,1},
{0xfd15,5615,2,1},
{0xfd16,5617,2,1},
{0xfd17,5619,2,1},
{0xfd18,5621,2,1},
{0xfd19,5623,2,1},
{0xfd1a,5625,2,1},
{0xfd1b,5627,2,1},
{0xfd1c,5629,2,1},
{0xfd1d,5631,2,1},
{0xfd1e,5633,2,1},
{0xfd1f,5635,2,1},
{0xfd20,5637,2,1},
{0xfd21,5639,2,1},
{0xfd22,5641,2,1},
{0xfd23,5643,2,1},
{0xfd24,5645,2,1},
{0xfd25,5647,2,1},
{0xfd26,5649,2,1},
{0xfd27,5651,2,1},
{0xfd28,5653,2,1},
{0xfd29,5655,2,1},
{0xfd2a,5657,2,1},
{0xfd2b,5659,2,1},
{0xfd2c,5661,2,1},
{0xfd2d,5663,2,1},
{0xfd2e,5665,2,1},
{0xfd2f,5667,2,1},
{0xfd30,5669,2,1},
{0xfd31,5671,2,1},
{0xfd32,5673,2,1},
{0xfd33,5675,2,1},
{0xfd34,5677,2,1},
{0xfd35,5679,2,1},
{0xfd36,5681,2,1},
{0xfd37,5683,2,1},
{0xfd38,5685,2,1},
{0xfd39,5687,2,1},
{0xfd3a,5689,2,1},
{0xfd3b,5691,2,1},
{0xfd3c,5693,2,1},
{0xfd3d,5695,2,1},
{0xfd50,5697,3,1},
{0xfd51,5700,3,1},
{0xfd52,5703,3,1},
{0xfd53,5706,3,1},
{0xfd54,5709,3,1},
{0xfd55,5712,3,1},
{0xfd56,5715,3,1},
{0xfd57,5718,3,1},
{0xfd58,5721,3,1},
{0xfd59,5724,3,1},
{0xfd5a,5727,3,1},
{0xfd5b,5730,3,1},
{0xfd5c,5733,3,1},
{0xfd5d,5736,3,1},
{0xfd5e,5739,3,1},
{0xfd5f,5742,3,1},
{0xfd60,5745,3,1},
{0xfd61,5748,3,1},
{0xfd62,5751,3,1},
{0xfd63,5754,3,1},
{0xfd64,5757,3,1},
{0xfd65,5760,3,1},
{0xfd66,5763,3,1},
{0xfd67,5766,3,1},
{0xfd68,5769,3,1},
{0xfd69,5772,3,1},
{0xfd6a,5775,3,1},
{0xfd6b,5778,3,1},
{0xfd6c,5781,3,1},
{0xfd6d,5784,3,1},
{0xfd6e,5787,3,1},
{0xfd6f,5790,3,1},
{0xfd70,5793,3,1},
{0xfd71,5796,3,1},
{0xfd72,5799,3,1},
{0xfd73,5802,3,1},
{0xfd74,5805,3,1},
{0xfd75,5808,3,1},
{0xfd76,5811,3,1},
{0xfd77,5814,3,1},
{0xfd78,5817,3,1},
{0xfd79,5820,3,1},
{0xfd7a,5823,3,1},
{0xfd7b,5826,3,1},
{0xfd7c,5829,3,1},
{0xfd7d,5832,3,1},
{0xfd7e,5835,3,1},
{0xfd7f,5838,3,1},
{0xfd80,5841,3,1},
{0xfd81,5844,3,1},
{0xfd82,5847,3,1},
{0xfd83,5850,3,1},
{0xfd84,5853,3,1},
{0xfd85,5856,3,1},
{0xfd86,5859,3,1},
{0xfd87,5862,3,1},
{0xfd88,5865,3,1},
{0xfd89,5868,3,1},
{0xfd8a,5871,3,1},
{0xfd8b,5874,3,1},
{0xfd8c,5877,3,1},
{0xfd8d,5880,3,1},
{0xfd8e,5883,3,1},
{0xfd8f,5886,3,1},
{0xfd92,5889,3,1},
{0xfd93,5892,3,1},
{0xfd94,5895,3,1},
{0xfd95,5898,3,1},
{0xfd96,5901,3,1},
{0xfd97,5904,3,1},
{0xfd98,5907,3,1},
{0xfd99,5910,3,1},
{0xfd9a,5913,3,1},
{0xfd9b,5916,3,1},
{0xfd9c,5919,3,1},
{0xfd9d,5922,3,1},
{0xfd9e,5925,3,1},
{0xfd9f,5928,3,1},
{0xfda0,5931,3,1},
{0xfda1,5934,3,1},
{0xfda2,5937,3,1},
{0xfda3,5940,3,1},
{0xfda4,5943,3,1},
{0xfda5,5946,3,1},
{0xfda6,5949,3,1},
{0xfda7,5952,3,1},
{0xfda8,5955,3,1},
{0xfda9,5958,3,1},
{0xfdaa,5961,3,1},
{0xfdab,5964,3,1},
{0xfdac,5967,3,1},
{0xfdad,5970,3,1},
{0xfdae,5973,3,1},
{0xfdaf,5976,3,1},
{0xfdb0,5979,3,1},
{0xfdb1,5982,3,1},
{0xfdb2,5985,3,1},
{0xfdb3,5988,3,1},
{0xfdb4,5991,3,1},
{0xfdb5,5994,3,1},
{0xfdb6,5997,3,1},
{0xfdb7,6000,3,1},
{0xfdb8,6003,3,1},
{0xfdb9,6006,3,1},
{0xfdba,6009,3,1},
{0xfdbb,6012,3,1},
{0xfdbc,6015,3,1},
{0xfdbd,6018,3,1},
{0xfdbe,6021,3,1},
{0xfdbf,6024,3,1},
{0xfdc0,6027,3,1},
{0xfdc1,6030,3,1},
{0xfdc2,6033,3,1},
{0xfdc3,6036,3,1},
{0xfdc4,6039,3,1},
{0xfdc5,6042,3,1},
{0xfdc6,6045,3,1},
{0xfdc7,6048,3,1},
{0xfdf0,6051,3,1},
{0xfdf1,6054,3,1},
{0xfdf2,6057,4,1},
{0xfdf3,6061,4,1},
{0xfdf4,6065,4,1},
{0xfdf5,6069,4,1},
{0xfdf6,6073,4,1},
{0xfdf7,6077,4,1},
{0xfdf8,6081,4,1},
{0xfdf9,6085,3,1},
{0xfdfa,6088,18,1},
{0xfdfb,6106,8,1},
{0xfdfc,6114,4,1},
{0xfe10,6118,1,1},
{0xfe11,6119,1,1},
{0xfe12,6120,1,1},
{0xfe13,6121,1,1},
{0xfe14,6122,1,1},
{0xfe15,6123,1,1},
{0xfe16,6124,1,1},
{0xfe17,6125,1,1},
{0xfe18,6126,1,1},
{0xfe19,6127,1,1},
{0xfe30,6128,1,1},
{0xfe31,6129,1,1},
{0xfe32,6130,1,1},
{0xfe33,6131,1,1},
{0xfe34,6132,1,1},
{0xfe35,6133,1,1},
{0xfe36,6134,1,1},
{0xfe37,6135,1,1},
{0xfe38,6136,1,1},
{0xfe39,6137,1,1},
{0xfe3a,6138,1,1},
{0xfe3b,6139,1,1},
{0xfe3c,6140,1,1},
{0xfe3d,6141,1,1},
{0xfe3e,6142,1,1},
{0xfe3f,6143,1,1},
{0xfe40,6144,1,1},
{0xfe41,6145,1,1},
{0xfe42,6146,1,1},
{0xfe43,6147,1,1},
{0xfe44,6148,1,1},
{0xfe47,6149,1,1},
{0xfe48,6150,1,1},
{0xfe49,6151,1,1},
{0xfe4a,6152,1,1},
{0xfe4b,6153,1,1},
{0xfe4c,6154,1,1},
{0xfe4d,6155,1,1},
{0xfe4e,6156,1,1},
{0xfe4f,6157,1,1},
{0xfe50,6158,1,1},
{0xfe51,6159,1,1},
{0xfe52,6160,1,1},
{0xfe54,6161,1,1},
{0xfe55,6162,1,1},
{0xfe56,6163,1,1},
{0xfe57,6164,1,1},
{0xfe58,6165,1,1},
{0xfe59,6166,1,1},
{0xfe5a,6167,1,1},
{0xfe5b,6168,1,1},
{0xfe5c,6169,1,1},
{0xfe5d,6170,1,1},
{0xfe5e,6171,1,1},
{0xfe5f,6172,1,1},
{0xfe60,6173,1,1},
{0xfe61,6174,1,1},
{0xfe62,6175,1,1},
{0xfe63,6176,1,1},
{0xfe64,6177,1,1},
{0xfe65,6178,1,1},
{0xfe66,6179,1,1},
{0xfe68,6180,1,1},
{0xfe69,6181,1,1},
{0xfe6a,6182,1,1},
{0xfe6b,6183,1,1},
{0xfe70,6184,2,1},
{0xfe71,6186,2,1},
{0xfe72,6188,2,1},
{0xfe74,6190,2,1},
{0xfe76,6192,2,1},
{0xfe77,6194,2,1},
{0xfe78,6196,2,1},
{0xfe79,6198,2,1},
{0xfe7a,6200,2,1},
{0xfe7b,6202,2,1},
{0xfe7c,6204,2,1},
{0xfe7d,6206,2,1},
{0xfe7e,6208,2,1},
{0xfe7f,6210,2,1},
{0xfe80,6212,1,1},
{0xfe81,6213,1,1},
{0xfe82,6214,1,1},
{0xfe83,6215,1,1},
{0xfe84,6216,1,1},
{0xfe85,6217,1,1},
{0xfe86,6218,1,1},
{0xfe87,6219,1,1},
{0xfe88,6220,1,1},
{0xfe89,6221,1,1},
{0xfe8a,6222,1,1},
{0xfe8b,6223,1,1},
{0xfe8c,6224,1,1},
{0xfe8d,6225,1,1},
{0xfe8e,6226,1,1},
{0xfe8f,6227,1,1},
{0xfe90,6228,1,1},
{0xfe91,6229,1,1},
{0xfe92,6230,1,1},
{0xfe93,6231,1,1},
{0xfe94,6232,1,1},
{0xfe95,6233,1,1},
{0xfe96,6234,1,1},
{0xfe97,6235,1,1},
{0xfe98,6236,1,1},
{0xfe99,6237,1,1},
{0xfe9a,6238,1,1},
{0xfe9b,6239,1,1},
{0xfe9c,6240,1,1},
{0xfe9d,6241,1,1},
{0xfe9e,6242,1,1},
{0xfe9f,6243,1,1},
{0xfea0,6244,1,1},
{0xfea1,6245,1,1},
{0xfea2,6246,1,1},
{0xfea3,6247,1,1},
{0xfea4,6248,1,1},
{0xfea5,6249,1,1},
{0xfea6,6250,1,1},
{0xfea7,6251,1,1},
{0xfea8,6252,1,1},
{0xfea9,6253,1,1},
{0xfeaa,6254,1,1},
{0xfeab,6255,1,1},
{0xfeac,6256,1,1},
{0xfead,6257,1,1},
{0xfeae,6258,1,1},
{0xfeaf,6259,1,1},
{0xfeb0,6260,1,1},
{0xfeb1,6261,1,1},
{0xfeb2,6262,1,1},
{0xfeb3,6263,1,1},
{0xfeb4,6264,1,1},
{0xfeb5,6265,1,1},
{0xfeb6,6266,1,1},
{0xfeb7,6267,1,1},
{0xfeb8,6268,1,1},
{0xfeb9,6269,1,1},
{0xfeba,6270,1,1},
{0xfebb,6271,1,1},
{0xfebc,6272,1,1},
{0xfebd,6273,1,1},
{0xfebe,6274,1,1},
{0xfebf,6275,1,1},
{0xfec0,6276,1,1},
{0xfec1,6277,1,1},
{0xfec2,6278,1,1},
{0xfec3,6279,1,1},
{0xfec4,6280,1,1},
{0xfec5,6281,1,1},
{0xfec6,6282,1,1},
{0xfec7,6283,1,1},
{0xfec8,6284,1,1},
{0xfec9,6285,1,1},
{0xfeca,6286,1,1},
{0xfecb,6287,1,1},
{0xfecc,6288,1,1},
{0xfecd,6289,1,1},
{0xfece,6290,1,1},
{0xfecf,6291,1,1},
{0xfed0,6292,1,1},
{0xfed1,6293,1,1},
{0xfed2,6294,1,1},
{0xfed3,6295,1,1},
{0xfed4,6296,1,1},
{0xfed5,6297,1,1},
{0xfed6,6298,1,1},
{0xfed7,6299,1,1},
{0xfed8,6300,1,1},
{0xfed9,6301,1,1},
{0xfeda,6302,1,1},
{0xfedb,6303,1,1},
{0xfedc,6304,1,1},
{0xfedd,6305,1,1},
{0xfede,6306,1,1},
{0xfedf,6307,1,1},
{0xfee0,6308,1,1},
{0xfee1,6309,1,1},
{0xfee2,6310,1,1},
{0xfee3,6311,1,1},
{0xfee4,6312,1,1},
{0xfee5,6313,1,1},
{0xfee6,6314,1,1},
{0xfee7,6315,1,1},
{0xfee8,6316,1,1},
{0xfee9,6317,1,1},
{0xfeea,6318,1,1},
{0xfeeb,6319,1,1},
{0xfeec,6320,1,1},
{0xfeed,6321,1,1},
{0xfeee,6322,1,1},
{0xfeef,6323,1,1},
{0xfef0,6324,1,1},
{0xfef1,6325,1,1},
{0xfef2,6326,1,1},
{0xfef3,6327,1,1},
{0xfef4,6328,1,1},
{0xfef5,6329,2,1},
{0xfef6,6331,2,1},
{0xfef7,6333,2,1},
{0xfef8,6335,2,1},
{0xfef9,6337,2,1},
{0xfefa,6339,2,1},
{0xfefb,6341,2,1},
{0xfefc,6343,2,1},
{0xff01,6345,1,1},
{0xff02,6346,1,1},
{0xff03,6347,1,1},
{0xff04,6348,1,1},
{0xff05,6349,1,1},
{0xff06,6350,1,1},
{0xff07,6351,1,1},
{0xff08,6352,1,1},
{0xff09,6353,1,1},
{0xff0a,6354,1,1},
{0xff0b,6355,1,1},
{0xff0c,6356,1,1},
{0xff0d,6357,1,1},
{0xff0e,6358,1,1},
{0xff0f,6359,1,1},
{0xff10,6360,1,1},
{0xff11,6361,1,1},
{0xff12,6362,1,1},
{0xff13,6363,1,1},
{0xff14,6364,1,1},
{0xff15,6365,1,1},
{0xff16,6366,1,1},
{0xff17,6367,1,1},
{0xff18,6368,1,1},
{0xff19,6369,1,1},
{0xff1a,6370,1,1},
{0xff1b,6371,1,1},
{0xff1c,6372,1,1},
{0xff1d,6373,1,1},
{0xff1e,6374,1,1},
{0xff1f,6375,1,1},
{0xff20,6376,1,1},
{0xff21,6377,1,1},
{0xff22,6378,1,1},
{0xff23,6379,1,1},
{0xff24,6380,1,1},
{0xff25,6381,1,1},
{0xff26,6382,1,1},
{0xff27,6383,1,1},
{0xff28,6384,1,1},
{0xff29,6385,1,1},
{0xff2a,6386,1,1},
{0xff2b,6387,1,1},
{0xff2c,6388,1,1},
{0xff2d,6389,1,1},
{0xff2e,6390,1,1},
{0xff2f,6391,1,1},
{0xff30,6392,1,1},
{0xff31,6393,1,1},
{0xff32,6394,1,1},
{0xff33,6395,1,1},
{0xff34,6396,1,1},
{0xff35,6397,1,1},
{0xff36,6398,1,1},
{0xff37,6399,1,1},
{0xff38,6400,1,1},
{0xff39,6401,1,1},
{0xff3a,6402,1,1},
{0xff3b,6403,1,1},
{0xff3c,6404,1,1},
{0xff3d,6405,1,1},
{0xff3e,6406,1,1},
{0xff3f,6407,1,1},
{0xff40,6408,1,1},
{0xff41,6409,1,1},
{0xff42,6410,1,1},
{0xff43,6411,1,1},
{0xff44,6412,1,1},
{0xff45,6413,1,1},
{0xff46,6414,1,1},
{0xff47,6415,1,1},
{0xff48,6416,1,1},
{0xff49,6417,1,1},
{0xff4a,6418,1,1},
{0xff4b,6419,1,1},
{0xff4c,6420,1,1},
{0xff4d,6421,1,1},
{0xff4e,6422,1,1},
{0xff4f,6423,1,1},
{0xff50,6424,1,1},
{0xff51,6425,1,1},
{0xff52,6426,1,1},
{0xff53,6427,1,1},
{0xff54,6428,1,1},
{0xff55,6429,1,1},
{0xff56,6430,1,1},
{0xff57,6431,1,1},
{0xff58,6432,1,1},
{0xff59,6433,1,1},
{0xff5a,6434,1,1},
{0xff5b,6435,1,1},
{0xff5c,6436,1,1},
{0xff5d,6437,1,1},
{0xff5e,6438,1,1},
{0xff5f,6439,1,1},
{0xff60,6440,1,1},
{0xff61,6441,1,1},
{0xff62,6442,1,1},
{0xff63,6443,1,1},
{0xff64,6444,1,1},
{0xff65,6445,1,1},
{0xff66,6446,1,1},
{0xff67,6447,1,1},
{0xff68,6448,1,1},
{0xff69,6449,1,1},
{0xff6a,6450,1,1},
{0xff6b,6451,1,1},
{0xff6c,6452,1,1},
{0xff6d,6453,1,1},
{0xff6e,6454,1,1},
{0xff6f,6455,1,1},
{0xff70,6456,1,1},
{0xff71,6457,1,1},
{0xff72,6458,1,1},
{0xff73,6459,1,1},
{0xff74,6460,1,1},
{0xff75,6461,1,1},
{0xff76,6462,1,1},
{0xff77,6463,1,1},
{0xff78,6464,1,1},
{0xff79,6465,1,1},
{0xff7a,6466,1,1},
{0xff7b,6467,1,1},
{0xff7c,6468,1,1},
{0xff7d,6469,1,1},
{0xff7e,6470,1,1},
{0xff7f,6471,1,1},
{0xff80,6472,1,1},
{0xff81,6473,1,1},
{0xff82,6474,1,1},
{0xff83,6475,1,1},
{0xff84,6476,1,1},
{0xff85,6477,1,1},
{0xff86,6478,1,1},
{0xff87,6479,1,1},
{0xff88,6480,1,1},
{0xff89,6481,1,1},
{0xff8a,6482,1,1},
{0xff8b,6483,1,1},
{0xff8c,6484,1,1},
{0xff8d,6485,1,1},
{0xff8e,6486,1,1},
{0xff8f,6487,1,1},
{0xff90,6488,1,1},
{0xff91,6489,1,1},
{0xff92,6490,1,1},
{0xff93,6491,1,1},
{0xff94,6492,1,1},
{0xff95,6493,1,1},
{0xff96,6494,1,1},
{0xff97,6495,1,1},
{0xff98,6496,1,1},
{0xff99,6497,1,1},
{0xff9a,6498,1,1},
{0xff9b,6499,1,1},
{0xff9c,6500,1,1},
{0xff9d,6501,1,1},
{0xff9e,6502,1,1},
{0xff9f,6503,1,1},
{0xffa0,6504,1,1},
{0xffa1,6505,1,1},
{0xffa2,6506,1,1},
{0xffa3,6507,1,1},
{0xffa4,6508,1,1},
{0xffa5,6509,1,1},
{0xffa6,6510,1,1},
{0xffa7,6511,1,1},
{0xffa8,6512,1,1},
{0xffa9,6513,1,1},
{0xffaa,6514,1,1},
{0xffab,6515,1,1},
{0xffac,6516,1,1},
{0xffad,6517,1,1},
{0xffae,6518,1,1},
{0xffaf,6519,1,1},
{0xffb0,6520,1,1},
{0xffb1,6521,1,1},
{0xffb2,6522,1,1},
{0xffb3,6523,1,1},
{0xffb4,6524,1,1},
{0xffb5,6525,1,1},
{0xffb6,6526,1,1},
{0xffb7,6527,1,1},
{0xffb8,6528,1,1},
{0xffb9,6529,1,1},
{0xffba,6530,1,1},
{0xffbb,6531,1,1},
{0xffbc,6532,1,1},
{0xffbd,6533,1,1},
{0xffbe,6534,1,1},
{0xffc2,6535,1,1},
{0xffc3,6536,1,1},
{0xffc4,6537,1,1},
{0xffc5,6538,1,1},
{0xffc6,6539,1,1},
{0xffc7,6540,1,1},
{0xffca,6541,1,1},
{0xffcb,6542,1,1},
{0xffcc,6543,1,1},
{0xffcd,6544,1,1},
{0xffce,6545,1,1},
{0xffcf,6546,1,1},
{0xffd2,6547,1,1},
{0xffd3,6548,1,1},
{0xffd4,6549,1,1},
{0xffd5,6550,1,1},
{0xffd6,6551,1,1},
{0xffd7,6552,1,1},
{0xffda,6553,1,1},
{0xffdb,6554,1,1},
{0xffdc,6555,1,1},
{0xffe0,6556,1,1},
{0xffe1,6557,1,1},
{0xffe2,6558,1,1},
{0xffe3,6559,1,1},
{0xffe4,6560,1,1},
{0xffe5,6561,1,1},
{0xffe6,6562,1,1},
{0xffe8,6563,1,1},
{0xffe9,6564,1,1},
{0xffea,6565,1,1},
{0xffeb,6566,1,1},
{0xffec,6567,1,1},
{0xffed,6568,1,1},
{0xffee,6569,1,1},
{0x10781,6570,1,1},
{0x10782,6571,1,1},
{0x10783,6572,1,1},
{0x10784,6573,1,1},
{0x10785,6574,1,1},
{0x10787,6575,1,1},
{0x10788,6576,1,1},
{0x10789,6577,1,1},
{0x1078a,6578,1,1},
{0x1078b,6579,1,1},
{0x1078c,6580,1,1},
{0x1078d,6581,1,1},
{0x1078e,6582,1,1},
{0x1078f,6583,1,1},
{0x10790,6584,1,1},
{0x10791,6585,1,1},
{0x10792,6586,1,1},
{0x10793,6587,1,1},
{0x10794,6588,1,1},
{0x10795,6589,1,1},
{0x10796,6590,1,1},
{0x10797,6591,1,1},
{0x10798,6592,1,1},
{0x10799,6593,1,1},
{0x1079a,6594,1,1},
{0x1079b,6595,1,1},
{0x1079c,6596,1,1},
{0x1079d,6597,1,1},
{0x1079e,6598,1,1},
{0x1079f,6599,1,1},
{0x107a0,6600,1,1},
{0x107a1,6601,1,1},
{0x107a2,6602,1,1},
{0x107a3,6603,1,1},
{0x107a4,6604,1,1},
{0x107a5,6605,1,1},
{0x107a6,6606,1,1},
{0x107a7,6607,1,1},
{0x107a8,6608,1,1},
{0x107a9,6609,1,1},
{0x107aa,6610,1,1},
{0x107ab,6611,1,1},
{0x107ac,6612,1,1},
{0x107ad,6613,1,1},
{0x107ae,6614,1,1},
{0x107af,6615,1,1},
{0x107b0,6616,1,1},
{0x107b2,6617,1,1},
{0x107b3,6618,1,1},
{0x107b4,6619,1,1},
{0x107b5,6620,1,1},
{0x107b6,6621,1,1},
{0x107b7,6622,1,1},
{0x107b8,6623,1,1},
{0x107b9,6624,1,1},
{0x107ba,6625,1,1},
{0x1109a,6626,2,0},
{0x1109c,6628,2,0},
{0x110ab,6630,2,0},
{0x1112e,6632,2,0},
{0x1112f,6634,2,0},
{0x1134b,6636,2,0},
{0x1134c,6638,2,0},
{0x114bb,6640,2,0},
{0x114bc,6642,2,0},
{0x114be,6644,2,0},
{0x115ba,6646,2,0},
{0x115bb,6648,2,0},
{0x11938,6650,2,0},
{0x1d15e,6652,2,0},
{0x1d15f,6654,2,0},
{0x1d160,6656,2,0},
{0x1d161,6658,2,0},
{0x1d162,6660,2,0},
{0x1d163,6662,2,0},
{0x1d164,6664,2,0},
{0x1d1bb,6666,2,0},
{0x1d1bc,6668,2,0},
{0x1d1bd,6670,2,0},
{0x1d1be,6672,2,0},
{0x1d1bf,6674,2,0},
{0x1d1c0,6676,2,0},
{0x1d400,6678,1,1},
{0x1d401,6679,1,1},
{0x1d402,6680,1,1},
{0x1d403,6681,1,1},
{0x1d404,6682,1,1},
{0x1d405,6683,1,1},
{0x1d406,6684,1,1},
{0x1d407,6685,1,1},
{0x1d408,6686,1,1},
{0x1d409,6687,1,1},
{0x1d40a,6688,1,1},
{0x1d40b,6689,1,1},
{0x1d40c,6690,1,1},
{0x1d40d,6691,1,1},
{0x1d40e,6692,1,1},
{0x1d40f,6693,1,1},
{0x1d410,6694,1,1},
{0x1d411,6695,1,1},
{0x1d412,6696,1,1},
{0x1d413,6697,1,1},
{0x1d414,6698,1,1},
{0x1d415,6699,1,1},
{0x1d416,6700,1,1},
{0x1d417,6701,1,1},
{0x1d418,6702,1,1},
{0x1d419,6703,1,1},
{0x1d41a,6704,1,1},
{0x1d41b,6705,1,1},
{0x1d41c,6706,1,1},
{0x1d41d,6707,1,1},
{0x1d41e,6708,1,1},
{0x1d41f,6709,1,1},
{0x1d420,6710,1,1},
{0x1d421,6711,1,1},
{0x1d422,6712,1,1},
{0x1d423,6713,1,1},
{0x1d424,6714,1,1},
{0x1d425,6715,1,1},
{0x1d426,6716,1,1},
{0x1d427,6717,1,1},
{0x1d428,6718,1,1},
{0x1d429,6719,1,1},
{0x1d42a,6720,1,1},
{0x1d42b,6721,1,1},
{0x1d42c,6722,1,1},
{0x1d42d,6723,1,1},
{0x1d42e,6724,1,1},
{0x1d42f,6725,1,1},
{0x1d430,6726,1,1},
{0x1d431,6727,1,1},
{0x1d432,6728,1,1},
{0x1d433,6729,1,1},
{0x1d434,6730,1,1},
{0x1d435,6731,1,1},
{0x1d436,6732,1,1},
{0x1d437,6733,1,1},
{0x1d438,6734,1,1},
{0x1d439,6735,1,1},
{0x1d43a,6736,1,1},
{0x1d43b,6737,1,1},
{0x1d43c,6738,1,1},
{0x1d43d,6739,1,1},
{0x1d43e,6740,1,1},
{0x1d43f,6741,1,1},
{0x1d440,6742,1,1},
{0x1d441,6743,1,1},
{0x1d442,6744,1,1},
{0x1d443,6745,1,1},
{0x1d444,6746,1,1},
{0x1d445,6747,1,1},
{0x1d446,6748,1,1},
{0x1d447,6749,1,1},
{0x1d448,6750,1,1},
{0x1d449,6751,1,1},
{0x1d44a,6752,1,1},
{0x1d44b,6753,1,1},
{0x1d44c,6754,1,1},
{0x1d44d,6755,1,1},
{0x1d44e,6756,1,1},
{0x1d44f,6757,1,1},
{0x1d450,6758,1,1},
{0x1d451,6759,1,1},
{0x1d452,6760,1,1},
{0x1d453,6761,1,1},
{0x1d454,6762,1,1},
{0x1d456,6763,1,1},
{0x1d457,6764,1,1},
{0x1d458,6765,1,1},
{0x1d459,6766,1,1},
{0x1d45a,6767,1,1},
{0x1d45b,6768,1,1},
{0x1d45c,6769,1,1},
{0x1d45d,6770,1,1},
{0x1d45e,6771,1,1},
{0x1d45f,6772,1,1},
{0x1d460,6773,1,1},
{0x1d461,6774,1,1},
{0x1d462,6775,1,1},
{0x1d463,6776,1,1},
{0x1d464,6777,1,1},
{0x1d465,6778,1,1},
{0x1d466,6779,1,1},
{0x1d467,6780,1,1},
{0x1d468,6781,1,1},
{0x1d469,6782,1,1},
{0x1d46a,6783,1,1},
{0x1d46b,6784,1,1},
{0x1d46c,6785,1,1},
{0x1d46d,6786,1,1},
{0x1d46e,6787,1,1},
{0x1d46f,6788,1,1},
{0x1d470,6789,1,1},
{0x1d471,6790,1,1},
{0x1d472,6791,1,1},
{0x1d473,6792,1,1},
{0x1d474,6793,1,1},
{0x1d475,6794,1,1},
{0x1d476,6795,1,1},
{0x1d477,6796,1,1},
{0x1d478,6797,1,1},
{0x1d479,6798,1,1},
{0x1d47a,6799,1,1},
{0x1d47b,6800,1,1},
{0x1d47c,6801,1,1},
{0x1d47d,6802,1,1},
{0x1d47e,6803,1,1},
{0x1d47f,6804,1,1},
{0x1d480,6805,1,1},
{0x1d481,6806,1,1},
{0x1d482,6807,1,1},
{0x1d483,6808,1,1},
{0x1d484,6809,1,1},
{0x1d485,6810,1,1},
{0x1d486,6811,1,1},
{0x1d487,6812,1,1},
{0x1d488,6813,1,1},
{0x1d489,6814,1,1},
{0x1d48a,6815,1,1},
{0x1d48b,6816,1,1},
{0x1d48c,6817,1,1},
{0x1d48d,6818,1,1},
{0x1d48e,6819,1,1},
{0x1d48f,6820,1,1},
{0x1d490,6821,1,1},
{0x1d491,6822,1,1},
{0x1d492,6823,1,1},
{0x1d493,6824,1,1},
{0x1d494,6825,1,1},
{0x1d495,6826,1,1},
{0x1d496,6827,1,1},
{0x1d497,6828,1,1},
{0x1d498,6829,1,1},
{0x1d499,6830,1,1},
{0x1d49a,6831,1,1},
{0x1d49b,6832,1,1},
{0x1d49c,6833,1,1},
{0x1d49e,6834,1,1},
{0x1d49f,6835,1,1},
{0x1d4a2,6836,1,1},
{0x1d4a5,6837,1,1},
{0x1d4a6,6838,1,1},
{0x1d4a9,6839,1,1},
{0x1d4aa,6840,1,1},
{0x1d4ab,6841,1,1},
{0x1d4ac,6842,1,1},
{0x1d4ae,6843,1,1},
{0x1d4af,6844,1,1},
{0x1d4b0,6845,1,1},
{0x1d4b1,6846,1,1},
{0x1d4b2,6847,1,1},
{0x1d4b3,6848,1,1},
{0x1d4b4,6849,1,1},
{0x1d4b5,6850,1,1},
{0x1d4b6,6851,1,1},
{0x1d4b7,6852,1,1},
{0x1d4b8,6853,1,1},
{0x1d4b9,6854,1,1},
{0x1d4bb,6855,1,1},
{0x1d4bd,6856,1,1},
{0x1d4be,6857,1,1},
{0x1d4bf,6858,1,1},
{0x1d4c0,6859,1,1},
{0x1d4c1,6860,1,1},
{0x1d4c2,6861,1,1},
{0x1d4c3,6862,1,1},
{0x1d4c5,6863,1,1},
{0x1d4c6,6864,1,1},
{0x1d4c7,6865,1,1},
{0x1d4c8,6866,1,1},
{0x1d4c9,6867,1,1},
{0x1d4ca,6868,1,1},
{0x1d4cb,6869,1,1},
{0x1d4cc,6870,1,1},
{0x1d4cd,6871,1,1},
{0x1d4ce,6872,1,1},
{0x1d4cf,6873,1,1},
{0x1d4d0,6874,1,1},
{0x1d4d1,6875,1,1},
{0x1d4d2,6876,1,1},
{0x1d4d3,6877,1,1},
{0x1d4d4,6878,1,1},
{0x1d4d5,6879,1,1},
{0x1d4d6,6880,1,1},
{0x1d4d7,6881,1,1},
{0x1d4d8,6882,1,1},
{0x1d4d9,6883,1,1},
{0x1d4da,6884,1,1},
{0x1d4db,6885,1,1},
{0x1d4dc,6886,1,1},
{0x1d4dd,6887,1,1},
{0x1d4de,6888,1,1},
{0x1d4df,6889,1,1},
{0x1d4e0,6890,1,1},
{0x1d4e1,6891,1,1},
{0x1d4e2,6892,1,1},
{0x1d4e3,6893,1,1},
{0x1d4e4,6894,1,1},
{0x1d4e5,6895,1,1},
{0x1d4e6,6896,1,1},
{0x1d4e7,6897,1,1},
{0x1d4e8,6898,1,1},
{0x1d4e9,6899,1,1},
{0x1d4ea,6900,1,1},
{0x1d4eb,6901,1,1},
{0x1d4ec,6902,1,1},
{0x1d4ed,6903,1,1},
{0x1d4ee,6904,1,1},
{0x1d4ef,6905,1,1},
{0x1d4f0,6906,1,1},
{0x1d4f1,6907,1,1},
{0x1d4f2,6908,1,1},
{0x1d4f3,6909,1,1},
{0x1d4f4,6910,1,1},
{0x1d4f5,6911,1,1},
{0x1d4f6,6912,1,1},
{0x1d4f7,6913,1,1},
{0x1d4f8,6914,1,1},
{0x1d4f9,6915,1,1},
{0x1d4fa,6916,1,1},
{0x1d4fb,6917,1,1},
{0x1d4fc,6918,1,1},
{0x1d4fd,6919,1,1},
{0x1d4fe,6920,1,1},
{0x1d4ff,6921,1,1},
{0x1d500,6922,1,1},
{0x1d501,6923,1,1},
{0x1d502,6924,1,1},
{0x1d503,6925,1,1},
{0x1d504,6926,1,1},
{0x1d505,6927,1,1},
{0x1d507,6928,1,1},
{0x1d508,6929,1,1},
{0x1d509,6930,1,1},
{0x1d50a,6931,1,1},
{0x1d50d,6932,1,1},
{0x1d50e,6933,1,1},
{0x1d50f,6934,1,1},
{0x1d510,6935,1,1},
{0x1d511,6936,1,1},
{0x1d512,6937,1,1},
{0x1d513,6938,1,1},
{0x1d514,6939,1,1},
{0x1d516,6940,1,1},
{0x1d517,6941,1,1},
{0x1d518,6942,1,1},
{0x1d519,6943,1,1},
{0x1d51a,6944,1,1},
{0x1d51b,6945,1,1},
{0x1d51c,6946,1,1},
{0x1d51e,6947,1,1},
{0x1d51f,6948,1,1},
{0x1d520,6949,1,1},
{0x1d521,6950,1,1},
{0x1d522,6951,1,1},
{0x1d523,6952,1,1},
{0x1d524,6953,1,1},
{0x1d525,6954,1,1},
{0x1d526,6955,1,1},
{0x1d527,6956,1,1},
{0x1d528,6957,1,1},
{0x1d529,6958,1,1},
{0x1d52a,6959,1,1},
{0x1d52b,6960,1,1},
{0x1d52c,6961,1,1},
{0x1d52d,6962,1,1},
{0x1d52e,6963,1,1},
{0x1d52f,6964,1,1},
{0x1d530,6965,1,1},
{0x1d531,6966,1,1},
{0x1d532,6967,1,1},
{0x1d533,6968,1,1},
{0x1d534,6969,1,1},
{0x1d535,6970,1,1},
{0x1d536,6971,1,1},
{0x1d537,6972,1,1},
{0x1d538,6973,1,1},
{0x1d539,6974,1,1},
{0x1d53b,6975,1,1},
{0x1d53c,6976,1,1},
{0x1d53d,6977,1,1},
{0x1d53e,6978,1,1},
{0x1d540,6979,1,1},
{0x1d541,6980,1,1},
{0x1d542,6981,1,1},
{0x1d543,6982,1,1},
{0x1d544,6983,1,1},
{0x1d546,6984,1,1},
{0x1d54a,6985,1,1},
{0x1d54b,6986,1,1},
{0x1d54c,6987,1,1},
{0x1d54d,6988,1,1},
{0x1d54e,6989,1,1},
{0x1d54f,6990,1,1},
{0x1d550,6991,1,1},
{0x1d552,6992,1,1},
{0x1d553,6993,1,1},
{0x1d554,6994,1,1},
{0x1d555,6995,1,1},
{0x1d556,6996,1,1},
{0x1d557,6997,1,1},
{0x1d558,6998,1,1},
{0x1d559,6999,1,1},
{0x1d55a,7000,1,1},
{0x1d55b,7001,1,1},
{0x1d55c,7002,1,1},
{0x1d55d,7003,1,1},
{0x1d55e,7004,1,1},
{0x1d55f,7005,1,1},
{0x1d560,7006,1,1},
{0x1d561,7007,1,1},
{0x1d562,7008,1,1},
{0x1d563,7009,1,1},
{0x1d564,7010,1,1},
{0x1d565,7011,1,1},
{0x1d566,7012,1,1},
{0x1d567,7013,1,1},
{0x1d568,7014,1,1},
{0x1d569,7015,1,1},
{0x1d56a,7016,1,1},
{0x1d56b,7017,1,1},
{0x1d56c,7018,1,1},
{0x1d56d,7019,1,1},
{0x1d56e,7020,1,1},
{0x1d56f,7021,1,1},
{0x1d570,7022,1,1},
{0x1d571,7023,1,1},
{0x1d572,7024,1,1},
{0x1d573,7025,1,1},
{0x1d574,7026,1,1},
{0x1d575,7027,1,1},
{0x1d576,7028,1,1},
{0x1d577,7029,1,1},
{0x1d578,7030,1,1},
{0x1d579,7031,1,1},
{0x1d57a,7032,1,1},
{0x1d57b,7033,1,1},
{0x1d57c,7034,1,1},
{0x1d57d,7035,1,1},
{0x1d57e,7036,1,1},
{0x1d57f,7037,1,1},
{0x1d580,7038,1,1},
{0x1d581,7039,1,1},
{0x1d582,7040,1,1},
{0x1d583,7041,1,1},
{0x1d584,7042,1,1},
{0x1d585,7043,1,1},
{0x1d586,7044,1,1},
{0x1d587,7045,1,1},
{0x1d588,7046,1,1},
{0x1d589,7047,1,1},
{0x1d58a,7048,1,1},
{0x1d58b,7049,1,1},
{0x1d58c,7050,1,1},
{0x1d58d,7051,1,1},
{0x1d58e,7052,1,1},
{0x1d58f,7053,1,1},
{0x1d590,7054,1,1},
{0x1d591,7055,1,1},
{0x1d592,7056,1,1},
{0x1d593,7057,1,1},
{0x1d594,7058,1,1},
{0x1d595,7059,1,1},
{0x1d596,7060,1,1},
{0x1d597,7061,1,1},
{0x1d598,7062,1,1},
{0x1d599,7063,1,1},
{0x1d59a,7064,1,1},
{0x1d59b,7065,1,1},
{0x1d59c,7066,1,1},
{0x1d59d,7067,1,1},
{0x1d59e,7068,1,1},
{0x1d59f,7069,1,1},
{0x1d5a0,7070,1,1},
{0x1d5a1,7071,1,1},
{0x1d5a2,7072,1,1},
{0x1d5a3,7073,1,1},
{0x1d5a4,7074,1,1},
{0x1d5a5,7075,1,1},
{0x1d5a6,7076,1,1},
{0x1d5a7,7077,1,1},
{0x1d5a8,7078,1,1},
{0x1d5a9,7079,1,1},
{0x1d5aa,7080,1,1},
{0x1d5ab,7081,1,1},
{0x1d5ac,7082,1,1},
{0x1d5ad,7083,1,1},
{0x1d5ae,7084,1,1},
{0x1d5af,7085,1,1},
{0x1d5b0,7086,1,1},
{0x1d5b1,7087,1,1},
{0x1d5b2,7088,1,1},
{0x1d5b3,7089,1,1},
{0x1d5b4,7090,1,1},
{0x1d5b5,7091,1,1},
{0x1d5b6,7092,1,1},
{0x1d5b7,7093,1,1},
{0x1d5b8,7094,1,1},
{0x1d5b9,7095,1,1},
{0x1d5ba,7096,1,1},
{0x1d5bb,7097,1,1},
{0x1d5bc,7098,1,1},
{0x1d5bd,7099,1,1},
{0x1d5be,7100,1,1},
{0x1d5bf,7101,1,1},
{0x1d5c0,7102,1,1},
{0x1d5c1,7103,1,1},
{0x1d5c2,7104,1,1},
{0x1d5c3,7105,1,1},
{0x1d5c4,7106,1,1},
{0x1d5c5,7107,1,1},
{0x1d5c6,7108,1,1},
{0x1d5c7,7109,1,1},
{0x1d5c8,7110,1,1},
{0x1d5c9,7111,1,1},
{0x1d5ca,7112,1,1},
{0x1d5cb,7113,1,1},
{0x1d5cc,7114,1,1},
{0x1d5cd,7115,1,1},
{0x1d5ce,7116,1,1},
{0x1d5cf,7117,1,1},
{0x1d5d0,7118,1,1},
{0x1d5d1,7119,1,1},
{0x1d5d2,7120,1,1},
{0x1d5d3,7121,1,1},
{0x1d5d4,7122,1,1},
{0x1d5d5,7123,1,1},
{0x1d5d6,7124,1,1},
{0x1d5d7,7125,1,1},
{0x1d5d8,7126,1,1},
{0x1d5d9,7127,1,1},
{0x1d5da,7128,1,1},
{0x1d5db,7129,1,1},
{0x1d5dc,7130,1,1},
{0x1d5dd,7131,1,1},
{0x1d5de,7132,1,1},
{0x1d5df,7133,1,1},
{0x1d5e0,7134,1,1},
{0x1d5e1,7135,1,1},
{0x1d5e2,7136,1,1},
{0x1d5e3,7137,1,1},
{0x1d5e4,7138,1,1},
{0x1d5e5,7139,1,1},
{0x1d5e6,7140,1,1},
{0x1d5e7,7141,1,1},
{0x1d5e8,7142,1,1},
{0x1d5e9,7143,1,1},
{0x1d5ea,7144,1,1},
{0x1d5eb,7145,1,1},
{0x1d5ec,7146,1,1},
{0x1d5ed,7147,1,1},
{0x1d5ee,7148,1,1},
{0x1d5ef,7149,1,1},
{0x1d5f0,7150,1,1},
{0x1d5f1,7151,1,1},
{0x1d5f2,7152,1,1},
{0x1d5f3,7153,1,1},
{0x1d5f4,7154,1,1},
{0x1d5f5,7155,1,1},
{0x1d5f6,7156,1,1},
{0x1d5f7,7157,1,1},
{0x1d5f8,7158,1,1},
{0x1d5f9,7159,1,1},
{0x1d5fa,7160,1,1},
{0x1d5fb,7161,1,1},
{0x1d5fc,7162,1,1},
{0x1d5fd,7163,1,1},
{0x1d5fe,7164,1,1},
{0x1d5ff,7165,1,1},
{0x1d600,7166,1,1},
{0x1d601,7167,1,1},
{0x1d602,7168,1,1},
{0x1d603,7169,1,1},
{0x1d604,7170,1,1},
{0x1d605,7171,1,1},
{0x1d606,7172,1,1},
{0x1d607,7173,1,1},
{0x1d608,7174,1,1},
{0x1d609,7175,1,1},
{0x1d60a,7176,1,1},
{0x1d60b,7177,1,1},
{0x1d60c,7178,1,1},
{0x1d60d,7179,1,1},
{0x1d60e,7180,1,1},
{0x1d60f,7181,1,1},
{0x1d610,7182,1,1},
{0x1d611,7183,1,1},
{0x1d612,7184,1,1},
{0x1d613,7185,1,1},
{0x1d614,7186,1,1},
{0x1d615,7187,1,1},
{0x1d616,7188,1,1},
{0x1d617,7189,1,1},
{0x1d618,7190,1,1},
{0x1d619,7191,1,1},
{0x1d61a,7192,1,1},
{0x1d61b,7193,1,1},
{0x1d61c,7194,1,1},
{0x1d61d,7195,1,1},
{0x1d61e,7196,1,1},
{0x1d61f,7197,1,1},
{0x1d620,7198,1,1},
{0x1d621,7199,1,1},
{0x1d622,7200,1,1},
{0x1d623,7201,1,1},
{0x1d624,7202,1,1},
{0x1d625,7203,1,1},
{0x1d626,7204,1,1},
{0x1d627,7205,1,1},
{0x1d628,7206,1,1},
{0x1d629,7207,1,1},
{0x1d62a,7208,1,1},
{0x1d62b,7209,1,1},
{0x1d62c,7210,1,1},
{0x1d62d,7211,1,1},
{0x1d62e,7212,1,1},
{0x1d62f,7213,1,1},
{0x1d630,7214,1,1},
{0x1d631,7215,1,1},
{0x1d632,7216,1,1},
{0x1d633,7217,1,1},
{0x1d634,7218,1,1},
{0x1d635,7219,1,1},
{0x1d636,7220,1,1},
{0x1d637,7221,1,1},
{0x1d638,7222,1,1},
{0x1d639,7223,1,1},
{0x1d63a,7224,1,1},
{0x1d63b,7225,1,1},
{0x1d63c,7226,1,1},
{0x1d63d,7227,1,1},
{0x1d63e,7228,1,1},
{0x1d63f,7229,1,1},
{0x1d640,7230,1,1},
{0x1d641,7231,1,1},
{0x1d642,7232,1,1},
{0x1d643,7233,1,1},
{0x1d644,7234,1,1},
{0x1d645,7235,1,1},
{0x1d646,7236,1,1},
{0x1d647,7237,1,1},
{0x1d648,7238,1,1},
{0x1d649,7239,1,1},
{0x1d64a,7240,1,1},
{0x1d64b,7241,1,1},
{0x1d64c,7242,1,1},
{0x1d64d,7243,1,1},
{0x1d64e,7244,1,1},
{0x1d64f,7245,1,1},
{0x1d650,7246,1,1},
{0x1d651,7247,1,1},
{0x1d652,7248,1,1},
{0x1d653,7249,1,1},
{0x1d654,7250,1,1},
{0x1d655,7251,1,1},
{0x1d656,7252,1,1},
{0x1d657,7253,1,1},
{0x1d658,7254,1,1},
{0x1d659,7255,1,1},
{0x1d65a,7256,1,1},
{0x1d65b,7257,1,1},
{0x1d65c,7258,1,1},
{0x1d65d,7259,1,1},
{0x1d65e,7260,1,1},
{0x1d65f,7261,1,1},
{0x1d660,7262,1,1},
{0x1d661,7263,1,1},
{0x1d662,7264,1,1},
{0x1d663,7265,1,1},
{0x1d664,7266,1,1},
{0x1d665,7267,1,1},
{0x1d666,7268,1,1},
{0x1d667,7269,1,1},
{0x1d668,7270,1,1},
{0x1d669,7271,1,1},
{0x1d66a,7272,1,1},
{0x1d66b,7273,1,1},
{0x1d66c,7274,1,1},
{0x1d66d,7275,1,1},
{0x1d66e,7276,1,1},
{0x1d66f,7277,1,1},
{0x1d670,7278,1,1},
{0x1d671,7279,1,1},
{0x1d672,7280,1,1},
{0x1d673,7281,1,1},
{0x1d674,7282,1,1},
{0x1d675,7283,1,1},
{0x1d676,7284,1,1},
{0x1d677,7285,1,1},
{0x1d678,7286,1,1},
{0x1d679,7287,1,1},
{0x1d67a,7288,1,1},
{0x1d67b,7289,1,1},
{0x1d67c,7290,1,1},
{0x1d67d,7291,1,1},
{0x1d67e,7292,1,1},
{0x1d67f,7293,1,1},
{0x1d680,7294,1,1},
{0x1d681,7295,1,1},
{0x1d682,7296,1,1},
{0x1d683,7297,1,1},
{0x1d684,7298,1,1},
{0x1d685,7299,1,1},
{0x1d686,7300,1,1},
{0x1d687,7301,1,1},
{0x1d688,7302,1,1},
{0x1d689,7303,1,1},
{0x1d68a,7304,1,1},
{0x1d68b,7305,1,1},
{0x1d68c,7306,1,1},
{0x1d68d,7307,1,1},
{0x1d68e,7308,1,1},
{0x1d68f,7309,1,1},
{0x1d690,7310,1,1},
{0x1d691,7311,1,1},
{0x1d692,7312,1,1},
{0x1d693,7313,1,1},
{0x1d694,7314,1,1},
{0x1d695,7315,1,1},
{0x1d696,7316,1,1},
{0x1d697,7317,1,1},
{0x1d698,7318,1,1},
{0x1d699,7319,1,1},
{0x1d69a,7320,1,1},
{0x1d69b,7321,1,1},
{0x1d69c,7322,1,1},
{0x1d69d,7323,1,1},
{0x1d69e,7324,1,1},
{0x1d69f,7325,1,1},
{0x1d6a0,7326,1,1},
{0x1d6a1,7327,1,1},
{0x1d6a2,7328,1,1},
{0x1d6a3,7329,1,1},
{0x1d6a4,7330,1,1},
{0x1d6a5,7331,1,1},
{0x1d6a8,7332,1,1},
{0x1d6a9,7333,1,1},
{0x1d6aa,7334,1,1},
{0x1d6ab,7335,1,1},
{0x1d6ac,7336,1,1},
{0x1d6ad,7337,1,1},
{0x1d6ae,7338,1,1},
{0x1d6af,7339,1,1},
{0x1d6b0,7340,1,1},
{0x1d6b1,7341,1,1},
{0x1d6b2,7342,1,1},
{0x1d6b3,7343,1,1},
{0x1d6b4,7344,1,1},
{0x1d6b5,7345,1,1},
{0x1d6b6,7346,1,1},
{0x1d6b7,7347,1,1},
{0x1d6b8,7348,1,1},
{0x1d6b9,7349,1,1},
{0x1d6ba,7350,1,1},
{0x1d6bb,7351,1,1},
{0x1d6bc,7352,1,1},
{0x1d6bd,7353,1,1},
{0x1d6be,7354,1,1},
{0x1d6bf,7355,1,1},
{0x1d6c0,7356,1,1},
{0x1d6c1,7357,1,1},
{0x1d6c2,7358,1,1},
{0x1d6c3,7359,1,1},
{0x1d6c4,7360,1,1},
{0x1d6c5,7361,1,1},
{0x1d6c6,7362,1,1},
{0x1d6c7,7363,1,1},
{0x1d6c8,7364,1,1},
{0x1d6c9,7365,1,1},
{0x1d6ca,7366,1,1},
{0x1d6cb,7367,1,1},
{0x1d6cc,7368,1,1},
{0x1d6cd,7369,1,1},
{0x1d6ce,7370,1,1},
{0x1d6cf,7371,1,1},
{0x1d6d0,7372,1,1},
{0x1d6d1,7373,1,1},
{0x1d6d2,7374,1,1},
{0x1d6d3,7375,1,1},
{0x1d6d4,7376,1,1},
{0x1d6d5,7377,1,1},
{0x1d6d6,7378,1,1},
{0x1d6d7,7379,1,1},
{0x1d6d8,7380,1,1},
{0x1d6d9,7381,1,1},
{0x1d6da,7382,1,1},
{0x1d6db,7383,1,1},
{0x1d6dc,7384,1,1},
{0x1d6dd,7385,1,1},
{0x1d6de,7386,1,1},
{0x1d6df,7387,1,1},
{0x1d6e0,7388,1,1},
{0x1d6e1,7389,1,1},
{0x1d6e2,7390,1,1},
{0x1d6e3,7391,1,1},
{0x1d6e4,7392,1,1},
{0x1d6e5,7393,1,1},
{0x1d6e6,7394,1,1},
{0x1d6e7,7395,1,1},
{0x1d6e8,7396,1,1},
{0x1d6e9,7397,1,1},
{0x1d6ea,7398,1,1},
{0x1d6eb,7399,1,1},
{0x1d6ec,7400,1,1},
{0x1d6ed,7401,1,1},
{0x1d6ee,7402,1,1},
{0x1d6ef,7403,1,1},
{0x1d6f0,7404,1,1},
{0x1d6f1,7405,1,1},
{0x1d6f2,7406,1,1},
{0x1d6f3,7407,1,1},
{0x1d6f4,7408,1,1},
{0x1d6f5,7409,1,1},
{0x1d6f6,7410,1,1},
{0x1d6f7,7411,1,1},
{0x1d6f8,7412,1,1},
{0x1d6f9,7413,1,1},
{0x1d6fa,7414,1,1},
{0x1d6fb,7415,1,1},
{0x1d6fc,7416,1,1},
{0x1d6fd,7417,1,1},
{0x1d6fe,7418,1,1},
{0x1d6ff,7419,1,1},
{0x1d700,7420,1,1},
{0x1d701,7421,1,1},
{0x1d702,7422,1,1},
{0x1d703,7423,1,1},
{0x1d704,7424,1,1},
{0x1d705,7425,1,1},
{0x1d706,7426,1,1},
{0x1d707,7427,1,1},
{0x1d708,7428,1,1},
{0x1d709,7429,1,1},
{0x1d70a,7430,1,1},
{0x1d70b,7431,1,1},
{0x1d70c,7432,1,1},
{0x1d70d,7433,1,1},
{0x1d70e,7434,1,1},
{0x1d70f,7435,1,1},
{0x1d710,7436,1,1},
{0x1d711,7437,1,1},
{0x1d712,7438,1,1},
{0x1d713,7439,1,1},
{0x1d714,7440,1,1},
{0x1d715,7441,1,1},
{0x1d716,7442,1,1},
{0x1d717,7443,1,1},
{0x1d718,7444,1,1},
{0x1d719,7445,1,1},
{0x1d71a,7446,1,1},
{0x1d71b,7447,1,1},
{0x1d71c,7448,1,1},
{0x1d71d,7449,1,1},
{0x1d71e,7450,1,1},
{0x1d71f,7451,1,1},
{0x1d720,7452,1,1},
{0x1d721,7453,1,1},
{0x1d722,7454,1,1},
{0x1d723,7455,1,1},
{0x1d724,7456,1,1},
{0x1d725,7457,1,1},
{0x1d726,7458,1,1},
{0x1d727,7459,1,1},
{0x1d728,7460,1,1},
{0x1d729,7461,1,1},
{0x1d72a,7462,1,1},
{0x1d72b,7463,1,1},
{0x1d72c,7464,1,1},
{0x1d72d,7465,1,1},
{0x1d72e,7466,1,1},
{0x1d72f,7467,1,1},
{0x1d730,7468,1,1},
{0x1d731,7469,1,1},
{0x1d732,7470,1,1},
{0x1d733,7471,1,1},
{0x1d734,7472,1,1},
{0x1d735,7473,1,1},
{0x1d736,7474,1,1},
{0x1d737,7475,1,1},
{0x1d738,7476,1,1},
{0x1d739,7477,1,1},
{0x1d73a,7478,1,1},
{0x1d73b,7479,1,1},
{0x1d73c,7480,1,1},
{0x1d73d,7481,1,1},
{0x1d73e,7482,1,1},
{0x1d73f,7483,1,1},
{0x1d740,7484,1,1},
{0x1d741,7485,1,1},
{0x1d742,7486,1,1},
{0x1d743,7487,1,1},
{0x1d744,7488,1,1},
{0x1d745,7489,1,1},
{0x1d746,7490,1,1},
{0x1d747,7491,1,1},
{0x1d748,7492,1,1},
{0x1d749,7493,1,1},
{0x1d74a,7494,1,1},
{0x1d74b,7495,1,1},
{0x1d74c,7496,1,1},
{0x1d74d,7497,1,1},
{0x1d74e,7498,1,1},
{0x1d74f,7499,1,1},
{0x1d750,7500,1,1},
{0x1d751,7501,1,1},
{0x1d752,7502,1,1},
{0x1d753,7503,1,1},
{0x1d754,7504,1,1},
{0x1d755,7505,1,1},
{0x1d756,7506,1,1},
{0x1d757,7507,1,1},
{0x1d758,7508,1,1},
{0x1d759,7509,1,1},
{0x1d75a,7510,1,1},
{0x1d75b,7511,1,1},
{0x1d75c,7512,1,1},
{0x1d75d,7513,1,1},
{0x1d75e,7514,1,1},
{0x1d75f,7515,1,1},
{0x1d760,7516,1,1},
{0x1d761,7517,1,1},
{0x1d762,7518,1,1},
{0x1d763,7519,1,1},
{0x1d764,7520,1,1},
{0x1d765,7521,1,1},
{0x1d766,7522,1,1},
{0x1d767,7523,1,1},
{0x1d768,7524,1,1},
{0x1d769,7525,1,1},
{0x1d76a,7526,1,1},
{0x1d76b,7527,1,1},
{0x1d76c,7528,1,1},
{0x1d76d,7529,1,1},
{0x1d76e,7530,1,1},
{0x1d76f,7531,1,1},
{0x1d770,7532,1,1},
{0x1d771,7533,1,1},
{0x1d772,7534,1,1},
{0x1d773,7535,1,1},
{0x1d774,7536,1,1},
{0x1d775,7537,1,1},
{0x1d776,7538,1,1},
{0x1d777,7539,1,1},
{0x1d778,7540,1,1},
{0x1d779,7541,1,1},
{0x1d77a,7542,1,1},
{0x1d77b,7543,1,1},
{0x1d77c,7544,1,1},
{0x1d77d,7545,1,1},
{0x1d77e,7546,1,1},
{0x1d77f,7547,1,1},
{0x1d780,7548,1,1},
{0x1d781,7549,1,1},
{0x1d782,7550,1,1},
{0x1d783,7551,1,1},
{0x1d784,7552,1,1},
{0x1d785,7553,1,1},
{0x1d786,7554,1,1},
{0x1d787,7555,1,1},
{0x1d788,7556,1,1},
{0x1d789,7557,1,1},
{0x1d78a,7558,1,1},
{0x1d78b,7559,1,1},
{0x1d78c,7560,1,1},
{0x1d78d,7561,1,1},
{0x1d78e,7562,1,1},
{0x1d78f,7563,1,1},
{0x1d790,7564,1,1},
{0x1d791,7565,1,1},
{0x1d792,7566,1,1},
{0x1d793,7567,1,1},
{0x1d794,7568,1,1},
{0x1d795,7569,1,1},
{0x1d796,7570,1,1},
{0x1d797,7571,1,1},
{0x1d798,7572,1,1},
{0x1d799,7573,1,1},
{0x1d79a,7574,1,1},
{0x1d79b,7575,1,1},
{0x1d79c,7576,1,1},
{0x1d79d,7577,1,1},
{0x1d79e,7578,1,1},
{0x1d79f,7579,1,1},
{0x1d7a0,7580,1,1},
{0x1d7a1,7581,1,1},
{0x1d7a2,7582,1,1},
{0x1d7a3,7583,1,1},
{0x1d7a4,7584,1,1},
{0x1d7a5,7585,1,1},
{0x1d7a6,7586,1,1},
{0x1d7a7,7587,1,1},
{0x1d7a8,7588,1,1},
{0x1d7a9,7589,1,1},
{0x1d7aa,7590,1,1},
{0x1d7ab,7591,1,1},
{0x1d7ac,7592,1,1},
{0x1d7ad,7593,1,1},
{0x1d7ae,7594,1,1},
{0x1d7af,7595,1,1},
{0x1d7b0,7596,1,1},
{0x1d7b1,7597,1,1},
{0x1d7b2,7598,1,1},
{0x1d7b3,7599,1,1},
{0x1d7b4,7600,1,1},
{0x1d7b5,7601,1,1},
{0x1d7b6,7602,1,1},
{0x1d7b7,7603,1,1},
{0x1d7b8,7604,1,1},
{0x1d7b9,7605,1,1},
{0x1d7ba,7606,1,1},
{0x1d7bb,7607,1,1},
{0x1d7bc,7608,1,1},
{0x1d7bd,7609,1,1},
{0x1d7be,7610,1,1},
{0x1d7bf,7611,1,1},
{0x1d7c0,7612,1,1},
{0x1d7c1,7613,1,1},
{0x1d7c2,7614,1,1},
{0x1d7c3,7615,1,1},
{0x1d7c4,7616,1,1},
{0x1d7c5,7617,1,1},
{0x1d7c6,7618,1,1},
{0x1d7c7,7619,1,1},
{0x1d7c8,7620,1,1},
{0x1d7c9,7621,1,1},
{0x1d7ca,7622,1,1},
{0x1d7cb,7623,1,1},
{0x1d7ce,7624,1,1},
{0x1d7cf,7625,1,1},
{0x1d7d0,7626,1,1},
{0x1d7d1,7627,1,1},
{0x1d7d2,7628,1,1},
{0x1d7d3,7629,1,1},
{0x1d7d4,7630,1,1},
{0x1d7d5,7631,1,1},
{0x1d7d6,7632,1,1},
{0x1d7d7,7633,1,1},
{0x1d7d8,7634,1,1},
{0x1d7d9,7635,1,1},
{0x1d7da,7636,1,1},
{0x1d7db,7637,1,1},
{0x1d7dc,7638,1,1},
{0x1d7dd,7639,1,1},
{0x1d7de,7640,1,1},
{0x1d7df,7641,1,1},
{0x1d7e0,7642,1,1},
{0x1d7e1,7643,1,1},
{0x1d7e2,7644,1,1},
{0x1d7e3,7645,1,1},
{0x1d7e4,7646,1,1},
{0x1d7e5,7647,1,1},
{0x1d7e6,7648,1,1},
{0x1d7e7,7649,1,1},
{0x1d7e8,7650,1,1},
{0x1d7e9,7651,1,1},
{0x1d7ea,7652,1,1},
{0x1d7eb,7653,1,1},
{0x1d7ec,7654,1,1},
{0x1d7ed,7655,1,1},
{0x1d7ee,7656,1,1},
{0x1d7ef,7657,1,1},
{0x1d7f0,7658,1,1},
{0x1d7f1,7659,1,1},
{0x1d7f2,7660,1,1},
{0x1d7f3,7661,1,1},
{0x1d7f4,7662,1,1},
{0x1d7f5,7663,1,1},
{0x1d7f6,7664,1,1},
{0x1d7f7,7665,1,1},
{0x1d7f8,7666,1,1},
{0x1d7f9,7667,1,1},
{0x1d7fa,7668,1,1},
{0x1d7fb,7669,1,1},
{0x1d7fc,7670,1,1},
{0x1d7fd,7671,1,1},
{0x1d7fe,7672,1,1},
{0x1d7ff,7673,1,1},
{0x1e030,7674,1,1},
{0x1e031,7675,1,1},
{0x1e032,7676,1,1},
{0x1e033,7677,1,1},
{0x1e034,7678,1,1},
{0x1e035,7679,1,1},
{0x1e036,7680,1,1},
{0x1e037,7681,1,1},
{0x1e038,7682,1,1},
{0x1e039,7683,1,1},
{0x1e03a,7684,1,1},
{0x1e03b,7685,1,1},
{0x1e03c,7686,1,1},
{0x1e03d,7687,1,1},
{0x1e03e,7688,1,1},
{0x1e03f,7689,1,1},
{0x1e040,7690,1,1},
{0x1e041,7691,1,1},
{0x1e042,7692,1,1},
{0x1e043,7693,1,1},
{0x1e044,7694,1,1},
{0x1e045,7695,1,1},
{0x1e046,7696,1,1},
{0x1e047,7697,1,1},
{0x1e048,7698,1,1},
{0x1e049,7699,1,1},
{0x1e04a,7700,1,1},
{0x1e04b,7701,1,1},
{0x1e04c,7702,1,1},
{0x1e04d,7703,1,1},
{0x1e04e,7704,1,1},
{0x1e04f,7705,1,1},
{0x1e050,7706,1,1},
{0x1e051,7707,1,1},
{0x1e052,7708,1,1},
{0x1e053,7709,1,1},
{0x1e054,7710,1,1},
{0x1e055,7711,1,1},
{0x1e056,7712,1,1},
{0x1e057,7713,1,1},
{0x1e058,7714,1,1},
{0x1e059,7715,1,1},
{0x1e05a,7716,1,1},
{0x1e05b,7717,1,1},
{0x1e05c,7718,1,1},
{0x1e05d,7719,1,1},
{0x1e05e,7720,1,1},
{0x1e05f,7721,1,1},
{0x1e060,7722,1,1},
{0x1e061,7723,1,1},
{0x1e062,7724,1,1},
{0x1e063,7725,1,1},
{0x1e064,7726,1,1},
{0x1e065,7727,1,1},
{0x1e066,7728,1,1},
{0x1e067,7729,1,1},
{0x1e068,7730,1,1},
{0x1e069,7731,1,1},
{0x1e06a,7732,1,1},
{0x1e06b,7733,1,1},
{0x1e06c,7734,1,1},
{0x1e06d,7735,1,1},
{0x1ee00,7736,1,1},
{0x1ee01,7737,1,1},
{0x1ee02,7738,1,1},
{0x1ee03,7739,1,1},
{0x1ee05,7740,1,1},
{0x1ee06,7741,1,1},
{0x1ee07,7742,1,1},
{0x1ee08,7743,1,1},
{0x1ee09,7744,1,1},
{0x1ee0a,7745,1,1},
{0x1ee0b,7746,1,1},
{0x1ee0c,7747,1,1},
{0x1ee0d,7748,1,1},
{0x1ee0e,7749,1,1},
{0x1ee0f,7750,1,1},
{0x1ee10,7751,1,1},
{0x1ee11,7752,1,1},
{0x1ee12,7753,1,1},
{0x1ee13,7754,1,1},
{0x1ee14,7755,1,1},
{0x1ee15,7756,1,1},
{0x1ee16,7757,1,1},
{0x1ee17,7758,1,1},
{0x1ee18,7759,1,1},
{0x1ee19,7760,1,1},
{0x1ee1a,7761,1,1},
{0x1ee1b,7762,1,1},
{0x1ee1c,7763,1,1},
{0x1ee1d,7764,1,1},
{0x1ee1e,7765,1,1},
{0x1ee1f,7766,1,1},
{0x1ee21,7767,1,1},
{0x1ee22,7768,1,1},
{0x1ee24,7769,1,1},
{0x1ee27,7770,1,1},
{0x1ee29,7771,1,1},
{0x1ee2a,7772,1,1},
{0x1ee2b,7773,1,1},
{0x1ee2c,7774,1,1},
{0x1ee2d,7775,1,1},
{0x1ee2e,7776,1,1},
{0x1ee2f,7777,1,1},
{0x1ee30,7778,1,1},
{0x1ee31,7779,1,1},
{0x1ee32,7780,1,1},
{0x1ee34,7781,1,1},
{0x1ee35,7782,1,1},
{0x1ee36,7783,1,1},
{0x1ee37,7784,1,1},
{0x1ee39,7785,1,1},
{0x1ee3b,7786,1,1},
{0x1ee42,7787,1,1},
{0x1ee47,7788,1,1},
{0x1ee49,7789,1,1},
{0x1ee4b,7790,1,1},
{0x1ee4d,7791,1,1},
{0x1ee4e,7792,1,1},
{0x1ee4f,7793,1,1},
{0x1ee51,7794,1,1},
{0x1ee52,7795,1,1},
{0x1ee54,7796,1,1},
{0x1ee57,7797,1,1},
{0x1ee59,7798,1,1},
{0x1ee5b,7799,1,1},
{0x1ee5d,7800,1,1},
{0x1ee5f,7801,1,1},
{0x1ee61,7802,1,1},
{0x1ee62,7803,1,1},
{0x1ee64,7804,1,1},
{0x1ee67,7805,1,1},
{0x1ee68,7806,1,1},
{0x1ee69,7807,1,1},
{0x1ee6a,7808,1,1},
{0x1ee6c,7809,1,1},
{0x1ee6d,7810,1,1},
{0x1ee6e,7811,1,1},
{0x1ee6f,7812,1,1},
{0x1ee70,7813,1,1},
{0x1ee71,7814,1,1},
{0x1ee72,7815,1,1},
{0x1ee74,7816,1,1},
{0x1ee75,7817,1,1},
{0x1ee76,7818,1,1},
{0x1ee77,7819,1,1},
{0x1ee79,7820,1,1},
{0x1ee7a,7821,1,1},
{0x1ee7b,7822,1,1},
{0x1ee7c,7823,1,1},
{0x1ee7e,7824,1,1},
{0x1ee80,7825,1,1},
{0x1ee81,7826,1,1},
{0x1ee82,7827,1,1},
{0x1ee83,7828,1,1},
{0x1ee84,7829,1,1},
{0x1ee85,7830,1,1},
{0x1ee86,7831,1,1},
{0x1ee87,7832,1,1},
{0x1ee88,7833,1,1},
{0x1ee89,7834,1,1},
{0x1ee8b,7835,1,1},
{0x1ee8c,7836,1,1},
{0x1ee8d,7837,1,1},
{0x1ee8e,7838,1,1},
{0x1ee8f,7839,1,1},
{0x1ee90,7840,1,1},
{0x1ee91,7841,1,1},
{0x1ee92,7842,1,1},
{0x1ee93,7843,1,1},
{0x1ee94,7844,1,1},
{0x1ee95,7845,1,1},
{0x1ee96,7846,1,1},
{0x1ee97,7847,1,1},
{0x1ee98,7848,1,1},
{0x1ee99,7849,1,1},
{0x1ee9a,7850,1,1},
{0x1ee9b,7851,1,1},
{0x1eea1,7852,1,1},
{0x1eea2,7853,1,1},
{0x1eea3,7854,1,1},
{0x1eea5,7855,1,1},
{0x1eea6,7856,1,1},
{0x1eea7,7857,1,1},
{0x1eea8,7858,1,1},
{0x1eea9,7859,1,1},
{0x1eeab,7860,1,1},
{0x1eeac,7861,1,1},
{0x1eead,7862,1,1},
{0x1eeae,7863,1,1},
{0x1eeaf,7864,1,1},
{0x1eeb0,7865,1,1},
{0x1eeb1,7866,1,1},
{0x1eeb2,7867,1,1},
{0x1eeb3,7868,1,1},
{0x1eeb4,7869,1,1},
{0x1eeb5,7870,1,1},
{0x1eeb6,7871,1,1},
{0x1eeb7,7872,1,1},
{0x1eeb8,7873,1,1},
{0x1eeb9,7874,1,1},
{0x1eeba,7875,1,1},
{0x1eebb,7876,1,1},
{0x1f100,7877,2,1},
{0x1f101,7879,2,1},
{0x1f102,7881,2,1},
{0x1f103,7883,2,1},
{0x1f104,7885,2,1},
{0x1f105,7887,2,1},
{0x1f106,7889,2,1},
{0x1f107,7891,2,1},
{0x1f108,7893,2,1},
{0x1f109,7895,2,1},
{0x1f10a,7897,2,1},
{0x1f110,7899,3,1},
{0x1f111,7902,3,1},
{0x1f112,7905,3,1},
{0x1f113,7908,3,1},
{0x1f114,7911,3,1},
{0x1f115,7914,3,1},
{0x1f116,7917,3,1},
{0x1f117,7920,3,1},
{0x1f118,7923,3,1},
{0x1f119,7926,3,1},
{0x1f11a,7929,3,1},
{0x1f11b,7932,3,1},
{0x1f11c,7935,3,1},
{0x1f11d,7938,3,1},
{0x1f11e,7941,3,1},
{0x1f11f,7944,3,1},
{0x1f120,7947,3,1},
{0x1f121,7950,3,1},
{0x1f122,7953,3,1},
{0x1f123,7956,3,1},
{0x1f124,7959,3,1},
{0x1f125,7962,3,1},
{0x1f126,7965,3,1},
{0x1f127,7968,3,1},
{0x1f128,7971,3,1},
{0x1f129,7974,3,1},
{0x1f12a,7977,3,1},
{0x1f12b,7980,1,1},
{0x1f12c,7981,1,1},
{0x1f12d,7982,2,1},
{0x1f12e,7984,2,1},
{0x1f130,7986,1,1},
{0x1f131,7987,1,1},
{0x1f132,7988,1,1},
{0x1f133,7989,1,1},
{0x1f134,7990,1,1},
{0x1f135,7991,1,1},
{0x1f136,7992,1,1},
{0x1f137,7993,1,1},
{0x1f138,7994,1,1},
{0x1f139,7995,1,1},
{0x1f13a,7996,1,1},
{0x1f13b,7997,1,1},
{0x1f13c,7998,1,1},
{0x1f13d,7999,1,1},
{0x1f13e,8000,1,1},
{0x1f13f,8001,1,1},
{0x1f140,8002,1,1},
{0x1f141,8003,1,1},
{0x1f142,8004,1,1},
{0x1f143,8005,1,1},
{0x1f144,8006,1,1},
{0x1f145,8007,1,1},
{0x1f146,8008,1,1},
{0x1f147,8009,1,1},
{0x1f148,8010,1,1},
{0x1f149,8011,1,1},
{0x1f14a,8012,2,1},
{0x1f14b,8014,2,1},
{0x1f14c,8016,2,1},
{0x1f14d,8018,2,1},
{0x1f14e,8020,3,1},
{0x1f14f,8023,2,1},
{0x1f16a,8025,2,1},
{0x1f16b,8027,2,1},
{0x1f16c,8029,2,1},
{0x1f190,8031,2,1},
{0x1f200,8033,2,1},
{0x1f201,8035,2,1},
{0x1f202,8037,1,1},
{0x1f210,8038,1,1},
{0x1f211,8039,1,1},
{0x1f212,8040,1,1},
{0x1f213,8041,1,1},
{0x1f214,8042,1,1},
{0x1f215,8043,1,1},
{0x1f216,8044,1,1},
{0x1f217,8045,1,1},
{0x1f218,8046,1,1},
{0x1f219,8047,1,1},
{0x1f21a,8048,1,1},
{0x1f21b,8049,1,1},
{0x1f21c,8050,1,1},
{0x1f21d,8051,1,1},
{0x1f21e,8052,1,1},
{0x1f21f,8053,1,1},
{0x1f220,8054,1,1},
{0x1f221,8055,1,1},
{0x1f222,8056,1,1},
{0x1f223,8057,1,1},
{0x1f224,8058,1,1},
{0x1f225,8059,1,1},
{0x1f226,8060,1,1},
{0x1f227,8061,1,1},
{0x1f228,8062,1,1},
{0x1f229,8063,1,1},
{0x1f22a,8064,1,1},
{0x1f22b,8065,1,1},
{0x1f22c,8066,1,1},
{0x1f22d,8067,1,1},
{0x1f22e,8068,1,1},
{0x1f22f,8069,1,1},
{0x1f230,8070,1,1},
{0x1f231,8071,1,1},
{0x1f232,8072,1,1},
{0x1f233,8073,1,1},
{0x1f234,8074,1,1},
{0x1f235,8075,1,1},
{0x1f236,8076,1,1},
{0x1f237,8077,1,1},
{0x1f238,8078,1,1},
{0x1f239,8079,1,1},
{0x1f23a,8080,1,1},
{0x1f23b,8081,1,1},
{0x1f240,8082,3,1},
{0x1f241,8085,3,1},
{0x1f242,8088,3,1},
{0x1f243,8091,3,1},
{0x1f244,8094,3,1},
{0x1f245,8097,3,1},
{0x1f246,8100,3,1},
{0x1f247,8103,3,1},
{0x1f248,8106,3,1},
{0x1f250,8109,1,1},
{0x1f251,8110,1,1},
{0x1fbf0,8111,1,1},
{0x1fbf1,8112,1,1},
{0x1fbf2,8113,1,1},
{0x1fbf3,8114,1,1},
{0x1fbf4,8115,1,1},
{0x1fbf5,8116,1,1},
{0x1fbf6,8117,1,1},
{0x1fbf7,8118,1,1},
{0x1fbf8,8119,1,1},
{0x1fbf9,8120,1,1},
{0x2f800,8121,1,0},
{0x2f801,8122,1,0},
{0x2f802,8123,1,0},
{0x2f803,8124,1,0},
{0x2f804,8125,1,0},
{0x2f805,8126,1,0},
{0x2f806,8127,1,0},
{0x2f807,8128,1,0},
{0x2f808,8129,1,0},
{0x2f809,8130,1,0},
{0x2f80a,8131,1,0},
{0x2f80b,8132,1,0},
{0x2f80c,8133,1,0},
{0x2f80d,8134,1,0},
{0x2f80e,8135,1,0},
{0x2f80f,8136,1,0},
{0x2f810,8137,1,0},
{0x2f811,8138,1,0},
{0x2f812,8139,1,0},
{0x2f813,8140,1,0},
{0x2f814,8141,1,0},
{0x2f815,8142,1,0},
{0x2f816,8143,1,0},
{0x2f817,8144,1,0},
{0x2f818,8145,1,0},
{0x2f819,8146,1,0},
{0x2f81a,8147,1,0},
{0x2f81b,8148,1,0},
{0x2f81c,8149,1,0},
{0x2f81d,8150,1,0},
{0x2f81e,8151,1,0},
{0x2f81f,8152,1,0},
{0x2f820,8153,1,0},
{0x2f821,8154,1,0},
{0x2f822,8155,1,0},
{0x2f823,8156,1,0},
{0x2f824,8157,1,0},
{0x2f825,8158,1,0},
{0x2f826,8159,1,0},
{0x2f827,8160,1,0},
{0x2f828,8161,1,0},
{0x2f829,8162,1,0},
{0x2f82a,8163,1,0},
{0x2f82b,8164,1,0},
{0x2f82c,8165,1,0},
{0x2f82d,8166,1,0},
{0x2f82e,8167,1,0},
{0x2f82f,8168,1,0},
{0x2f830,8169,1,0},
{0x2f831,8170,1,0},
{0x2f832,8171,1,0},
{0x2f833,8172,1,0},
{0x2f834,8173,1,0},
{0x2f835,8174,1,0},
{0x2f836,8175,1,0},
{0x2f837,8176,1,0},
{0x2f838,8177,1,0},
{0x2f839,8178,1,0},
{0x2f83a,8179,1,0},
{0x2f83b,8180,1,0},
{0x2f83c,8181,1,0},
{0x2f83d,8182,1,0},
{0x2f83e,8183,1,0},
{0x2f83f,8184,1,0},
{0x2f840,8185,1,0},
{0x2f841,8186,1,0},
{0x2f842,8187,1,0},
{0x2f843,8188,1,0},
{0x2f844,8189,1,0},
{0x2f845,8190,1,0},
{0x2f846,8191,1,0},
{0x2f847,8192,1,0},
{0x2f848,8193,1,0},
{0x2f849,8194,1,0},
{0x2f84a,8195,1,0},
{0x2f84b,8196,1,0},
{0x2f84c,8197,1,0},
{0x2f84d,8198,1,0},
{0x2f84e,8199,1,0},
{0x2f84f,8200,1,0},
{0x2f850,8201,1,0},
{0x2f851,8202,1,0},
{0x2f852,8203,1,0},
{0x2f853,8204,1,0},
{0x2f854,8205,1,0},
{0x2f855,8206,1,0},
{0x2f856,8207,1,0},
{0x2f857,8208,1,0},
{0x2f858,8209,1,0},
{0x2f859,8210,1,0},
{0x2f85a,8211,1,0},
{0x2f85b,8212,1,0},
{0x2f85c,8213,1,0},
{0x2f85d,8214,1,0},
{0x2f85e,8215,1,0},
{0x2f85f,8216,1,0},
{0x2f860,8217,1,0},
{0x2f861,8218,1,0},
{0x2f862,8219,1,0},
{0x2f863,8220,1,0},
{0x2f864,8221,1,0},
{0x2f865,8222,1,0},
{0x2f866,8223,1,0},
{0x2f867,8224,1,0},
{0x2f868,8225,1,0},
{0x2f869,8226,1,0},
{0x2f86a,8227,1,0},
{0x2f86b,8228,1,0},
{0x2f86c,8229,1,0},
{0x2f86d,8230,1,0},
{0x2f86e,8231,1,0},
{0x2f86f,8232,1,0},
{0x2f870,8233,1,0},
{0x2f871,8234,1,0},
{0x2f872,8235,1,0},
{0x2f873,8236,1,0},
{0x2f874,8237,1,0},
{0x2f875,8238,1,0},
{0x2f876,8239,1,0},
{0x2f877,8240,1,0},
{0x2f878,8241,1,0},
{0x2f879,8242,1,0},
{0x2f87a,8243,1,0},
{0x2f87b,8244,1,0},
{0x2f87c,8245,1,0},
{0x2f87d,8246,1,0},
{0x2f87e,8247,1,0},
{0x2f87f,8248,1,0},
{0x2f880,8249,1,0},
{0x2f881,8250,1,0},
{0x2f882,8251,1,0},
{0x2f883,8252,1,0},
{0x2f884,8253,1,0},
{0x2f885,8254,1,0},
{0x2f886,8255,1,0},
{0x2f887,8256,1,0},
{0x2f888,8257,1,0},
{0x2f889,8258,1,0},
{0x2f88a,8259,1,0},
{0x2f88b,8260,1,0},
{0x2f88c,8261,1,0},
{0x2f88d,8262,1,0},
{0x2f88e,8263,1,0},
{0x2f88f,8264,1,0},
{0x2f890,8265,1,0},
{0x2f891,8266,1,0},
{0x2f892,8267,1,0},
{0x2f893,8268,1,0},
{0x2f894,8269,1,0},
{0x2f895,8270,1,0},
{0x2f896,8271,1,0},
{0x2f897,8272,1,0},
{0x2f898,8273,1,0},
{0x2f899,8274,1,0},
{0x2f89a,8275,1,0},
{0x2f89b,8276,1,0},
{0x2f89c,8277,1,0},
{0x2f89d,8278,1,0},
{0x2f89e,8279,1,0},
{0x2f89f,8280,1,0},
{0x2f8a0,8281,1,0},
{0x2f8a1,8282,1,0},
{0x2f8a2,8283,1,0},
{0x2f8a3,8284,1,0},
{0x2f8a4,8285,1,0},
{0x2f8a5,8286,1,0},
{0x2f8a6,8287,1,0},
{0x2f8a7,8288,1,0},
{0x2f8a8,8289,1,0},
{0x2f8a9,8290,1,0},
{0x2f8aa,8291,1,0},
{0x2f8ab,8292,1,0},
{0x2f8ac,8293,1,0},
{0x2f8ad,8294,1,0},
{0x2f8ae,8295,1,0},
{0x2f8af,8296,1,0},
{0x2f8b0,8297,1,0},
{0x2f8b1,8298,1,0},
{0x2f8b2,8299,1,0},
{0x2f8b3,8300,1,0},
{0x2f8b4,8301,1,0},
{0x2f8b5,8302,1,0},
{0x2f8b6,8303,1,0},
{0x2f8b7,8304,1,0},
{0x2f8b8,8305,1,0},
{0x2f8b9,8306,1,0},
{0x2f8ba,8307,1,0},
{0x2f8bb,8308,1,0},
{0x2f8bc,8309,1,0},
{0x2f8bd,8310,1,0},
{0x2f8be,8311,1,0},
{0x2f8bf,8312,1,0},
{0x2f8c0,8313,1,0},
{0x2f8c1,8314,1,0},
{0x2f8c2,8315,1,0},
{0x2f8c3,8316,1,0},
{0x2f8c4,8317,1,0},
{0x2f8c5,8318,1,0},
{0x2f8c6,8319,1,0},
{0x2f8c7,8320,1,0},
{0x2f8c8,8321,1,0},
{0x2f8c9,8322,1,0},
{0x2f8ca,8323,1,0},
{0x2f8cb,8324,1,0},
{0x2f8cc,8325,1,0},
{0x2f8cd,8326,1,0},
{0x2f8ce,8327,1,0},
{0x2f8cf,8328,1,0},
{0x2f8d0,8329,1,0},
{0x2f8d1,8330,1,0},
{0x2f8d2,8331,1,0},
{0x2f8d3,8332,1,0},
{0x2f8d4,8333,1,0},
{0x2f8d5,8334,1,0},
{0x2f8d6,8335,1,0},
{0x2f8d7,8336,1,0},
{0x2f8d8,8337,1,0},
{0x2f8d9,8338,1,0},
{0x2f8da,8339,1,0},
{0x2f8db,8340,1,0},
{0x2f8dc,8341,1,0},
{0x2f8dd,8342,1,0},
{0x2f8de,8343,1,0},
{0x2f8df,8344,1,0},
{0x2f8e0,8345,1,0},
{0x2f8e1,8346,1,0},
{0x2f8e2,8347,1,0},
{0x2f8e3,8348,1,0},
{0x2f8e4,8349,1,0},
{0x2f8e5,8350,1,0},
{0x2f8e6,8351,1,0},
{0x2f8e7,8352,1,0},
{0x2f8e8,8353,1,0},
{0x2f8e9,8354,1,0},
{0x2f8ea,8355,1,0},
{0x2f8eb,8356,1,0},
{0x2f8ec,8357,1,0},
{0x2f8ed,8358,1,0},
{0x2f8ee,8359,1,0},
{0x2f8ef,8360,1,0},
{0x2f8f0,8361,1,0},
{0x2f8f1,8362,1,0},
{0x2f8f2,8363,1,0},
{0x2f8f3,8364,1,0},
{0x2f8f4,8365,1,0},
{0x2f8f5,8366,1,0},
{0x2f8f6,8367,1,0},
{0x2f8f7,8368,1,0},
{0x2f8f8,8369,1,0},
{0x2f8f9,8370,1,0},
{0x2f8fa,8371,1,0},
{0x2f8fb,8372,1,0},
{0x2f8fc,8373,1,0},
{0x2f8fd,8374,1,0},
{0x2f8fe,8375,1,0},
{0x2f8ff,8376,1,0},
{0x2f900,8377,1,0},
{0x2f901,8378,1,0},
{0x2f902,8379,1,0},
{0x2f903,8380,1,0},
{0x2f904,8381,1,0},
{0x2f905,8382,1,0},
{0x2f906,8383,1,0},
{0x2f907,8384,1,0},
{0x2f908,8385,1,0},
{0x2f909,8386,1,0},
{0x2f90a,8387,1,0},
{0x2f90b,8388,1,0},
{0x2f90c,8389,1,0},
{0x2f90d,8390,1,0},
{0x2f90e,8391,1,0},
{0x2f90f,8392,1,0},
{0x2f910,8393,1,0},
{0x2f911,8394,1,0},
{0x2f912,8395,1,0},
{0x2f913,8396,1,0},
{0x2f914,8397,1,0},
{0x2f915,8398,1,0},
{0x2f916,8399,1,0},
{0x2f917,8400,1,0},
{0x2f918,8401,1,0},
{0x2f919,8402,1,0},
{0x2f91a,8403,1,0},
{0x2f91b,8404,1,0},
{0x2f91c,8405,1,0},
{0x2f91d,8406,1,0},
{0x2f91e,8407,1,0},
{0x2f91f,8408,1,0},
{0x2f920,8409,1,0},
{0x2f921,8410,1,0},
{0x2f922,8411,1,0},
{0x2f923,8412,1,0},
{0x2f924,8413,1,0},
{0x2f925,8414,1,0},
{0x2f926,8415,1,0},
{0x2f927,8416,1,0},
{0x2f928,8417,1,0},
{0x2f929,8418,1,0},
{0x2f92a,8419,1,0},
{0x2f92b,8420,1,0},
{0x2f92c,8421,1,0},
{0x2f92d,8422,1,0},
{0x2f92e,8423,1,0},
{0x2f92f,8424,1,0},
{0x2f930,8425,1,0},
{0x2f931,8426,1,0},
{0x2f932,8427,1,0},
{0x2f933,8428,1,0},
{0x2f934,8429,1,0},
{0x2f935,8430,1,0},
{0x2f936,8431,1,0},
{0x2f937,8432,1,0},
{0x2f938,8433,1,0},
{0x2f939,8434,1,0},
{0x2f93a,8435,1,0},
{0x2f93b,8436,1,0},
{0x2f93c,8437,1,0},
{0x2f93d,8438,1,0},
{0x2f93e,8439,1,0},
{0x2f93f,8440,1,0},
{0x2f940,8441,1,0},
{0x2f941,8442,1,0},
{0x2f942,8443,1,0},
{0x2f943,8444,1,0},
{0x2f944,8445,1,0},
{0x2f945,8446,1,0},
{0x2f946,8447,1,0},
{0x2f947,8448,1,0},
{0x2f948,8449,1,0},
{0x2f949,8450,1,0},
{0x2f94a,8451,1,0},
{0x2f94b,8452,1,0},
{0x2f94c,8453,1,0},
{0x2f94d,8454,1,0},
{0x2f94e,8455,1,0},
{0x2f94f,8456,1,0},
{0x2f950,8457,1,0},
{0x2f951,8458,1,0},
{0x2f952,8459,1,0},
{0x2f953,8460,1,0},
{0x2f954,8461,1,0},
{0x2f955,8462,1,0},
{0x2f956,8463,1,0},
{0x2f957,8464,1,0},
{0x2f958,8465,1,0},
{0x2f959,8466,1,0},
{0x2f95a,8467,1,0},
{0x2f95b,8468,1,0},
{0x2f95c,8469,1,0},
{0x2f95d,8470,1,0},
{0x2f95e,8471,1,0},
{0x2f95f,8472,1,0},
{0x2f960,8473,1,0},
{0x2f961,8474,1,0},
{0x2f962,8475,1,0},
{0x2f963,8476,1,0},
{0x2f964,8477,1,0},
{0x2f965,8478,1,0},
{0x2f966,8479,1,0},
{0x2f967,8480,1,0},
{0x2f968,8481,1,0},
{0x2f969,8482,1,0},
{0x2f96a,8483,1,0},
{0x2f96b,8484,1,0},
{0x2f96c,8485,1,0},
{0x2f96d,8486,1,0},
{0x2f96e,8487,1,0},
{0x2f96f,8488,1,0},
{0x2f970,8489,1,0},
{0x2f971,8490,1,0},
{0x2f972,8491,1,0},
{0x2f973,8492,1,0},
{0x2f974,8493,1,0},
{0x2f975,8494,1,0},
{0x2f976,8495,1,0},
{0x2f977,8496,1,0},
{0x2f978,8497,1,0},
{0x2f979,8498,1,0},
{0x2f97a,8499,1,0},
{0x2f97b,8500,1,0},
{0x2f97c,8501,1,0},
{0x2f97d,8502,1,0},
{0x2f97e,8503,1,0},
{0x2f97f,8504,1,0},
{0x2f980,8505,1,0},
{0x2f981,8506,1,0},
{0x2f982,8507,1,0},
{0x2f983,8508,1,0},
{0x2f984,8509,1,0},
{0x2f985,8510,1,0},
{0x2f986,8511,1,0},
{0x2f987,8512,1,0},
{0x2f988,8513,1,0},
{0x2f989,8514,1,0},
{0x2f98a,8515,1,0},
{0x2f98b,8516,1,0},
{0x2f98c,8517,1,0},
{0x2f98d,8518,1,0},
{0x2f98e,8519,1,0},
{0x2f98f,8520,1,0},
{0x2f990,8521,1,0},
{0x2f991,8522,1,0},
{0x2f992,8523,1,0},
{0x2f993,8524,1,0},
{0x2f994,8525,1,0},
{0x2f995,8526,1,0},
{0x2f996,8527,1,0},
{0x2f997,8528,1,0},
{0x2f998,8529,1,0},
{0x2f999,8530,1,0},
{0x2f99a,8531,1,0},
{0x2f99b,8532,1,0},
{0x2f99c,8533,1,0},
{0x2f99d,8534,1,0},
{0x2f99e,8535,1,0},
{0x2f99f,8536,1,0},
{0x2f9a0,8537,1,0},
{0x2f9a1,8538,1,0},
{0x2f9a2,8539,1,0},
{0x2f9a3,8540,1,0},
{0x2f9a4,8541,1,0},
{0x2f9a5,8542,1,0},
{0x2f9a6,8543,1,0},
{0x2f9a7,8544,1,0},
{0x2f9a8,8545,1,0},
{0x2f9a9,8546,1,0},
{0x2f9aa,8547,1,0},
{0x2f9ab,8548,1,0},
{0x2f9ac,8549,1,0},
{0x2f9ad,8550,1,0},
{0x2f9ae,8551,1,0},
{0x2f9af,8552,1,0},
{0x2f9b0,8553,1,0},
{0x2f9b1,8554,1,0},
{0x2f9b2,8555,1,0},
{0x2f9b3,8556,1,0},
{0x2f9b4,8557,1,0},
{0x2f9b5,8558,1,0},
{0x2f9b6,8559,1,0},
{0x2f9b7,8560,1,0},
{0x2f9b8,8561,1,0},
{0x2f9b9,8562,1,0},
{0x2f9ba,8563,1,0},
{0x2f9bb,8564,1,0},
{0x2f9bc,8565,1,0},
{0x2f9bd,8566,1,0},
{0x2f9be,8567,1,0},
{0x2f9bf,8568,1,0},
{0x2f9c0,8569,1,0},
{0x2f9c1,8570,1,0},
{0x2f9c2,8571,1,0},
{0x2f9c3,8572,1,0},
{0x2f9c4,8573,1,0},
{0x2f9c5,8574,1,0},
{0x2f9c6,8575,1,0},
{0x2f9c7,8576,1,0},
{0x2f9c8,8577,1,0},
{0x2f9c9,8578,1,0},
{0x2f9ca,8579,1,0},
{0x2f9cb,8580,1,0},
{0x2f9cc,8581,1,0},
{0x2f9cd,8582,1,0},
{0x2f9ce,8583,1,0},
{0x2f9cf,8584,1,0},
{0x2f9d0,8585,1,0},
{0x2f9d1,8586,1,0},
{0x2f9d2,8587,1,0},
{0x2f9d3,8588,1,0},
{0x2f9d4,8589,1,0},
{0x2f9d5,8590,1,0},
{0x2f9d6,8591,1,0},
{0x2f9d7,8592,1,0},
{0x2f9d8,8593,1,0},
{0x2f9d9,8594,1,0},
{0x2f9da,8595,1,0},
{0x2f9db,8596,1,0},
{0x2f9dc,8597,1,0},
{0x2f9dd,8598,1,0},
{0x2f9de,8599,1,0},
{0x2f9df,8600,1,0},
{0x2f9e0,8601,1,0},
{0x2f9e1,8602,1,0},
{0x2f9e2,8603,1,0},
{0x2f9e3,8604,1,0},
{0x2f9e4,8605,1,0},
{0x2f9e5,8606,1,0},
{0x2f9e6,8607,1,0},
{0x2f9e7,8608,1,0},
{0x2f9e8,8609,1,0},
{0x2f9e9,8610,1,0},
{0x2f9ea,8611,1,0},
{0x2f9eb,8612,1,0},
{0x2f9ec,8613,1,0},
{0x2f9ed,8614,1,0},
{0x2f9ee,8615,1,0},
{0x2f9ef,8616,1,0},
{0x2f9f0,8617,1,0},
{0x2f9f1,8618,1,0},
{0x2f9f2,8619,1,0},
{0x2f9f3,8620,1,0},
{0x2f9f4,8621,1,0},
{0x2f9f5,8622,1,0},
{0x2f9f6,8623,1,0},
{0x2f9f7,8624,1,0},
{0x2f9f8,8625,1,0},
{0x2f9f9,8626,1,0},
{0x2f9fa,8627,1,0},
{0x2f9fb,8628,1,0},
{0x2f9fc,8629,1,0},
{0x2f9fd,8630,1,0},
{0x2f9fe,8631,1,0},
{0x2f9ff,8632,1,0},
{0x2fa00,8633,1,0},
{0x2fa01,8634,1,0},
{0x2fa02,8635,1,0},
{0x2fa03,8636,1,0},
{0x2fa04,8637,1,0},
{0x2fa05,8638,1,0},
{0x2fa06,8639,1,0},
{0x2fa07,8640,1,0},
{0x2fa08,8641,1,0},
{0x2fa09,8642,1,0},
{0x2fa0a,8643,1,0},
{0x2fa0b,8644,1,0},
{0x2fa0c,8645,1,0},
{0x2fa0d,8646,1,0},
{0x2fa0e,8647,1,0},
{0x2fa0f,8648,1,0},
{0x2fa10,8649,1,0},
{0x2fa11,8650,1,0},
{0x2fa12,8651,1,0},
{0x2fa13,8652,1,0},
{0x2fa14,8653,1,0},
{0x2fa15,8654,1,0},
{0x2fa16,8655,1,0},
{0x2fa17,8656,1,0},
{0x2fa18,8657,1,0},
{0x2fa19,8658,1,0},
{0x2fa1a,8659,1,0},
{0x2fa1b,8660,1,0},
{0x2fa1c,8661,1,0},
{0x2fa1d,8662,1,0},
};
static const struct uc_pair { uint32_t first,second,composed; } uc_pairs[]={
{0x3c,0x338,0x226e},
{0x3d,0x338,0x2260},
{0x3e,0x338,0x226f},
{0x41,0x300,0xc0},
{0x41,0x301,0xc1},
{0x41,0x302,0xc2},
{0x41,0x303,0xc3},
{0x41,0x304,0x100},
{0x41,0x306,0x102},
{0x41,0x307,0x226},
{0x41,0x308,0xc4},
{0x41,0x309,0x1ea2},
{0x41,0x30a,0xc5},
{0x41,0x30c,0x1cd},
{0x41,0x30f,0x200},
{0x41,0x311,0x202},
{0x41,0x323,0x1ea0},
{0x41,0x325,0x1e00},
{0x41,0x328,0x104},
{0x42,0x307,0x1e02},
{0x42,0x323,0x1e04},
{0x42,0x331,0x1e06},
{0x43,0x301,0x106},
{0x43,0x302,0x108},
{0x43,0x307,0x10a},
{0x43,0x30c,0x10c},
{0x43,0x327,0xc7},
{0x44,0x307,0x1e0a},
{0x44,0x30c,0x10e},
{0x44,0x323,0x1e0c},
{0x44,0x327,0x1e10},
{0x44,0x32d,0x1e12},
{0x44,0x331,0x1e0e},
{0x45,0x300,0xc8},
{0x45,0x301,0xc9},
{0x45,0x302,0xca},
{0x45,0x303,0x1ebc},
{0x45,0x304,0x112},
{0x45,0x306,0x114},
{0x45,0x307,0x116},
{0x45,0x308,0xcb},
{0x45,0x309,0x1eba},
{0x45,0x30c,0x11a},
{0x45,0x30f,0x204},
{0x45,0x311,0x206},
{0x45,0x323,0x1eb8},
{0x45,0x327,0x228},
{0x45,0x328,0x118},
{0x45,0x32d,0x1e18},
{0x45,0x330,0x1e1a},
{0x46,0x307,0x1e1e},
{0x47,0x301,0x1f4},
{0x47,0x302,0x11c},
{0x47,0x304,0x1e20},
{0x47,0x306,0x11e},
{0x47,0x307,0x120},
{0x47,0x30c,0x1e6},
{0x47,0x327,0x122},
{0x48,0x302,0x124},
{0x48,0x307,0x1e22},
{0x48,0x308,0x1e26},
{0x48,0x30c,0x21e},
{0x48,0x323,0x1e24},
{0x48,0x327,0x1e28},
{0x48,0x32e,0x1e2a},
{0x49,0x300,0xcc},
{0x49,0x301,0xcd},
{0x49,0x302,0xce},
{0x49,0x303,0x128},
{0x49,0x304,0x12a},
{0x49,0x306,0x12c},
{0x49,0x307,0x130},
{0x49,0x308,0xcf},
{0x49,0x309,0x1ec8},
{0x49,0x30c,0x1cf},
{0x49,0x30f,0x208},
{0x49,0x311,0x20a},
{0x49,0x323,0x1eca},
{0x49,0x328,0x12e},
{0x49,0x330,0x1e2c},
{0x4a,0x302,0x134},
{0x4b,0x301,0x1e30},
{0x4b,0x30c,0x1e8},
{0x4b,0x323,0x1e32},
{0x4b,0x327,0x136},
{0x4b,0x331,0x1e34},
{0x4c,0x301,0x139},
{0x4c,0x30c,0x13d},
{0x4c,0x323,0x1e36},
{0x4c,0x327,0x13b},
{0x4c,0x32d,0x1e3c},
{0x4c,0x331,0x1e3a},
{0x4d,0x301,0x1e3e},
{0x4d,0x307,0x1e40},
{0x4d,0x323,0x1e42},
{0x4e,0x300,0x1f8},
{0x4e,0x301,0x143},
{0x4e,0x303,0xd1},
{0x4e,0x307,0x1e44},
{0x4e,0x30c,0x147},
{0x4e,0x323,0x1e46},
{0x4e,0x327,0x145},
{0x4e,0x32d,0x1e4a},
{0x4e,0x331,0x1e48},
{0x4f,0x300,0xd2},
{0x4f,0x301,0xd3},
{0x4f,0x302,0xd4},
{0x4f,0x303,0xd5},
{0x4f,0x304,0x14c},
{0x4f,0x306,0x14e},
{0x4f,0x307,0x22e},
{0x4f,0x308,0xd6},
{0x4f,0x309,0x1ece},
{0x4f,0x30b,0x150},
{0x4f,0x30c,0x1d1},
{0x4f,0x30f,0x20c},
{0x4f,0x311,0x20e},
{0x4f,0x31b,0x1a0},
{0x4f,0x323,0x1ecc},
{0x4f,0x328,0x1ea},
{0x50,0x301,0x1e54},
{0x50,0x307,0x1e56},
{0x52,0x301,0x154},
{0x52,0x307,0x1e58},
{0x52,0x30c,0x158},
{0x52,0x30f,0x210},
{0x52,0x311,0x212},
{0x52,0x323,0x1e5a},
{0x52,0x327,0x156},
{0x52,0x331,0x1e5e},
{0x53,0x301,0x15a},
{0x53,0x302,0x15c},
{0x53,0x307,0x1e60},
{0x53,0x30c,0x160},
{0x53,0x323,0x1e62},
{0x53,0x326,0x218},
{0x53,0x327,0x15e},
{0x54,0x307,0x1e6a},
{0x54,0x30c,0x164},
{0x54,0x323,0x1e6c},
{0x54,0x326,0x21a},
{0x54,0x327,0x162},
{0x54,0x32d,0x1e70},
{0x54,0x331,0x1e6e},
{0x55,0x300,0xd9},
{0x55,0x301,0xda},
{0x55,0x302,0xdb},
{0x55,0x303,0x168},
{0x55,0x304,0x16a},
{0x55,0x306,0x16c},
{0x55,0x308,0xdc},
{0x55,0x309,0x1ee6},
{0x55,0x30a,0x16e},
{0x55,0x30b,0x170},
{0x55,0x30c,0x1d3},
{0x55,0x30f,0x214},
{0x55,0x311,0x216},
{0x55,0x31b,0x1af},
{0x55,0x323,0x1ee4},
{0x55,0x324,0x1e72},
{0x55,0x328,0x172},
{0x55,0x32d,0x1e76},
{0x55,0x330,0x1e74},
{0x56,0x303,0x1e7c},
{0x56,0x323,0x1e7e},
{0x57,0x300,0x1e80},
{0x57,0x301,0x1e82},
{0x57,0x302,0x174},
{0x57,0x307,0x1e86},
{0x57,0x308,0x1e84},
{0x57,0x323,0x1e88},
{0x58,0x307,0x1e8a},
{0x58,0x308,0x1e8c},
{0x59,0x300,0x1ef2},
{0x59,0x301,0xdd},
{0x59,0x302,0x176},
{0x59,0x303,0x1ef8},
{0x59,0x304,0x232},
{0x59,0x307,0x1e8e},
{0x59,0x308,0x178},
{0x59,0x309,0x1ef6},
{0x59,0x323,0x1ef4},
{0x5a,0x301,0x179},
{0x5a,0x302,0x1e90},
{0x5a,0x307,0x17b},
{0x5a,0x30c,0x17d},
{0x5a,0x323,0x1e92},
{0x5a,0x331,0x1e94},
{0x61,0x300,0xe0},
{0x61,0x301,0xe1},
{0x61,0x302,0xe2},
{0x61,0x303,0xe3},
{0x61,0x304,0x101},
{0x61,0x306,0x103},
{0x61,0x307,0x227},
{0x61,0x308,0xe4},
{0x61,0x309,0x1ea3},
{0x61,0x30a,0xe5},
{0x61,0x30c,0x1ce},
{0x61,0x30f,0x201},
{0x61,0x311,0x203},
{0x61,0x323,0x1ea1},
{0x61,0x325,0x1e01},
{0x61,0x328,0x105},
{0x62,0x307,0x1e03},
{0x62,0x323,0x1e05},
{0x62,0x331,0x1e07},
{0x63,0x301,0x107},
{0x63,0x302,0x109},
{0x63,0x307,0x10b},
{0x63,0x30c,0x10d},
{0x63,0x327,0xe7},
{0x64,0x307,0x1e0b},
{0x64,0x30c,0x10f},
{0x64,0x323,0x1e0d},
{0x64,0x327,0x1e11},
{0x64,0x32d,0x1e13},
{0x64,0x331,0x1e0f},
{0x65,0x300,0xe8},
{0x65,0x301,0xe9},
{0x65,0x302,0xea},
{0x65,0x303,0x1ebd},
{0x65,0x304,0x113},
{0x65,0x306,0x115},
{0x65,0x307,0x117},
{0x65,0x308,0xeb},
{0x65,0x309,0x1ebb},
{0x65,0x30c,0x11b},
{0x65,0x30f,0x205},
{0x65,0x311,0x207},
{0x65,0x323,0x1eb9},
{0x65,0x327,0x229},
{0x65,0x328,0x119},
{0x65,0x32d,0x1e19},
{0x65,0x330,0x1e1b},
{0x66,0x307,0x1e1f},
{0x67,0x301,0x1f5},
{0x67,0x302,0x11d},
{0x67,0x304,0x1e21},
{0x67,0x306,0x11f},
{0x67,0x307,0x121},
{0x67,0x30c,0x1e7},
{0x67,0x327,0x123},
{0x68,0x302,0x125},
{0x68,0x307,0x1e23},
{0x68,0x308,0x1e27},
{0x68,0x30c,0x21f},
{0x68,0x323,0x1e25},
{0x68,0x327,0x1e29},
{0x68,0x32e,0x1e2b},
{0x68,0x331,0x1e96},
{0x69,0x300,0xec},
{0x69,0x301,0xed},
{0x69,0x302,0xee},
{0x69,0x303,0x129},
{0x69,0x304,0x12b},
{0x69,0x306,0x12d},
{0x69,0x308,0xef},
{0x69,0x309,0x1ec9},
{0x69,0x30c,0x1d0},
{0x69,0x30f,0x209},
{0x69,0x311,0x20b},
{0x69,0x323,0x1ecb},
{0x69,0x328,0x12f},
{0x69,0x330,0x1e2d},
{0x6a,0x302,0x135},
{0x6a,0x30c,0x1f0},
{0x6b,0x301,0x1e31},
{0x6b,0x30c,0x1e9},
{0x6b,0x323,0x1e33},
{0x6b,0x327,0x137},
{0x6b,0x331,0x1e35},
{0x6c,0x301,0x13a},
{0x6c,0x30c,0x13e},
{0x6c,0x323,0x1e37},
{0x6c,0x327,0x13c},
{0x6c,0x32d,0x1e3d},
{0x6c,0x331,0x1e3b},
{0x6d,0x301,0x1e3f},
{0x6d,0x307,0x1e41},
{0x6d,0x323,0x1e43},
{0x6e,0x300,0x1f9},
{0x6e,0x301,0x144},
{0x6e,0x303,0xf1},
{0x6e,0x307,0x1e45},
{0x6e,0x30c,0x148},
{0x6e,0x323,0x1e47},
{0x6e,0x327,0x146},
{0x6e,0x32d,0x1e4b},
{0x6e,0x331,0x1e49},
{0x6f,0x300,0xf2},
{0x6f,0x301,0xf3},
{0x6f,0x302,0xf4},
{0x6f,0x303,0xf5},
{0x6f,0x304,0x14d},
{0x6f,0x306,0x14f},
{0x6f,0x307,0x22f},
{0x6f,0x308,0xf6},
{0x6f,0x309,0x1ecf},
{0x6f,0x30b,0x151},
{0x6f,0x30c,0x1d2},
{0x6f,0x30f,0x20d},
{0x6f,0x311,0x20f},
{0x6f,0x31b,0x1a1},
{0x6f,0x323,0x1ecd},
{0x6f,0x328,0x1eb},
{0x70,0x301,0x1e55},
{0x70,0x307,0x1e57},
{0x72,0x301,0x155},
{0x72,0x307,0x1e59},
{0x72,0x30c,0x159},
{0x72,0x30f,0x211},
{0x72,0x311,0x213},
{0x72,0x323,0x1e5b},
{0x72,0x327,0x157},
{0x72,0x331,0x1e5f},
{0x73,0x301,0x15b},
{0x73,0x302,0x15d},
{0x73,0x307,0x1e61},
{0x73,0x30c,0x161},
{0x73,0x323,0x1e63},
{0x73,0x326,0x219},
{0x73,0x327,0x15f},
{0x74,0x307,0x1e6b},
{0x74,0x308,0x1e97},
{0x74,0x30c,0x165},
{0x74,0x323,0x1e6d},
{0x74,0x326,0x21b},
{0x74,0x327,0x163},
{0x74,0x32d,0x1e71},
{0x74,0x331,0x1e6f},
{0x75,0x300,0xf9},
{0x75,0x301,0xfa},
{0x75,0x302,0xfb},
{0x75,0x303,0x169},
{0x75,0x304,0x16b},
{0x75,0x306,0x16d},
{0x75,0x308,0xfc},
{0x75,0x309,0x1ee7},
{0x75,0x30a,0x16f},
{0x75,0x30b,0x171},
{0x75,0x30c,0x1d4},
{0x75,0x30f,0x215},
{0x75,0x311,0x217},
{0x75,0x31b,0x1b0},
{0x75,0x323,0x1ee5},
{0x75,0x324,0x1e73},
{0x75,0x328,0x173},
{0x75,0x32d,0x1e77},
{0x75,0x330,0x1e75},
{0x76,0x303,0x1e7d},
{0x76,0x323,0x1e7f},
{0x77,0x300,0x1e81},
{0x77,0x301,0x1e83},
{0x77,0x302,0x175},
{0x77,0x307,0x1e87},
{0x77,0x308,0x1e85},
{0x77,0x30a,0x1e98},
{0x77,0x323,0x1e89},
{0x78,0x307,0x1e8b},
{0x78,0x308,0x1e8d},
{0x79,0x300,0x1ef3},
{0x79,0x301,0xfd},
{0x79,0x302,0x177},
{0x79,0x303,0x1ef9},
{0x79,0x304,0x233},
{0x79,0x307,0x1e8f},
{0x79,0x308,0xff},
{0x79,0x309,0x1ef7},
{0x79,0x30a,0x1e99},
{0x79,0x323,0x1ef5},
{0x7a,0x301,0x17a},
{0x7a,0x302,0x1e91},
{0x7a,0x307,0x17c},
{0x7a,0x30c,0x17e},
{0x7a,0x323,0x1e93},
{0x7a,0x331,0x1e95},
{0xa8,0x300,0x1fed},
{0xa8,0x301,0x385},
{0xa8,0x342,0x1fc1},
{0xc2,0x300,0x1ea6},
{0xc2,0x301,0x1ea4},
{0xc2,0x303,0x1eaa},
{0xc2,0x309,0x1ea8},
{0xc4,0x304,0x1de},
{0xc5,0x301,0x1fa},
{0xc6,0x301,0x1fc},
{0xc6,0x304,0x1e2},
{0xc7,0x301,0x1e08},
{0xca,0x300,0x1ec0},
{0xca,0x301,0x1ebe},
{0xca,0x303,0x1ec4},
{0xca,0x309,0x1ec2},
{0xcf,0x301,0x1e2e},
{0xd4,0x300,0x1ed2},
{0xd4,0x301,0x1ed0},
{0xd4,0x303,0x1ed6},
{0xd4,0x309,0x1ed4},
{0xd5,0x301,0x1e4c},
{0xd5,0x304,0x22c},
{0xd5,0x308,0x1e4e},
{0xd6,0x304,0x22a},
{0xd8,0x301,0x1fe},
{0xdc,0x300,0x1db},
{0xdc,0x301,0x1d7},
{0xdc,0x304,0x1d5},
{0xdc,0x30c,0x1d9},
{0xe2,0x300,0x1ea7},
{0xe2,0x301,0x1ea5},
{0xe2,0x303,0x1eab},
{0xe2,0x309,0x1ea9},
{0xe4,0x304,0x1df},
{0xe5,0x301,0x1fb},
{0xe6,0x301,0x1fd},
{0xe6,0x304,0x1e3},
{0xe7,0x301,0x1e09},
{0xea,0x300,0x1ec1},
{0xea,0x301,0x1ebf},
{0xea,0x303,0x1ec5},
{0xea,0x309,0x1ec3},
{0xef,0x301,0x1e2f},
{0xf4,0x300,0x1ed3},
{0xf4,0x301,0x1ed1},
{0xf4,0x303,0x1ed7},
{0xf4,0x309,0x1ed5},
{0xf5,0x301,0x1e4d},
{0xf5,0x304,0x22d},
{0xf5,0x308,0x1e4f},
{0xf6,0x304,0x22b},
{0xf8,0x301,0x1ff},
{0xfc,0x300,0x1dc},
{0xfc,0x301,0x1d8},
{0xfc,0x304,0x1d6},
{0xfc,0x30c,0x1da},
{0x102,0x300,0x1eb0},
{0x102,0x301,0x1eae},
{0x102,0x303,0x1eb4},
{0x102,0x309,0x1eb2},
{0x103,0x300,0x1eb1},
{0x103,0x301,0x1eaf},
{0x103,0x303,0x1eb5},
{0x103,0x309,0x1eb3},
{0x112,0x300,0x1e14},
{0x112,0x301,0x1e16},
{0x113,0x300,0x1e15},
{0x113,0x301,0x1e17},
{0x14c,0x300,0x1e50},
{0x14c,0x301,0x1e52},
{0x14d,0x300,0x1e51},
{0x14d,0x301,0x1e53},
{0x15a,0x307,0x1e64},
{0x15b,0x307,0x1e65},
{0x160,0x307,0x1e66},
{0x161,0x307,0x1e67},
{0x168,0x301,0x1e78},
{0x169,0x301,0x1e79},
{0x16a,0x308,0x1e7a},
{0x16b,0x308,0x1e7b},
{0x17f,0x307,0x1e9b},
{0x1a0,0x300,0x1edc},
{0x1a0,0x301,0x1eda},
{0x1a0,0x303,0x1ee0},
{0x1a0,0x309,0x1ede},
{0x1a0,0x323,0x1ee2},
{0x1a1,0x300,0x1edd},
{0x1a1,0x301,0x1edb},
{0x1a1,0x303,0x1ee1},
{0x1a1,0x309,0x1edf},
{0x1a1,0x323,0x1ee3},
{0x1af,0x300,0x1eea},
{0x1af,0x301,0x1ee8},
{0x1af,0x303,0x1eee},
{0x1af,0x309,0x1eec},
{0x1af,0x323,0x1ef0},
{0x1b0,0x300,0x1eeb},
{0x1b0,0x301,0x1ee9},
{0x1b0,0x303,0x1eef},
{0x1b0,0x309,0x1eed},
{0x1b0,0x323,0x1ef1},
{0x1b7,0x30c,0x1ee},
{0x1ea,0x304,0x1ec},
{0x1eb,0x304,0x1ed},
{0x226,0x304,0x1e0},
{0x227,0x304,0x1e1},
{0x228,0x306,0x1e1c},
{0x229,0x306,0x1e1d},
{0x22e,0x304,0x230},
{0x22f,0x304,0x231},
{0x292,0x30c,0x1ef},
{0x391,0x300,0x1fba},
{0x391,0x301,0x386},
{0x391,0x304,0x1fb9},
{0x391,0x306,0x1fb8},
{0x391,0x313,0x1f08},
{0x391,0x314,0x1f09},
{0x391,0x345,0x1fbc},
{0x395,0x300,0x1fc8},
{0x395,0x301,0x388},
{0x395,0x313,0x1f18},
{0x395,0x314,0x1f19},
{0x397,0x300,0x1fca},
{0x397,0x301,0x389},
{0x397,0x313,0x1f28},
{0x397,0x314,0x1f29},
{0x397,0x345,0x1fcc},
{0x399,0x300,0x1fda},
{0x399,0x301,0x38a},
{0x399,0x304,0x1fd9},
{0x399,0x306,0x1fd8},
{0x399,0x308,0x3aa},
{0x399,0x313,0x1f38},
{0x399,0x314,0x1f39},
{0x39f,0x300,0x1ff8},
{0x39f,0x301,0x38c},
{0x39f,0x313,0x1f48},
{0x39f,0x314,0x1f49},
{0x3a1,0x314,0x1fec},
{0x3a5,0x300,0x1fea},
{0x3a5,0x301,0x38e},
{0x3a5,0x304,0x1fe9},
{0x3a5,0x306,0x1fe8},
{0x3a5,0x308,0x3ab},
{0x3a5,0x314,0x1f59},
{0x3a9,0x300,0x1ffa},
{0x3a9,0x301,0x38f},
{0x3a9,0x313,0x1f68},
{0x3a9,0x314,0x1f69},
{0x3a9,0x345,0x1ffc},
{0x3ac,0x345,0x1fb4},
{0x3ae,0x345,0x1fc4},
{0x3b1,0x300,0x1f70},
{0x3b1,0x301,0x3ac},
{0x3b1,0x304,0x1fb1},
{0x3b1,0x306,0x1fb0},
{0x3b1,0x313,0x1f00},
{0x3b1,0x314,0x1f01},
{0x3b1,0x342,0x1fb6},
{0x3b1,0x345,0x1fb3},
{0x3b5,0x300,0x1f72},
{0x3b5,0x301,0x3ad},
{0x3b5,0x313,0x1f10},
{0x3b5,0x314,0x1f11},
{0x3b7,0x300,0x1f74},
{0x3b7,0x301,0x3ae},
{0x3b7,0x313,0x1f20},
{0x3b7,0x314,0x1f21},
{0x3b7,0x342,0x1fc6},
{0x3b7,0x345,0x1fc3},
{0x3b9,0x300,0x1f76},
{0x3b9,0x301,0x3af},
{0x3b9,0x304,0x1fd1},
{0x3b9,0x306,0x1fd0},
{0x3b9,0x308,0x3ca},
{0x3b9,0x313,0x1f30},
{0x3b9,0x314,0x1f31},
{0x3b9,0x342,0x1fd6},
{0x3bf,0x300,0x1f78},
{0x3bf,0x301,0x3cc},
{0x3bf,0x313,0x1f40},
{0x3bf,0x314,0x1f41},
{0x3c1,0x313,0x1fe4},
{0x3c1,0x314,0x1fe5},
{0x3c5,0x300,0x1f7a},
{0x3c5,0x301,0x3cd},
{0x3c5,0x304,0x1fe1},
{0x3c5,0x306,0x1fe0},
{0x3c5,0x308,0x3cb},
{0x3c5,0x313,0x1f50},
{0x3c5,0x314,0x1f51},
{0x3c5,0x342,0x1fe6},
{0x3c9,0x300,0x1f7c},
{0x3c9,0x301,0x3ce},
{0x3c9,0x313,0x1f60},
{0x3c9,0x314,0x1f61},
{0x3c9,0x342,0x1ff6},
{0x3c9,0x345,0x1ff3},
{0x3ca,0x300,0x1fd2},
{0x3ca,0x301,0x390},
{0x3ca,0x342,0x1fd7},
{0x3cb,0x300,0x1fe2},
{0x3cb,0x301,0x3b0},
{0x3cb,0x342,0x1fe7},
{0x3ce,0x345,0x1ff4},
{0x3d2,0x301,0x3d3},
{0x3d2,0x308,0x3d4},
{0x406,0x308,0x407},
{0x410,0x306,0x4d0},
{0x410,0x308,0x4d2},
{0x413,0x301,0x403},
{0x415,0x300,0x400},
{0x415,0x306,0x4d6},
{0x415,0x308,0x401},
{0x416,0x306,0x4c1},
{0x416,0x308,0x4dc},
{0x417,0x308,0x4de},
{0x418,0x300,0x40d},
{0x418,0x304,0x4e2},
{0x418,0x306,0x419},
{0x418,0x308,0x4e4},
{0x41a,0x301,0x40c},
{0x41e,0x308,0x4e6},
{0x423,0x304,0x4ee},
{0x423,0x306,0x40e},
{0x423,0x308,0x4f0},
{0x423,0x30b,0x4f2},
{0x427,0x308,0x4f4},
{0x42b,0x308,0x4f8},
{0x42d,0x308,0x4ec},
{0x430,0x306,0x4d1},
{0x430,0x308,0x4d3},
{0x433,0x301,0x453},
{0x435,0x300,0x450},
{0x435,0x306,0x4d7},
{0x435,0x308,0x451},
{0x436,0x306,0x4c2},
{0x436,0x308,0x4dd},
{0x437,0x308,0x4df},
{0x438,0x300,0x45d},
{0x438,0x304,0x4e3},
{0x438,0x306,0x439},
{0x438,0x308,0x4e5},
{0x43a,0x301,0x45c},
{0x43e,0x308,0x4e7},
{0x443,0x304,0x4ef},
{0x443,0x306,0x45e},
{0x443,0x308,0x4f1},
{0x443,0x30b,0x4f3},
{0x447,0x308,0x4f5},
{0x44b,0x308,0x4f9},
{0x44d,0x308,0x4ed},
{0x456,0x308,0x457},
{0x474,0x30f,0x476},
{0x475,0x30f,0x477},
{0x4d8,0x308,0x4da},
{0x4d9,0x308,0x4db},
{0x4e8,0x308,0x4ea},
{0x4e9,0x308,0x4eb},
{0x627,0x653,0x622},
{0x627,0x654,0x623},
{0x627,0x655,0x625},
{0x648,0x654,0x624},
{0x64a,0x654,0x626},
{0x6c1,0x654,0x6c2},
{0x6d2,0x654,0x6d3},
{0x6d5,0x654,0x6c0},
{0x928,0x93c,0x929},
{0x930,0x93c,0x931},
{0x933,0x93c,0x934},
{0x9c7,0x9be,0x9cb},
{0x9c7,0x9d7,0x9cc},
{0xb47,0xb3e,0xb4b},
{0xb47,0xb56,0xb48},
{0xb47,0xb57,0xb4c},
{0xb92,0xbd7,0xb94},
{0xbc6,0xbbe,0xbca},
{0xbc6,0xbd7,0xbcc},
{0xbc7,0xbbe,0xbcb},
{0xc46,0xc56,0xc48},
{0xcbf,0xcd5,0xcc0},
{0xcc6,0xcc2,0xcca},
{0xcc6,0xcd5,0xcc7},
{0xcc6,0xcd6,0xcc8},
{0xcca,0xcd5,0xccb},
{0xd46,0xd3e,0xd4a},
{0xd46,0xd57,0xd4c},
{0xd47,0xd3e,0xd4b},
{0xdd9,0xdca,0xdda},
{0xdd9,0xdcf,0xddc},
{0xdd9,0xddf,0xdde},
{0xddc,0xdca,0xddd},
{0x1025,0x102e,0x1026},
{0x1b05,0x1b35,0x1b06},
{0x1b07,0x1b35,0x1b08},
{0x1b09,0x1b35,0x1b0a},
{0x1b0b,0x1b35,0x1b0c},
{0x1b0d,0x1b35,0x1b0e},
{0x1b11,0x1b35,0x1b12},
{0x1b3a,0x1b35,0x1b3b},
{0x1b3c,0x1b35,0x1b3d},
{0x1b3e,0x1b35,0x1b40},
{0x1b3f,0x1b35,0x1b41},
{0x1b42,0x1b35,0x1b43},
{0x1e36,0x304,0x1e38},
{0x1e37,0x304,0x1e39},
{0x1e5a,0x304,0x1e5c},
{0x1e5b,0x304,0x1e5d},
{0x1e62,0x307,0x1e68},
{0x1e63,0x307,0x1e69},
{0x1ea0,0x302,0x1eac},
{0x1ea0,0x306,0x1eb6},
{0x1ea1,0x302,0x1ead},
{0x1ea1,0x306,0x1eb7},
{0x1eb8,0x302,0x1ec6},
{0x1eb9,0x302,0x1ec7},
{0x1ecc,0x302,0x1ed8},
{0x1ecd,0x302,0x1ed9},
{0x1f00,0x300,0x1f02},
{0x1f00,0x301,0x1f04},
{0x1f00,0x342,0x1f06},
{0x1f00,0x345,0x1f80},
{0x1f01,0x300,0x1f03},
{0x1f01,0x301,0x1f05},
{0x1f01,0x342,0x1f07},
{0x1f01,0x345,0x1f81},
{0x1f02,0x345,0x1f82},
{0x1f03,0x345,0x1f83},
{0x1f04,0x345,0x1f84},
{0x1f05,0x345,0x1f85},
{0x1f06,0x345,0x1f86},
{0x1f07,0x345,0x1f87},
{0x1f08,0x300,0x1f0a},
{0x1f08,0x301,0x1f0c},
{0x1f08,0x342,0x1f0e},
{0x1f08,0x345,0x1f88},
{0x1f09,0x300,0x1f0b},
{0x1f09,0x301,0x1f0d},
{0x1f09,0x342,0x1f0f},
{0x1f09,0x345,0x1f89},
{0x1f0a,0x345,0x1f8a},
{0x1f0b,0x345,0x1f8b},
{0x1f0c,0x345,0x1f8c},
{0x1f0d,0x345,0x1f8d},
{0x1f0e,0x345,0x1f8e},
{0x1f0f,0x345,0x1f8f},
{0x1f10,0x300,0x1f12},
{0x1f10,0x301,0x1f14},
{0x1f11,0x300,0x1f13},
{0x1f11,0x301,0x1f15},
{0x1f18,0x300,0x1f1a},
{0x1f18,0x301,0x1f1c},
{0x1f19,0x300,0x1f1b},
{0x1f19,0x301,0x1f1d},
{0x1f20,0x300,0x1f22},
{0x1f20,0x301,0x1f24},
{0x1f20,0x342,0x1f26},
{0x1f20,0x345,0x1f90},
{0x1f21,0x300,0x1f23},
{0x1f21,0x301,0x1f25},
{0x1f21,0x342,0x1f27},
{0x1f21,0x345,0x1f91},
{0x1f22,0x345,0x1f92},
{0x1f23,0x345,0x1f93},
{0x1f24,0x345,0x1f94},
{0x1f25,0x345,0x1f95},
{0x1f26,0x345,0x1f96},
{0x1f27,0x345,0x1f97},
{0x1f28,0x300,0x1f2a},
{0x1f28,0x301,0x1f2c},
{0x1f28,0x342,0x1f2e},
{0x1f28,0x345,0x1f98},
{0x1f29,0x300,0x1f2b},
{0x1f29,0x301,0x1f2d},
{0x1f29,0x342,0x1f2f},
{0x1f29,0x345,0x1f99},
{0x1f2a,0x345,0x1f9a},
{0x1f2b,0x345,0x1f9b},
{0x1f2c,0x345,0x1f9c},
{0x1f2d,0x345,0x1f9d},
{0x1f2e,0x345,0x1f9e},
{0x1f2f,0x345,0x1f9f},
{0x1f30,0x300,0x1f32},
{0x1f30,0x301,0x1f34},
{0x1f30,0x342,0x1f36},
{0x1f31,0x300,0x1f33},
{0x1f31,0x301,0x1f35},
{0x1f31,0x342,0x1f37},
{0x1f38,0x300,0x1f3a},
{0x1f38,0x301,0x1f3c},
{0x1f38,0x342,0x1f3e},
{0x1f39,0x300,0x1f3b},
{0x1f39,0x301,0x1f3d},
{0x1f39,0x342,0x1f3f},
{0x1f40,0x300,0x1f42},
{0x1f40,0x301,0x1f44},
{0x1f41,0x300,0x1f43},
{0x1f41,0x301,0x1f45},
{0x1f48,0x300,0x1f4a},
{0x1f48,0x301,0x1f4c},
{0x1f49,0x300,0x1f4b},
{0x1f49,0x301,0x1f4d},
{0x1f50,0x300,0x1f52},
{0x1f50,0x301,0x1f54},
{0x1f50,0x342,0x1f56},
{0x1f51,0x300,0x1f53},
{0x1f51,0x301,0x1f55},
{0x1f51,0x342,0x1f57},
{0x1f59,0x300,0x1f5b},
{0x1f59,0x301,0x1f5d},
{0x1f59,0x342,0x1f5f},
{0x1f60,0x300,0x1f62},
{0x1f60,0x301,0x1f64},
{0x1f60,0x342,0x1f66},
{0x1f60,0x345,0x1fa0},
{0x1f61,0x300,0x1f63},
{0x1f61,0x301,0x1f65},
{0x1f61,0x342,0x1f67},
{0x1f61,0x345,0x1fa1},
{0x1f62,0x345,0x1fa2},
{0x1f63,0x345,0x1fa3},
{0x1f64,0x345,0x1fa4},
{0x1f65,0x345,0x1fa5},
{0x1f66,0x345,0x1fa6},
{0x1f67,0x345,0x1fa7},
{0x1f68,0x300,0x1f6a},
{0x1f68,0x301,0x1f6c},
{0x1f68,0x342,0x1f6e},
{0x1f68,0x345,0x1fa8},
{0x1f69,0x300,0x1f6b},
{0x1f69,0x301,0x1f6d},
{0x1f69,0x342,0x1f6f},
{0x1f69,0x345,0x1fa9},
{0x1f6a,0x345,0x1faa},
{0x1f6b,0x345,0x1fab},
{0x1f6c,0x345,0x1fac},
{0x1f6d,0x345,0x1fad},
{0x1f6e,0x345,0x1fae},
{0x1f6f,0x345,0x1faf},
{0x1f70,0x345,0x1fb2},
{0x1f74,0x345,0x1fc2},
{0x1f7c,0x345,0x1ff2},
{0x1fb6,0x345,0x1fb7},
{0x1fbf,0x300,0x1fcd},
{0x1fbf,0x301,0x1fce},
{0x1fbf,0x342,0x1fcf},
{0x1fc6,0x345,0x1fc7},
{0x1ff6,0x345,0x1ff7},
{0x1ffe,0x300,0x1fdd},
{0x1ffe,0x301,0x1fde},
{0x1ffe,0x342,0x1fdf},
{0x2190,0x338,0x219a},
{0x2192,0x338,0x219b},
{0x2194,0x338,0x21ae},
{0x21d0,0x338,0x21cd},
{0x21d2,0x338,0x21cf},
{0x21d4,0x338,0x21ce},
{0x2203,0x338,0x2204},
{0x2208,0x338,0x2209},
{0x220b,0x338,0x220c},
{0x2223,0x338,0x2224},
{0x2225,0x338,0x2226},
{0x223c,0x338,0x2241},
{0x2243,0x338,0x2244},
{0x2245,0x338,0x2247},
{0x2248,0x338,0x2249},
{0x224d,0x338,0x226d},
{0x2261,0x338,0x2262},
{0x2264,0x338,0x2270},
{0x2265,0x338,0x2271},
{0x2272,0x338,0x2274},
{0x2273,0x338,0x2275},
{0x2276,0x338,0x2278},
{0x2277,0x338,0x2279},
{0x227a,0x338,0x2280},
{0x227b,0x338,0x2281},
{0x227c,0x338,0x22e0},
{0x227d,0x338,0x22e1},
{0x2282,0x338,0x2284},
{0x2283,0x338,0x2285},
{0x2286,0x338,0x2288},
{0x2287,0x338,0x2289},
{0x2291,0x338,0x22e2},
{0x2292,0x338,0x22e3},
{0x22a2,0x338,0x22ac},
{0x22a8,0x338,0x22ad},
{0x22a9,0x338,0x22ae},
{0x22ab,0x338,0x22af},
{0x22b2,0x338,0x22ea},
{0x22b3,0x338,0x22eb},
{0x22b4,0x338,0x22ec},
{0x22b5,0x338,0x22ed},
{0x3046,0x3099,0x3094},
{0x304b,0x3099,0x304c},
{0x304d,0x3099,0x304e},
{0x304f,0x3099,0x3050},
{0x3051,0x3099,0x3052},
{0x3053,0x3099,0x3054},
{0x3055,0x3099,0x3056},
{0x3057,0x3099,0x3058},
{0x3059,0x3099,0x305a},
{0x305b,0x3099,0x305c},
{0x305d,0x3099,0x305e},
{0x305f,0x3099,0x3060},
{0x3061,0x3099,0x3062},
{0x3064,0x3099,0x3065},
{0x3066,0x3099,0x3067},
{0x3068,0x3099,0x3069},
{0x306f,0x3099,0x3070},
{0x306f,0x309a,0x3071},
{0x3072,0x3099,0x3073},
{0x3072,0x309a,0x3074},
{0x3075,0x3099,0x3076},
{0x3075,0x309a,0x3077},
{0x3078,0x3099,0x3079},
{0x3078,0x309a,0x307a},
{0x307b,0x3099,0x307c},
{0x307b,0x309a,0x307d},
{0x309d,0x3099,0x309e},
{0x30a6,0x3099,0x30f4},
{0x30ab,0x3099,0x30ac},
{0x30ad,0x3099,0x30ae},
{0x30af,0x3099,0x30b0},
{0x30b1,0x3099,0x30b2},
{0x30b3,0x3099,0x30b4},
{0x30b5,0x3099,0x30b6},
{0x30b7,0x3099,0x30b8},
{0x30b9,0x3099,0x30ba},
{0x30bb,0x3099,0x30bc},
{0x30bd,0x3099,0x30be},
{0x30bf,0x3099,0x30c0},
{0x30c1,0x3099,0x30c2},
{0x30c4,0x3099,0x30c5},
{0x30c6,0x3099,0x30c7},
{0x30c8,0x3099,0x30c9},
{0x30cf,0x3099,0x30d0},
{0x30cf,0x309a,0x30d1},
{0x30d2,0x3099,0x30d3},
{0x30d2,0x309a,0x30d4},
{0x30d5,0x3099,0x30d6},
{0x30d5,0x309a,0x30d7},
{0x30d8,0x3099,0x30d9},
{0x30d8,0x309a,0x30da},
{0x30db,0x3099,0x30dc},
{0x30db,0x309a,0x30dd},
{0x30ef,0x3099,0x30f7},
{0x30f0,0x3099,0x30f8},
{0x30f1,0x3099,0x30f9},
{0x30f2,0x3099,0x30fa},
{0x30fd,0x3099,0x30fe},
{0x11099,0x110ba,0x1109a},
{0x1109b,0x110ba,0x1109c},
{0x110a5,0x110ba,0x110ab},
{0x11131,0x11127,0x1112e},
{0x11132,0x11127,0x1112f},
{0x11347,0x1133e,0x1134b},
{0x11347,0x11357,0x1134c},
{0x114b9,0x114b0,0x114bc},
{0x114b9,0x114ba,0x114bb},
{0x114b9,0x114bd,0x114be},
{0x115b8,0x115af,0x115ba},
{0x115b9,0x115af,0x115bb},
{0x11935,0x11930,0x11938},
};
static const struct prep_range { uint32_t first,last; uint8_t flags; } prep_ranges[]={
{0x41,0x5a,8},
{0x61,0x7a,8},
{0x80,0xa0,2},
{0xaa,0xaa,8},
{0xb5,0xb5,8},
{0xba,0xba,8},
{0xc0,0xd6,8},
{0xd8,0xf6,8},
{0xf8,0x220,8},
{0x221,0x221,1},
{0x222,0x233,8},
{0x234,0x24f,1},
{0x250,0x2ad,8},
{0x2ae,0x2af,1},
{0x2b0,0x2b8,8},
{0x2bb,0x2c1,8},
{0x2d0,0x2d1,8},
{0x2e0,0x2e4,8},
{0x2ee,0x2ee,8},
{0x2ef,0x2ff,1},
{0x340,0x341,2},
{0x350,0x35f,1},
{0x370,0x373,1},
{0x376,0x379,1},
{0x37a,0x37a,8},
{0x37b,0x37d,1},
{0x37f,0x383,1},
{0x386,0x386,8},
{0x388,0x38a,8},
{0x38b,0x38b,1},
{0x38c,0x38c,8},
{0x38d,0x38d,1},
{0x38e,0x3a1,8},
{0x3a2,0x3a2,1},
{0x3a3,0x3ce,8},
{0x3cf,0x3cf,1},
{0x3d0,0x3f5,8},
{0x3f7,0x3ff,1},
{0x400,0x482,8},
{0x487,0x487,1},
{0x48a,0x4ce,8},
{0x4cf,0x4cf,1},
{0x4d0,0x4f5,8},
{0x4f6,0x4f7,1},
{0x4f8,0x4f9,8},
{0x4fa,0x4ff,1},
{0x500,0x50f,8},
{0x510,0x530,1},
{0x531,0x556,8},
{0x557,0x558,1},
{0x559,0x55f,8},
{0x560,0x560,1},
{0x561,0x587,8},
{0x588,0x588,1},
{0x589,0x589,8},
{0x58b,0x590,1},
{0x5a2,0x5a2,1},
{0x5ba,0x5ba,1},
{0x5be,0x5be,4},
{0x5c0,0x5c0,4},
{0x5c3,0x5c3,4},
{0x5c5,0x5cf,1},
{0x5d0,0x5ea,4},
{0x5eb,0x5ef,1},
{0x5f0,0x5f4,4},
{0x5f5,0x60b,1},
{0x60d,0x61a,1},
{0x61b,0x61b,4},
{0x61c,0x61e,1},
{0x61f,0x61f,4},
{0x620,0x620,1},
{0x621,0x63a,4},
{0x63b,0x63f,1},
{0x640,0x64a,4},
{0x656,0x65f,1},
{0x66d,0x66f,4},
{0x671,0x6d5,4},
{0x6dd,0x6dd,6},
{0x6e5,0x6e6,4},
{0x6ee,0x6ef,1},
{0x6fa,0x6fe,4},
{0x6ff,0x6ff,1},
{0x700,0x70d,4},
{0x70e,0x70e,1},
{0x70f,0x70f,2},
{0x710,0x710,4},
{0x712,0x72c,4},
{0x72d,0x72f,1},
{0x74b,0x77f,1},
{0x780,0x7a5,4},
{0x7b1,0x7b1,4},
{0x7b2,0x900,1},
{0x903,0x903,8},
{0x904,0x904,1},
{0x905,0x939,8},
{0x93a,0x93b,1},
{0x93d,0x940,8},
{0x949,0x94c,8},
{0x94e,0x94f,1},
{0x950,0x950,8},
{0x955,0x957,1},
{0x958,0x961,8},
{0x964,0x970,8},
{0x971,0x980,1},
{0x982,0x983,8},
{0x984,0x984,1},
{0x985,0x98c,8},
{0x98d,0x98e,1},
{0x98f,0x990,8},
{0x991,0x992,1},
{0x993,0x9a8,8},
{0x9a9,0x9a9,1},
{0x9aa,0x9b0,8},
{0x9b1,0x9b1,1},
{0x9b2,0x9b2,8},
{0x9b3,0x9b5,1},
{0x9b6,0x9b9,8},
{0x9ba,0x9bb,1},
{0x9bd,0x9bd,1},
{0x9be,0x9c0,8},
{0x9c5,0x9c6,1},
{0x9c7,0x9c8,8},
{0x9c9,0x9ca,1},
{0x9cb,0x9cc,8},
{0x9ce,0x9d6,1},
{0x9d7,0x9d7,8},
{0x9d8,0x9db,1},
{0x9dc,0x9dd,8},
{0x9de,0x9de,1},
{0x9df,0x9e1,8},
{0x9e4,0x9e5,1},
{0x9e6,0x9f1,8},
{0x9f4,0x9fa,8},
{0x9fb,0xa01,1},
{0xa03,0xa04,1},
{0xa05,0xa0a,8},
{0xa0b,0xa0e,1},
{0xa0f,0xa10,8},
{0xa11,0xa12,1},
{0xa13,0xa28,8},
{0xa29,0xa29,1},
{0xa2a,0xa30,8},
{0xa31,0xa31,1},
{0xa32,0xa33,8},
{0xa34,0xa34,1},
{0xa35,0xa36,8},
{0xa37,0xa37,1},
{0xa38,0xa39,8},
{0xa3a,0xa3b,1},
{0xa3d,0xa3d,1},
{0xa3e,0xa40,8},
{0xa43,0xa46,1},
{0xa49,0xa4a,1},
{0xa4e,0xa58,1},
{0xa59,0xa5c,8},
{0xa5d,0xa5d,1},
{0xa5e,0xa5e,8},
{0xa5f,0xa65,1},
{0xa66,0xa6f,8},
{0xa72,0xa74,8},
{0xa75,0xa80,1},
{0xa83,0xa83,8},
{0xa84,0xa84,1},
{0xa85,0xa8b,8},
{0xa8c,0xa8c,1},
{0xa8d,0xa8d,8},
{0xa8e,0xa8e,1},
{0xa8f,0xa91,8},
{0xa92,0xa92,1},
{0xa93,0xaa8,8},
{0xaa9,0xaa9,1},
{0xaaa,0xab0,8},
{0xab1,0xab1,1},
{0xab2,0xab3,8},
{0xab4,0xab4,1},
{0xab5,0xab9,8},
{0xaba,0xabb,1},
{0xabd,0xac0,8},
{0xac6,0xac6,1},
{0xac9,0xac9,8},
{0xaca,0xaca,1},
{0xacb,0xacc,8},
{0xace,0xacf,1},
{0xad0,0xad0,8},
{0xad1,0xadf,1},
{0xae0,0xae0,8},
{0xae1,0xae5,1},
{0xae6,0xaef,8},
{0xaf0,0xb00,1},
{0xb02,0xb03,8},
{0xb04,0xb04,1},
{0xb05,0xb0c,8},
{0xb0d,0xb0e,1},
{0xb0f,0xb10,8},
{0xb11,0xb12,1},
{0xb13,0xb28,8},
{0xb29,0xb29,1},
{0xb2a,0xb30,8},
{0xb31,0xb31,1},
{0xb32,0xb33,8},
{0xb34,0xb35,1},
{0xb36,0xb39,8},
{0xb3a,0xb3b,1},
{0xb3d,0xb3e,8},
{0xb40,0xb40,8},
{0xb44,0xb46,1},
{0xb47,0xb48,8},
{0xb49,0xb4a,1},
{0xb4b,0xb4c,8},
{0xb4e,0xb55,1},
{0xb57,0xb57,8},
{0xb58,0xb5b,1},
{0xb5c,0xb5d,8},
{0xb5e,0xb5e,1},
{0xb5f,0xb61,8},
{0xb62,0xb65,1},
{0xb66,0xb70,8},
{0xb71,0xb81,1},
{0xb83,0xb83,8},
{0xb84,0xb84,1},
{0xb85,0xb8a,8},
{0xb8b,0xb8d,1},
{0xb8e,0xb90,8},
{0xb91,0xb91,1},
{0xb92,0xb95,8},
{0xb96,0xb98,1},
{0xb99,0xb9a,8},
{0xb9b,0xb9b,1},
{0xb9c,0xb9c,8},
{0xb9d,0xb9d,1},
{0xb9e,0xb9f,8},
{0xba0,0xba2,1},
{0xba3,0xba4,8},
{0xba5,0xba7,1},
{0xba8,0xbaa,8},
{0xbab,0xbad,1},
{0xbae,0xbb5,8},
{0xbb6,0xbb6,1},
{0xbb7,0xbb9,8},
{0xbba,0xbbd,1},
{0xbbe,0xbbf,8},
{0xbc1,0xbc2,8},
{0xbc3,0xbc5,1},
{0xbc6,0xbc8,8},
{0xbc9,0xbc9,1},
{0xbca,0xbcc,8},
{0xbce,0xbd6,1},
{0xbd7,0xbd7,8},
{0xbd8,0xbe6,1},
{0xbe7,0xbf2,8},
{0xbf3,0xc00,1},
{0xc01,0xc03,8},
{0xc04,0xc04,1},
{0xc05,0xc0c,8},
{0xc0d,0xc0d,1},
{0xc0e,0xc10,8},
{0xc11,0xc11,1},
{0xc12,0xc28,8},
{0xc29,0xc29,1},
{0xc2a,0xc33,8},
{0xc34,0xc34,1},
{0xc35,0xc39,8},
{0xc3a,0xc3d,1},
{0xc41,0xc44,8},
{0xc45,0xc45,1},
{0xc49,0xc49,1},
{0xc4e,0xc54,1},
{0xc57,0xc5f,1},
{0xc60,0xc61,8},
{0xc62,0xc65,1},
{0xc66,0xc6f,8},
{0xc70,0xc81,1},
{0xc82,0xc83,8},
{0xc84,0xc84,1},
{0xc85,0xc8c,8},
{0xc8d,0xc8d,1},
{0xc8e,0xc90,8},
{0xc91,0xc91,1},
{0xc92,0xca8,8},
{0xca9,0xca9,1},
{0xcaa,0xcb3,8},
{0xcb4,0xcb4,1},
{0xcb5,0xcb9,8},
{0xcba,0xcbd,1},
{0xcbe,0xcbe,8},
{0xcc0,0xcc4,8},
{0xcc5,0xcc5,1},
{0xcc7,0xcc8,8},
{0xcc9,0xcc9,1},
{0xcca,0xccb,8},
{0xcce,0xcd4,1},
{0xcd5,0xcd6,8},
{0xcd7,0xcdd,1},
{0xcde,0xcde,8},
{0xcdf,0xcdf,1},
{0xce0,0xce1,8},
{0xce2,0xce5,1},
{0xce6,0xcef,8},
{0xcf0,0xd01,1},
{0xd02,0xd03,8},
{0xd04,0xd04,1},
{0xd05,0xd0c,8},
{0xd0d,0xd0d,1},
{0xd0e,0xd10,8},
{0xd11,0xd11,1},
{0xd12,0xd28,8},
{0xd29,0xd29,1},
{0xd2a,0xd39,8},
{0xd3a,0xd3d,1},
{0xd3e,0xd40,8},
{0xd44,0xd45,1},
{0xd46,0xd48,8},
{0xd49,0xd49,1},
{0xd4a,0xd4c,8},
{0xd4e,0xd56,1},
{0xd57,0xd57,8},
{0xd58,0xd5f,1},
{0xd60,0xd61,8},
{0xd62,0xd65,1},
{0xd66,0xd6f,8},
{0xd70,0xd81,1},
{0xd82,0xd83,8},
{0xd84,0xd84,1},
{0xd85,0xd96,8},
{0xd97,0xd99,1},
{0xd9a,0xdb1,8},
{0xdb2,0xdb2,1},
{0xdb3,0xdbb,8},
{0xdbc,0xdbc,1},
{0xdbd,0xdbd,8},
{0xdbe,0xdbf,1},
{0xdc0,0xdc6,8},
{0xdc7,0xdc9,1},
{0xdcb,0xdce,1},
{0xdcf,0xdd1,8},
{0xdd5,0xdd5,1},
{0xdd7,0xdd7,1},
{0xdd8,0xddf,8},
{0xde0,0xdf1,1},
{0xdf2,0xdf4,8},
{0xdf5,0xe00,1},
{0xe01,0xe30,8},
{0xe32,0xe33,8},
{0xe3b,0xe3e,1},
{0xe40,0xe46,8},
{0xe4f,0xe5b,8},
{0xe5c,0xe80,1},
{0xe81,0xe82,8},
{0xe83,0xe83,1},
{0xe84,0xe84,8},
{0xe85,0xe86,1},
{0xe87,0xe88,8},
{0xe89,0xe89,1},
{0xe8a,0xe8a,8},
{0xe8b,0xe8c,1},
{0xe8d,0xe8d,8},
{0xe8e,0xe93,1},
{0xe94,0xe97,8},
{0xe98,0xe98,1},
{0xe99,0xe9f,8},
{0xea0,0xea0,1},
{0xea1,0xea3,8},
{0xea4,0xea4,1},
{0xea5,0xea5,8},
{0xea6,0xea6,1},
{0xea7,0xea7,8},
{0xea8,0xea9,1},
{0xeaa,0xeab,8},
{0xeac,0xeac,1},
{0xead,0xeb0,8},
{0xeb2,0xeb3,8},
{0xeba,0xeba,1},
{0xebd,0xebd,8},
{0xebe,0xebf,1},
{0xec0,0xec4,8},
{0xec5,0xec5,1},
{0xec6,0xec6,8},
{0xec7,0xec7,1},
{0xece,0xecf,1},
{0xed0,0xed9,8},
{0xeda,0xedb,1},
{0xedc,0xedd,8},
{0xede,0xeff,1},
{0xf00,0xf17,8},
{0xf1a,0xf34,8},
{0xf36,0xf36,8},
{0xf38,0xf38,8},
{0xf3e,0xf47,8},
{0xf48,0xf48,1},
{0xf49,0xf6a,8},
{0xf6b,0xf70,1},
{0xf7f,0xf7f,8},
{0xf85,0xf85,8},
{0xf88,0xf8b,8},
{0xf8c,0xf8f,1},
{0xf98,0xf98,1},
{0xfbd,0xfbd,1},
{0xfbe,0xfc5,8},
{0xfc7,0xfcc,8},
{0xfcd,0xfce,1},
{0xfcf,0xfcf,8},
{0xfd0,0xfff,1},
{0x1000,0x1021,8},
{0x1022,0x1022,1},
{0x1023,0x1027,8},
{0x1028,0x1028,1},
{0x1029,0x102a,8},
{0x102b,0x102b,1},
{0x102c,0x102c,8},
{0x1031,0x1031,8},
{0x1033,0x1035,1},
{0x1038,0x1038,8},
{0x103a,0x103f,1},
{0x1040,0x1057,8},
{0x105a,0x109f,1},
{0x10a0,0x10c5,8},
{0x10c6,0x10cf,1},
{0x10d0,0x10f8,8},
{0x10f9,0x10fa,1},
{0x10fb,0x10fb,8},
{0x10fc,0x10ff,1},
{0x1100,0x1159,8},
{0x115a,0x115e,1},
{0x115f,0x11a2,8},
{0x11a3,0x11a7,1},
{0x11a8,0x11f9,8},
{0x11fa,0x11ff,1},
{0x1200,0x1206,8},
{0x1207,0x1207,1},
{0x1208,0x1246,8},
{0x1247,0x1247,1},
{0x1248,0x1248,8},
{0x1249,0x1249,1},
{0x124a,0x124d,8},
{0x124e,0x124f,1},
{0x1250,0x1256,8},
{0x1257,0x1257,1},
{0x1258,0x1258,8},
{0x1259,0x1259,1},
{0x125a,0x125d,8},
{0x125e,0x125f,1},
{0x1260,0x1286,8},
{0x1287,0x1287,1},
{0x1288,0x1288,8},
{0x1289,0x1289,1},
{0x128a,0x128d,8},
{0x128e,0x128f,1},
{0x1290,0x12ae,8},
{0x12af,0x12af,1},
{0x12b0,0x12b0,8},
{0x12b1,0x12b1,1},
{0x12b2,0x12b5,8},
{0x12b6,0x12b7,1},
{0x12b8,0x12be,8},
{0x12bf,0x12bf,1},
{0x12c0,0x12c0,8},
{0x12c1,0x12c1,1},
{0x12c2,0x12c5,8},
{0x12c6,0x12c7,1},
{0x12c8,0x12ce,8},
{0x12cf,0x12cf,1},
{0x12d0,0x12d6,8},
{0x12d7,0x12d7,1},
{0x12d8,0x12ee,8},
{0x12ef,0x12ef,1},
{0x12f0,0x130e,8},
{0x130f,0x130f,1},
{0x1310,0x1310,8},
{0x1311,0x1311,1},
{0x1312,0x1315,8},
{0x1316,0x1317,1},
{0x1318,0x131e,8},
{0x131f,0x131f,1},
{0x1320,0x1346,8},
{0x1347,0x1347,1},
{0x1348,0x135a,8},
{0x135b,0x1360,1},
{0x1361,0x137c,8},
{0x137d,0x139f,1},
{0x13a0,0x13f4,8},
{0x13f5,0x1400,1},
{0x1401,0x1676,8},
{0x1677,0x167f,1},
{0x1680,0x1680,2},
{0x1681,0x169a,8},
{0x169d,0x169f,1},
{0x16a0,0x16f0,8},
{0x16f1,0x16ff,1},
{0x1700,0x170c,8},
{0x170d,0x170d,1},
{0x170e,0x1711,8},
{0x1715,0x171f,1},
{0x1720,0x1731,8},
{0x1735,0x1736,8},
{0x1737,0x173f,1},
{0x1740,0x1751,8},
{0x1754,0x175f,1},
{0x1760,0x176c,8},
{0x176d,0x176d,1},
{0x176e,0x1770,8},
{0x1771,0x1771,1},
{0x1774,0x177f,1},
{0x1780,0x17b6,8},
{0x17be,0x17c5,8},
{0x17c7,0x17c8,8},
{0x17d4,0x17da,8},
{0x17dc,0x17dc,8},
{0x17dd,0x17df,1},
{0x17e0,0x17e9,8},
{0x17ea,0x17ff,1},
{0x180e,0x180e,2},
{0x180f,0x180f,1},
{0x1810,0x1819,8},
{0x181a,0x181f,1},
{0x1820,0x1877,8},
{0x1878,0x187f,1},
{0x1880,0x18a8,8},
{0x18aa,0x1dff,1},
{0x1e00,0x1e9b,8},
{0x1e9c,0x1e9f,1},
{0x1ea0,0x1ef9,8},
{0x1efa,0x1eff,1},
{0x1f00,0x1f15,8},
{0x1f16,0x1f17,1},
{0x1f18,0x1f1d,8},
{0x1f1e,0x1f1f,1},
{0x1f20,0x1f45,8},
{0x1f46,0x1f47,1},
{0x1f48,0x1f4d,8},
{0x1f4e,0x1f4f,1},
{0x1f50,0x1f57,8},
{0x1f58,0x1f58,1},
{0x1f59,0x1f59,8},
{0x1f5a,0x1f5a,1},
{0x1f5b,0x1f5b,8},
{0x1f5c,0x1f5c,1},
{0x1f5d,0x1f5d,8},
{0x1f5e,0x1f5e,1},
{0x1f5f,0x1f7d,8},
{0x1f7e,0x1f7f,1},
{0x1f80,0x1fb4,8},
{0x1fb5,0x1fb5,1},
{0x1fb6,0x1fbc,8},
{0x1fbe,0x1fbe,8},
{0x1fc2,0x1fc4,8},
{0x1fc5,0x1fc5,1},
{0x1fc6,0x1fcc,8},
{0x1fd0,0x1fd3,8},
{0x1fd4,0x1fd5,1},
{0x1fd6,0x1fdb,8},
{0x1fdc,0x1fdc,1},
{0x1fe0,0x1fec,8},
{0x1ff0,0x1ff1,1},
{0x1ff2,0x1ff4,8},
{0x1ff5,0x1ff5,1},
{0x1ff6,0x1ffc,8},
{0x1fff,0x1fff,1},
{0x2000,0x200d,2},
{0x200e,0x200e,10},
{0x200f,0x200f,6},
{0x2028,0x202f,2},
{0x2053,0x2056,1},
{0x2058,0x205e,1},
{0x205f,0x2063,2},
{0x2064,0x2069,1},
{0x206a,0x206f,2},
{0x2071,0x2071,8},
{0x2072,0x2073,1},
{0x207f,0x207f,8},
{0x208f,0x209f,1},
{0x20b2,0x20cf,1},
{0x20eb,0x20ff,1},
{0x2102,0x2102,8},
{0x2107,0x2107,8},
{0x210a,0x2113,8},
{0x2115,0x2115,8},
{0x2119,0x211d,8},
{0x2124,0x2124,8},
{0x2126,0x2126,8},
{0x2128,0x2128,8},
{0x212a,0x212d,8},
{0x212f,0x2131,8},
{0x2133,0x2139,8},
{0x213b,0x213c,1},
{0x213d,0x213f,8},
{0x2145,0x2149,8},
{0x214c,0x2152,1},
{0x2160,0x2183,8},
{0x2184,0x218f,1},
{0x2336,0x237a,8},
{0x2395,0x2395,8},
{0x23cf,0x23ff,1},
{0x2427,0x243f,1},
{0x244b,0x245f,1},
{0x249c,0x24e9,8},
{0x24ff,0x24ff,1},
{0x2614,0x2615,1},
{0x2618,0x2618,1},
{0x267e,0x267f,1},
{0x268a,0x2700,1},
{0x2705,0x2705,1},
{0x270a,0x270b,1},
{0x2728,0x2728,1},
{0x274c,0x274c,1},
{0x274e,0x274e,1},
{0x2753,0x2755,1},
{0x2757,0x2757,1},
{0x275f,0x2760,1},
{0x2795,0x2797,1},
{0x27b0,0x27b0,1},
{0x27bf,0x27cf,1},
{0x27ec,0x27ef,1},
{0x2b00,0x2e7f,1},
{0x2e9a,0x2e9a,1},
{0x2ef4,0x2eff,1},
{0x2fd6,0x2fef,1},
{0x2ff0,0x2ffb,2},
{0x2ffc,0x2fff,1},
{0x3000,0x3000,2},
{0x3005,0x3007,8},
{0x3021,0x3029,8},
{0x3031,0x3035,8},
{0x3038,0x303c,8},
{0x3040,0x3040,1},
{0x3041,0x3096,8},
{0x3097,0x3098,1},
{0x309d,0x309f,8},
{0x30a1,0x30fa,8},
{0x30fc,0x30ff,8},
{0x3100,0x3104,1},
{0x3105,0x312c,8},
{0x312d,0x3130,1},
{0x3131,0x318e,8},
{0x318f,0x318f,1},
{0x3190,0x31b7,8},
{0x31b8,0x31ef,1},
{0x31f0,0x321c,8},
{0x321d,0x321f,1},
{0x3220,0x3243,8},
{0x3244,0x3250,1},
{0x3260,0x327b,8},
{0x327c,0x327e,1},
{0x327f,0x32b0,8},
{0x32c0,0x32cb,8},
{0x32cc,0x32cf,1},
{0x32d0,0x32fe,8},
{0x32ff,0x32ff,1},
{0x3300,0x3376,8},
{0x3377,0x337a,1},
{0x337b,0x33dd,8},
{0x33de,0x33df,1},
{0x33e0,0x33fe,8},
{0x33ff,0x33ff,1},
{0x3400,0x4db5,8},
{0x4db6,0x4dff,1},
{0x4e00,0x9fa5,8},
{0x9fa6,0x9fff,1},
{0xa000,0xa48c,8},
{0xa48d,0xa48f,1},
{0xa4c7,0xabff,1},
{0xac00,0xd7a3,8},
{0xd7a4,0xd7ff,1},
{0xd800,0xf8ff,10},
{0xf900,0xfa2d,8},
{0xfa2e,0xfa2f,1},
{0xfa30,0xfa6a,8},
{0xfa6b,0xfaff,1},
{0xfb00,0xfb06,8},
{0xfb07,0xfb12,1},
{0xfb13,0xfb17,8},
{0xfb18,0xfb1c,1},
{0xfb1d,0xfb1d,4},
{0xfb1f,0xfb28,4},
{0xfb2a,0xfb36,4},
{0xfb37,0xfb37,1},
{0xfb38,0xfb3c,4},
{0xfb3d,0xfb3d,1},
{0xfb3e,0xfb3e,4},
{0xfb3f,0xfb3f,1},
{0xfb40,0xfb41,4},
{0xfb42,0xfb42,1},
{0xfb43,0xfb44,4},
{0xfb45,0xfb45,1},
{0xfb46,0xfbb1,4},
{0xfbb2,0xfbd2,1},
{0xfbd3,0xfd3d,4},
{0xfd40,0xfd4f,1},
{0xfd50,0xfd8f,4},
{0xfd90,0xfd91,1},
{0xfd92,0xfdc7,4},
{0xfdc8,0xfdcf,1},
{0xfdd0,0xfdef,2},
{0xfdf0,0xfdfc,4},
{0xfdfd,0xfdff,1},
{0xfe10,0xfe1f,1},
{0xfe24,0xfe2f,1},
{0xfe47,0xfe48,1},
{0xfe53,0xfe53,1},
{0xfe67,0xfe67,1},
{0xfe6c,0xfe6f,1},
{0xfe70,0xfe74,4},
{0xfe75,0xfe75,1},
{0xfe76,0xfefc,4},
{0xfefd,0xfefe,1},
{0xfeff,0xfeff,2},
{0xff00,0xff00,1},
{0xff21,0xff3a,8},
{0xff41,0xff5a,8},
{0xff66,0xffbe,8},
{0xffbf,0xffc1,1},
{0xffc2,0xffc7,8},
{0xffc8,0xffc9,1},
{0xffca,0xffcf,8},
{0xffd0,0xffd1,1},
{0xffd2,0xffd7,8},
{0xffd8,0xffd9,1},
{0xffda,0xffdc,8},
{0xffdd,0xffdf,1},
{0xffe7,0xffe7,1},
{0xffef,0xfff8,1},
{0xfff9,0xffff,2},
{0x10000,0x102ff,1},
{0x10300,0x1031e,8},
{0x1031f,0x1031f,1},
{0x10320,0x10323,8},
{0x10324,0x1032f,1},
{0x10330,0x1034a,8},
{0x1034b,0x103ff,1},
{0x10400,0x10425,8},
{0x10426,0x10427,1},
{0x10428,0x1044d,8},
{0x1044e,0x1cfff,1},
{0x1d000,0x1d0f5,8},
{0x1d0f6,0x1d0ff,1},
{0x1d100,0x1d126,8},
{0x1d127,0x1d129,1},
{0x1d12a,0x1d166,8},
{0x1d16a,0x1d172,8},
{0x1d173,0x1d17a,2},
{0x1d183,0x1d184,8},
{0x1d18c,0x1d1a9,8},
{0x1d1ae,0x1d1dd,8},
{0x1d1de,0x1d3ff,1},
{0x1d400,0x1d454,8},
{0x1d455,0x1d455,1},
{0x1d456,0x1d49c,8},
{0x1d49d,0x1d49d,1},
{0x1d49e,0x1d49f,8},
{0x1d4a0,0x1d4a1,1},
{0x1d4a2,0x1d4a2,8},
{0x1d4a3,0x1d4a4,1},
{0x1d4a5,0x1d4a6,8},
{0x1d4a7,0x1d4a8,1},
{0x1d4a9,0x1d4ac,8},
{0x1d4ad,0x1d4ad,1},
{0x1d4ae,0x1d4b9,8},
{0x1d4ba,0x1d4ba,1},
{0x1d4bb,0x1d4bb,8},
{0x1d4bc,0x1d4bc,1},
{0x1d4bd,0x1d4c0,8},
{0x1d4c1,0x1d4c1,1},
{0x1d4c2,0x1d4c3,8},
{0x1d4c4,0x1d4c4,1},
{0x1d4c5,0x1d505,8},
{0x1d506,0x1d506,1},
{0x1d507,0x1d50a,8},
{0x1d50b,0x1d50c,1},
{0x1d50d,0x1d514,8},
{0x1d515,0x1d515,1},
{0x1d516,0x1d51c,8},
{0x1d51d,0x1d51d,1},
{0x1d51e,0x1d539,8},
{0x1d53a,0x1d53a,1},
{0x1d53b,0x1d53e,8},
{0x1d53f,0x1d53f,1},
{0x1d540,0x1d544,8},
{0x1d545,0x1d545,1},
{0x1d546,0x1d546,8},
{0x1d547,0x1d549,1},
{0x1d54a,0x1d550,8},
{0x1d551,0x1d551,1},
{0x1d552,0x1d6a3,8},
{0x1d6a4,0x1d6a7,1},
{0x1d6a8,0x1d7c9,8},
{0x1d7ca,0x1d7cd,1},
{0x1d800,0x1fffd,1},
{0x1fffe,0x1ffff,2},
{0x20000,0x2a6d6,8},
{0x2a6d7,0x2f7ff,1},
{0x2f800,0x2fa1d,8},
{0x2fa1e,0x2fffd,1},
{0x2fffe,0x2ffff,2},
{0x30000,0x3fffd,1},
{0x3fffe,0x3ffff,2},
{0x40000,0x4fffd,1},
{0x4fffe,0x4ffff,2},
{0x50000,0x5fffd,1},
{0x5fffe,0x5ffff,2},
{0x60000,0x6fffd,1},
{0x6fffe,0x6ffff,2},
{0x70000,0x7fffd,1},
{0x7fffe,0x7ffff,2},
{0x80000,0x8fffd,1},
{0x8fffe,0x8ffff,2},
{0x90000,0x9fffd,1},
{0x9fffe,0x9ffff,2},
{0xa0000,0xafffd,1},
{0xafffe,0xaffff,2},
{0xb0000,0xbfffd,1},
{0xbfffe,0xbffff,2},
{0xc0000,0xcfffd,1},
{0xcfffe,0xcffff,2},
{0xd0000,0xdfffd,1},
{0xdfffe,0xdffff,2},
{0xe0000,0xe0000,1},
{0xe0001,0xe0001,2},
{0xe0002,0xe001f,1},
{0xe0020,0xe007f,2},
{0xe0080,0xefffd,1},
{0xefffe,0xeffff,2},
{0xf0000,0xffffd,10},
{0xffffe,0xfffff,2},
{0x100000,0x10fffd,10},
{0x10fffe,0x10ffff,2},
};
static const uint32_t prep_data[]={0x61,0x62,0x63,0x64,0x65,0x66,0x67,0x68,0x69,0x6a,0x6b,0x6c,0x6d,0x6e,0x6f,0x70,0x71,0x72,0x73,0x74,0x75,0x76,0x77,0x78,0x79,0x7a,0x3bc,0xe0,0xe1,0xe2,0xe3,0xe4,0xe5,0xe6,0xe7,0xe8,0xe9,0xea,0xeb,0xec,0xed,0xee,0xef,0xf0,0xf1,0xf2,0xf3,0xf4,0xf5,0xf6,0xf8,0xf9,0xfa,0xfb,0xfc,0xfd,0xfe,0x73,0x73,0x101,0x103,0x105,0x107,0x109,0x10b,0x10d,0x10f,0x111,0x113,0x115,0x117,0x119,0x11b,0x11d,0x11f,0x121,0x123,0x125,0x127,0x129,0x12b,0x12d,0x12f,0x69,0x307,0x133,0x135,0x137,0x13a,0x13c,0x13e,0x140,0x142,0x144,0x146,0x148,0x2bc,0x6e,0x14b,0x14d,0x14f,0x151,0x153,0x155,0x157,0x159,0x15b,0x15d,0x15f,0x161,0x163,0x165,0x167,0x169,0x16b,0x16d,0x16f,0x171,0x173,0x175,0x177,0xff,0x17a,0x17c,0x17e,0x73,0x253,0x183,0x185,0x254,0x188,0x256,0x257,0x18c,0x1dd,0x259,0x25b,0x192,0x260,0x263,0x269,0x268,0x199,0x26f,0x272,0x275,0x1a1,0x1a3,0x1a5,0x280,0x1a8,0x283,0x1ad,0x288,0x1b0,0x28a,0x28b,0x1b4,0x1b6,0x292,0x1b9,0x1bd,0x1c6,0x1c6,0x1c9,0x1c9,0x1cc,0x1cc,0x1ce,0x1d0,0x1d2,0x1d4,0x1d6,0x1d8,0x1da,0x1dc,0x1df,0x1e1,0x1e3,0x1e5,0x1e7,0x1e9,0x1eb,0x1ed,0x1ef,0x6a,0x30c,0x1f3,0x1f3,0x1f5,0x195,0x1bf,0x1f9,0x1fb,0x1fd,0x1ff,0x201,0x203,0x205,0x207,0x209,0x20b,0x20d,0x20f,0x211,0x213,0x215,0x217,0x219,0x21b,0x21d,0x21f,0x19e,0x223,0x225,0x227,0x229,0x22b,0x22d,0x22f,0x231,0x233,0x3b9,0x20,0x3b9,0x3ac,0x3ad,0x3ae,0x3af,0x3cc,0x3cd,0x3ce,0x3b9,0x308,0x301,0x3b1,0x3b2,0x3b3,0x3b4,0x3b5,0x3b6,0x3b7,0x3b8,0x3b9,0x3ba,0x3bb,0x3bc,0x3bd,0x3be,0x3bf,0x3c0,0x3c1,0x3c3,0x3c4,0x3c5,0x3c6,0x3c7,0x3c8,0x3c9,0x3ca,0x3cb,0x3c5,0x308,0x301,0x3c3,0x3b2,0x3b8,0x3c5,0x3cd,0x3cb,0x3c6,0x3c0,0x3d9,0x3db,0x3dd,0x3df,0x3e1,0x3e3,0x3e5,0x3e7,0x3e9,0x3eb,0x3ed,0x3ef,0x3ba,0x3c1,0x3c3,0x3b8,0x3b5,0x450,0x451,0x452,0x453,0x454,0x455,0x456,0x457,0x458,0x459,0x45a,0x45b,0x45c,0x45d,0x45e,0x45f,0x430,0x431,0x432,0x433,0x434,0x435,0x436,0x437,0x438,0x439,0x43a,0x43b,0x43c,0x43d,0x43e,0x43f,0x440,0x441,0x442,0x443,0x444,0x445,0x446,0x447,0x448,0x449,0x44a,0x44b,0x44c,0x44d,0x44e,0x44f,0x461,0x463,0x465,0x467,0x469,0x46b,0x46d,0x46f,0x471,0x473,0x475,0x477,0x479,0x47b,0x47d,0x47f,0x481,0x48b,0x48d,0x48f,0x491,0x493,0x495,0x497,0x499,0x49b,0x49d,0x49f,0x4a1,0x4a3,0x4a5,0x4a7,0x4a9,0x4ab,0x4ad,0x4af,0x4b1,0x4b3,0x4b5,0x4b7,0x4b9,0x4bb,0x4bd,0x4bf,0x4cf,0x4c2,0x4c4,0x4c6,0x4c8,0x4ca,0x4cc,0x4ce,0x4d1,0x4d3,0x4d5,0x4d7,0x4d9,0x4db,0x4dd,0x4df,0x4e1,0x4e3,0x4e5,0x4e7,0x4e9,0x4eb,0x4ed,0x4ef,0x4f1,0x4f3,0x4f5,0x4f9,0x501,0x503,0x505,0x507,0x509,0x50b,0x50d,0x50f,0x561,0x562,0x563,0x564,0x565,0x566,0x567,0x568,0x569,0x56a,0x56b,0x56c,0x56d,0x56e,0x56f,0x570,0x571,0x572,0x573,0x574,0x575,0x576,0x577,0x578,0x579,0x57a,0x57b,0x57c,0x57d,0x57e,0x57f,0x580,0x581,0x582,0x583,0x584,0x585,0x586,0x565,0x582,0x2d00,0x2d01,0x2d02,0x2d03,0x2d04,0x2d05,0x2d06,0x2d07,0x2d08,0x2d09,0x2d0a,0x2d0b,0x2d0c,0x2d0d,0x2d0e,0x2d0f,0x2d10,0x2d11,0x2d12,0x2d13,0x2d14,0x2d15,0x2d16,0x2d17,0x2d18,0x2d19,0x2d1a,0x2d1b,0x2d1c,0x2d1d,0x2d1e,0x2d1f,0x2d20,0x2d21,0x2d22,0x2d23,0x2d24,0x2d25,0xab70,0xab71,0xab72,0xab73,0xab74,0xab75,0xab76,0xab77,0xab78,0xab79,0xab7a,0xab7b,0xab7c,0xab7d,0xab7e,0xab7f,0xab80,0xab81,0xab82,0xab83,0xab84,0xab85,0xab86,0xab87,0xab88,0xab89,0xab8a,0xab8b,0xab8c,0xab8d,0xab8e,0xab8f,0xab90,0xab91,0xab92,0xab93,0xab94,0xab95,0xab96,0xab97,0xab98,0xab99,0xab9a,0xab9b,0xab9c,0xab9d,0xab9e,0xab9f,0xaba0,0xaba1,0xaba2,0xaba3,0xaba4,0xaba5,0xaba6,0xaba7,0xaba8,0xaba9,0xabaa,0xabab,0xabac,0xabad,0xabae,0xabaf,0xabb0,0xabb1,0xabb2,0xabb3,0xabb4,0xabb5,0xabb6,0xabb7,0xabb8,0xabb9,0xabba,0xabbb,0xabbc,0xabbd,0xabbe,0xabbf,0x13f8,0x13f9,0x13fa,0x13fb,0x13fc,0x1e01,0x1e03,0x1e05,0x1e07,0x1e09,0x1e0b,0x1e0d,0x1e0f,0x1e11,0x1e13,0x1e15,0x1e17,0x1e19,0x1e1b,0x1e1d,0x1e1f,0x1e21,0x1e23,0x1e25,0x1e27,0x1e29,0x1e2b,0x1e2d,0x1e2f,0x1e31,0x1e33,0x1e35,0x1e37,0x1e39,0x1e3b,0x1e3d,0x1e3f,0x1e41,0x1e43,0x1e45,0x1e47,0x1e49,0x1e4b,0x1e4d,0x1e4f,0x1e51,0x1e53,0x1e55,0x1e57,0x1e59,0x1e5b,0x1e5d,0x1e5f,0x1e61,0x1e63,0x1e65,0x1e67,0x1e69,0x1e6b,0x1e6d,0x1e6f,0x1e71,0x1e73,0x1e75,0x1e77,0x1e79,0x1e7b,0x1e7d,0x1e7f,0x1e81,0x1e83,0x1e85,0x1e87,0x1e89,0x1e8b,0x1e8d,0x1e8f,0x1e91,0x1e93,0x1e95,0x68,0x331,0x74,0x308,0x77,0x30a,0x79,0x30a,0x61,0x2be,0x1e61,0x1ea1,0x1ea3,0x1ea5,0x1ea7,0x1ea9,0x1eab,0x1ead,0x1eaf,0x1eb1,0x1eb3,0x1eb5,0x1eb7,0x1eb9,0x1ebb,0x1ebd,0x1ebf,0x1ec1,0x1ec3,0x1ec5,0x1ec7,0x1ec9,0x1ecb,0x1ecd,0x1ecf,0x1ed1,0x1ed3,0x1ed5,0x1ed7,0x1ed9,0x1edb,0x1edd,0x1edf,0x1ee1,0x1ee3,0x1ee5,0x1ee7,0x1ee9,0x1eeb,0x1eed,0x1eef,0x1ef1,0x1ef3,0x1ef5,0x1ef7,0x1ef9,0x1f00,0x1f01,0x1f02,0x1f03,0x1f04,0x1f05,0x1f06,0x1f07,0x1f10,0x1f11,0x1f12,0x1f13,0x1f14,0x1f15,0x1f20,0x1f21,0x1f22,0x1f23,0x1f24,0x1f25,0x1f26,0x1f27,0x1f30,0x1f31,0x1f32,0x1f33,0x1f34,0x1f35,0x1f36,0x1f37,0x1f40,0x1f41,0x1f42,0x1f43,0x1f44,0x1f45,0x3c5,0x313,0x3c5,0x313,0x300,0x3c5,0x313,0x301,0x3c5,0x313,0x342,0x1f51,0x1f53,0x1f55,0x1f57,0x1f60,0x1f61,0x1f62,0x1f63,0x1f64,0x1f65,0x1f66,0x1f67,0x1f00,0x3b9,0x1f01,0x3b9,0x1f02,0x3b9,0x1f03,0x3b9,0x1f04,0x3b9,0x1f05,0x3b9,0x1f06,0x3b9,0x1f07,0x3b9,0x1f00,0x3b9,0x1f01,0x3b9,0x1f02,0x3b9,0x1f03,0x3b9,0x1f04,0x3b9,0x1f05,0x3b9,0x1f06,0x3b9,0x1f07,0x3b9,0x1f20,0x3b9,0x1f21,0x3b9,0x1f22,0x3b9,0x1f23,0x3b9,0x1f24,0x3b9,0x1f25,0x3b9,0x1f26,0x3b9,0x1f27,0x3b9,0x1f20,0x3b9,0x1f21,0x3b9,0x1f22,0x3b9,0x1f23,0x3b9,0x1f24,0x3b9,0x1f25,0x3b9,0x1f26,0x3b9,0x1f27,0x3b9,0x1f60,0x3b9,0x1f61,0x3b9,0x1f62,0x3b9,0x1f63,0x3b9,0x1f64,0x3b9,0x1f65,0x3b9,0x1f66,0x3b9,0x1f67,0x3b9,0x1f60,0x3b9,0x1f61,0x3b9,0x1f62,0x3b9,0x1f63,0x3b9,0x1f64,0x3b9,0x1f65,0x3b9,0x1f66,0x3b9,0x1f67,0x3b9,0x1f70,0x3b9,0x3b1,0x3b9,0x3ac,0x3b9,0x3b1,0x342,0x3b1,0x342,0x3b9,0x1fb0,0x1fb1,0x1f70,0x1f71,0x3b1,0x3b9,0x3b9,0x1f74,0x3b9,0x3b7,0x3b9,0x3ae,0x3b9,0x3b7,0x342,0x3b7,0x342,0x3b9,0x1f72,0x1f73,0x1f74,0x1f75,0x3b7,0x3b9,0x3b9,0x308,0x300,0x3b9,0x308,0x301,0x3b9,0x342,0x3b9,0x308,0x342,0x1fd0,0x1fd1,0x1f76,0x1f77,0x3c5,0x308,0x300,0x3c5,0x308,0x301,0x3c1,0x313,0x3c5,0x342,0x3c5,0x308,0x342,0x1fe0,0x1fe1,0x1f7a,0x1f7b,0x1fe5,0x1f7c,0x3b9,0x3c9,0x3b9,0x3ce,0x3b9,0x3c9,0x342,0x3c9,0x342,0x3b9,0x1f78,0x1f79,0x1f7c,0x1f7d,0x3c9,0x3b9,0x72,0x73,0x63,0xb0,0x63,0x25b,0xb0,0x66,0x68,0x68,0x68,0x69,0x69,0x6c,0x6e,0x6e,0x6f,0x70,0x71,0x72,0x72,0x72,0x73,0x6d,0x74,0x65,0x6c,0x74,0x6d,0x7a,0x3c9,0x7a,0x6b,0xe5,0x62,0x63,0x65,0x66,0x214e,0x6d,0x3b3,0x3c0,0x64,0x2170,0x2171,0x2172,0x2173,0x2174,0x2175,0x2176,0x2177,0x2178,0x2179,0x217a,0x217b,0x217c,0x217d,0x217e,0x217f,0x2184,0x24d0,0x24d1,0x24d2,0x24d3,0x24d4,0x24d5,0x24d6,0x24d7,0x24d8,0x24d9,0x24da,0x24db,0x24dc,0x24dd,0x24de,0x24df,0x24e0,0x24e1,0x24e2,0x24e3,0x24e4,0x24e5,0x24e6,0x24e7,0x24e8,0x24e9,0x68,0x70,0x61,0x61,0x75,0x6f,0x76,0x70,0x61,0x6e,0x61,0x3bc,0x61,0x6d,0x61,0x6b,0x61,0x6b,0x62,0x6d,0x62,0x67,0x62,0x70,0x66,0x6e,0x66,0x3bc,0x66,0x68,0x7a,0x6b,0x68,0x7a,0x6d,0x68,0x7a,0x67,0x68,0x7a,0x74,0x68,0x7a,0x70,0x61,0x6b,0x70,0x61,0x6d,0x70,0x61,0x67,0x70,0x61,0x70,0x76,0x6e,0x76,0x3bc,0x76,0x6d,0x76,0x6b,0x76,0x6d,0x76,0x70,0x77,0x6e,0x77,0x3bc,0x77,0x6d,0x77,0x6b,0x77,0x6d,0x77,0x6b,0x3c9,0x6d,0x3c9,0x62,0x71,0x63,0x2215,0x6b,0x67,0x63,0x6f,0x2e,0x64,0x62,0x67,0x79,0x68,0x70,0x6b,0x6b,0x6b,0x6d,0x70,0x68,0x70,0x70,0x6d,0x70,0x72,0x73,0x76,0x77,0x62,0x66,0x66,0x66,0x69,0x66,0x6c,0x66,0x66,0x69,0x66,0x66,0x6c,0x73,0x74,0x73,0x74,0x574,0x576,0x574,0x565,0x574,0x56b,0x57e,0x576,0x574,0x56d,0xff41,0xff42,0xff43,0xff44,0xff45,0xff46,0xff47,0xff48,0xff49,0xff4a,0xff4b,0xff4c,0xff4d,0xff4e,0xff4f,0xff50,0xff51,0xff52,0xff53,0xff54,0xff55,0xff56,0xff57,0xff58,0xff59,0xff5a,0x10428,0x10429,0x1042a,0x1042b,0x1042c,0x1042d,0x1042e,0x1042f,0x10430,0x10431,0x10432,0x10433,0x10434,0x10435,0x10436,0x10437,0x10438,0x10439,0x1043a,0x1043b,0x1043c,0x1043d,0x1043e,0x1043f,0x10440,0x10441,0x10442,0x10443,0x10444,0x10445,0x10446,0x10447,0x10448,0x10449,0x1044a,0x1044b,0x1044c,0x1044d,0x61,0x62,0x63,0x64,0x65,0x66,0x67,0x68,0x69,0x6a,0x6b,0x6c,0x6d,0x6e,0x6f,0x70,0x71,0x72,0x73,0x74,0x75,0x76,0x77,0x78,0x79,0x7a,0x61,0x62,0x63,0x64,0x65,0x66,0x67,0x68,0x69,0x6a,0x6b,0x6c,0x6d,0x6e,0x6f,0x70,0x71,0x72,0x73,0x74,0x75,0x76,0x77,0x78,0x79,0x7a,0x61,0x62,0x63,0x64,0x65,0x66,0x67,0x68,0x69,0x6a,0x6b,0x6c,0x6d,0x6e,0x6f,0x70,0x71,0x72,0x73,0x74,0x75,0x76,0x77,0x78,0x79,0x7a,0x61,0x63,0x64,0x67,0x6a,0x6b,0x6e,0x6f,0x70,0x71,0x73,0x74,0x75,0x76,0x77,0x78,0x79,0x7a,0x61,0x62,0x63,0x64,0x65,0x66,0x67,0x68,0x69,0x6a,0x6b,0x6c,0x6d,0x6e,0x6f,0x70,0x71,0x72,0x73,0x74,0x75,0x76,0x77,0x78,0x79,0x7a,0x61,0x62,0x64,0x65,0x66,0x67,0x6a,0x6b,0x6c,0x6d,0x6e,0x6f,0x70,0x71,0x73,0x74,0x75,0x76,0x77,0x78,0x79,0x61,0x62,0x64,0x65,0x66,0x67,0x69,0x6a,0x6b,0x6c,0x6d,0x6f,0x73,0x74,0x75,0x76,0x77,0x78,0x79,0x61,0x62,0x63,0x64,0x65,0x66,0x67,0x68,0x69,0x6a,0x6b,0x6c,0x6d,0x6e,0x6f,0x70,0x71,0x72,0x73,0x74,0x75,0x76,0x77,0x78,0x79,0x7a,0x61,0x62,0x63,0x64,0x65,0x66,0x67,0x68,0x69,0x6a,0x6b,0x6c,0x6d,0x6e,0x6f,0x70,0x71,0x72,0x73,0x74,0x75,0x76,0x77,0x78,0x79,0x7a,0x61,0x62,0x63,0x64,0x65,0x66,0x67,0x68,0x69,0x6a,0x6b,0x6c,0x6d,0x6e,0x6f,0x70,0x71,0x72,0x73,0x74,0x75,0x76,0x77,0x78,0x79,0x7a,0x61,0x62,0x63,0x64,0x65,0x66,0x67,0x68,0x69,0x6a,0x6b,0x6c,0x6d,0x6e,0x6f,0x70,0x71,0x72,0x73,0x74,0x75,0x76,0x77,0x78,0x79,0x7a,0x61,0x62,0x63,0x64,0x65,0x66,0x67,0x68,0x69,0x6a,0x6b,0x6c,0x6d,0x6e,0x6f,0x70,0x71,0x72,0x73,0x74,0x75,0x76,0x77,0x78,0x79,0x7a,0x61,0x62,0x63,0x64,0x65,0x66,0x67,0x68,0x69,0x6a,0x6b,0x6c,0x6d,0x6e,0x6f,0x70,0x71,0x72,0x73,0x74,0x75,0x76,0x77,0x78,0x79,0x7a,0x3b1,0x3b2,0x3b3,0x3b4,0x3b5,0x3b6,0x3b7,0x3b8,0x3b9,0x3ba,0x3bb,0x3bc,0x3bd,0x3be,0x3bf,0x3c0,0x3c1,0x3b8,0x3c3,0x3c4,0x3c5,0x3c6,0x3c7,0x3c8,0x3c9,0x3c3,0x3b1,0x3b2,0x3b3,0x3b4,0x3b5,0x3b6,0x3b7,0x3b8,0x3b9,0x3ba,0x3bb,0x3bc,0x3bd,0x3be,0x3bf,0x3c0,0x3c1,0x3b8,0x3c3,0x3c4,0x3c5,0x3c6,0x3c7,0x3c8,0x3c9,0x3c3,0x3b1,0x3b2,0x3b3,0x3b4,0x3b5,0x3b6,0x3b7,0x3b8,0x3b9,0x3ba,0x3bb,0x3bc,0x3bd,0x3be,0x3bf,0x3c0,0x3c1,0x3b8,0x3c3,0x3c4,0x3c5,0x3c6,0x3c7,0x3c8,0x3c9,0x3c3,0x3b1,0x3b2,0x3b3,0x3b4,0x3b5,0x3b6,0x3b7,0x3b8,0x3b9,0x3ba,0x3bb,0x3bc,0x3bd,0x3be,0x3bf,0x3c0,0x3c1,0x3b8,0x3c3,0x3c4,0x3c5,0x3c6,0x3c7,0x3c8,0x3c9,0x3c3,0x3b1,0x3b2,0x3b3,0x3b4,0x3b5,0x3b6,0x3b7,0x3b8,0x3b9,0x3ba,0x3bb,0x3bc,0x3bd,0x3be,0x3bf,0x3c0,0x3c1,0x3b8,0x3c3,0x3c4,0x3c5,0x3c6,0x3c7,0x3c8,0x3c9,0x3c3};
static const struct prep_map { uint32_t cp,offset; uint8_t length; } prep_maps[]={
{0x41,0,1},
{0x42,1,1},
{0x43,2,1},
{0x44,3,1},
{0x45,4,1},
{0x46,5,1},
{0x47,6,1},
{0x48,7,1},
{0x49,8,1},
{0x4a,9,1},
{0x4b,10,1},
{0x4c,11,1},
{0x4d,12,1},
{0x4e,13,1},
{0x4f,14,1},
{0x50,15,1},
{0x51,16,1},
{0x52,17,1},
{0x53,18,1},
{0x54,19,1},
{0x55,20,1},
{0x56,21,1},
{0x57,22,1},
{0x58,23,1},
{0x59,24,1},
{0x5a,25,1},
{0xad,26,0},
{0xb5,26,1},
{0xc0,27,1},
{0xc1,28,1},
{0xc2,29,1},
{0xc3,30,1},
{0xc4,31,1},
{0xc5,32,1},
{0xc6,33,1},
{0xc7,34,1},
{0xc8,35,1},
{0xc9,36,1},
{0xca,37,1},
{0xcb,38,1},
{0xcc,39,1},
{0xcd,40,1},
{0xce,41,1},
{0xcf,42,1},
{0xd0,43,1},
{0xd1,44,1},
{0xd2,45,1},
{0xd3,46,1},
{0xd4,47,1},
{0xd5,48,1},
{0xd6,49,1},
{0xd8,50,1},
{0xd9,51,1},
{0xda,52,1},
{0xdb,53,1},
{0xdc,54,1},
{0xdd,55,1},
{0xde,56,1},
{0xdf,57,2},
{0x100,59,1},
{0x102,60,1},
{0x104,61,1},
{0x106,62,1},
{0x108,63,1},
{0x10a,64,1},
{0x10c,65,1},
{0x10e,66,1},
{0x110,67,1},
{0x112,68,1},
{0x114,69,1},
{0x116,70,1},
{0x118,71,1},
{0x11a,72,1},
{0x11c,73,1},
{0x11e,74,1},
{0x120,75,1},
{0x122,76,1},
{0x124,77,1},
{0x126,78,1},
{0x128,79,1},
{0x12a,80,1},
{0x12c,81,1},
{0x12e,82,1},
{0x130,83,2},
{0x132,85,1},
{0x134,86,1},
{0x136,87,1},
{0x139,88,1},
{0x13b,89,1},
{0x13d,90,1},
{0x13f,91,1},
{0x141,92,1},
{0x143,93,1},
{0x145,94,1},
{0x147,95,1},
{0x149,96,2},
{0x14a,98,1},
{0x14c,99,1},
{0x14e,100,1},
{0x150,101,1},
{0x152,102,1},
{0x154,103,1},
{0x156,104,1},
{0x158,105,1},
{0x15a,106,1},
{0x15c,107,1},
{0x15e,108,1},
{0x160,109,1},
{0x162,110,1},
{0x164,111,1},
{0x166,112,1},
{0x168,113,1},
{0x16a,114,1},
{0x16c,115,1},
{0x16e,116,1},
{0x170,117,1},
{0x172,118,1},
{0x174,119,1},
{0x176,120,1},
{0x178,121,1},
{0x179,122,1},
{0x17b,123,1},
{0x17d,124,1},
{0x17f,125,1},
{0x181,126,1},
{0x182,127,1},
{0x184,128,1},
{0x186,129,1},
{0x187,130,1},
{0x189,131,1},
{0x18a,132,1},
{0x18b,133,1},
{0x18e,134,1},
{0x18f,135,1},
{0x190,136,1},
{0x191,137,1},
{0x193,138,1},
{0x194,139,1},
{0x196,140,1},
{0x197,141,1},
{0x198,142,1},
{0x19c,143,1},
{0x19d,144,1},
{0x19f,145,1},
{0x1a0,146,1},
{0x1a2,147,1},
{0x1a4,148,1},
{0x1a6,149,1},
{0x1a7,150,1},
{0x1a9,151,1},
{0x1ac,152,1},
{0x1ae,153,1},
{0x1af,154,1},
{0x1b1,155,1},
{0x1b2,156,1},
{0x1b3,157,1},
{0x1b5,158,1},
{0x1b7,159,1},
{0x1b8,160,1},
{0x1bc,161,1},
{0x1c4,162,1},
{0x1c5,163,1},
{0x1c7,164,1},
{0x1c8,165,1},
{0x1ca,166,1},
{0x1cb,167,1},
{0x1cd,168,1},
{0x1cf,169,1},
{0x1d1,170,1},
{0x1d3,171,1},
{0x1d5,172,1},
{0x1d7,173,1},
{0x1d9,174,1},
{0x1db,175,1},
{0x1de,176,1},
{0x1e0,177,1},
{0x1e2,178,1},
{0x1e4,179,1},
{0x1e6,180,1},
{0x1e8,181,1},
{0x1ea,182,1},
{0x1ec,183,1},
{0x1ee,184,1},
{0x1f0,185,2},
{0x1f1,187,1},
{0x1f2,188,1},
{0x1f4,189,1},
{0x1f6,190,1},
{0x1f7,191,1},
{0x1f8,192,1},
{0x1fa,193,1},
{0x1fc,194,1},
{0x1fe,195,1},
{0x200,196,1},
{0x202,197,1},
{0x204,198,1},
{0x206,199,1},
{0x208,200,1},
{0x20a,201,1},
{0x20c,202,1},
{0x20e,203,1},
{0x210,204,1},
{0x212,205,1},
{0x214,206,1},
{0x216,207,1},
{0x218,208,1},
{0x21a,209,1},
{0x21c,210,1},
{0x21e,211,1},
{0x220,212,1},
{0x222,213,1},
{0x224,214,1},
{0x226,215,1},
{0x228,216,1},
{0x22a,217,1},
{0x22c,218,1},
{0x22e,219,1},
{0x230,220,1},
{0x232,221,1},
{0x345,222,1},
{0x34f,223,0},
{0x37a,223,2},
{0x386,225,1},
{0x388,226,1},
{0x389,227,1},
{0x38a,228,1},
{0x38c,229,1},
{0x38e,230,1},
{0x38f,231,1},
{0x390,232,3},
{0x391,235,1},
{0x392,236,1},
{0x393,237,1},
{0x394,238,1},
{0x395,239,1},
{0x396,240,1},
{0x397,241,1},
{0x398,242,1},
{0x399,243,1},
{0x39a,244,1},
{0x39b,245,1},
{0x39c,246,1},
{0x39d,247,1},
{0x39e,248,1},
{0x39f,249,1},
{0x3a0,250,1},
{0x3a1,251,1},
{0x3a3,252,1},
{0x3a4,253,1},
{0x3a5,254,1},
{0x3a6,255,1},
{0x3a7,256,1},
{0x3a8,257,1},
{0x3a9,258,1},
{0x3aa,259,1},
{0x3ab,260,1},
{0x3b0,261,3},
{0x3c2,264,1},
{0x3d0,265,1},
{0x3d1,266,1},
{0x3d2,267,1},
{0x3d3,268,1},
{0x3d4,269,1},
{0x3d5,270,1},
{0x3d6,271,1},
{0x3d8,272,1},
{0x3da,273,1},
{0x3dc,274,1},
{0x3de,275,1},
{0x3e0,276,1},
{0x3e2,277,1},
{0x3e4,278,1},
{0x3e6,279,1},
{0x3e8,280,1},
{0x3ea,281,1},
{0x3ec,282,1},
{0x3ee,283,1},
{0x3f0,284,1},
{0x3f1,285,1},
{0x3f2,286,1},
{0x3f4,287,1},
{0x3f5,288,1},
{0x400,289,1},
{0x401,290,1},
{0x402,291,1},
{0x403,292,1},
{0x404,293,1},
{0x405,294,1},
{0x406,295,1},
{0x407,296,1},
{0x408,297,1},
{0x409,298,1},
{0x40a,299,1},
{0x40b,300,1},
{0x40c,301,1},
{0x40d,302,1},
{0x40e,303,1},
{0x40f,304,1},
{0x410,305,1},
{0x411,306,1},
{0x412,307,1},
{0x413,308,1},
{0x414,309,1},
{0x415,310,1},
{0x416,311,1},
{0x417,312,1},
{0x418,313,1},
{0x419,314,1},
{0x41a,315,1},
{0x41b,316,1},
{0x41c,317,1},
{0x41d,318,1},
{0x41e,319,1},
{0x41f,320,1},
{0x420,321,1},
{0x421,322,1},
{0x422,323,1},
{0x423,324,1},
{0x424,325,1},
{0x425,326,1},
{0x426,327,1},
{0x427,328,1},
{0x428,329,1},
{0x429,330,1},
{0x42a,331,1},
{0x42b,332,1},
{0x42c,333,1},
{0x42d,334,1},
{0x42e,335,1},
{0x42f,336,1},
{0x460,337,1},
{0x462,338,1},
{0x464,339,1},
{0x466,340,1},
{0x468,341,1},
{0x46a,342,1},
{0x46c,343,1},
{0x46e,344,1},
{0x470,345,1},
{0x472,346,1},
{0x474,347,1},
{0x476,348,1},
{0x478,349,1},
{0x47a,350,1},
{0x47c,351,1},
{0x47e,352,1},
{0x480,353,1},
{0x48a,354,1},
{0x48c,355,1},
{0x48e,356,1},
{0x490,357,1},
{0x492,358,1},
{0x494,359,1},
{0x496,360,1},
{0x498,361,1},
{0x49a,362,1},
{0x49c,363,1},
{0x49e,364,1},
{0x4a0,365,1},
{0x4a2,366,1},
{0x4a4,367,1},
{0x4a6,368,1},
{0x4a8,369,1},
{0x4aa,370,1},
{0x4ac,371,1},
{0x4ae,372,1},
{0x4b0,373,1},
{0x4b2,374,1},
{0x4b4,375,1},
{0x4b6,376,1},
{0x4b8,377,1},
{0x4ba,378,1},
{0x4bc,379,1},
{0x4be,380,1},
{0x4c0,381,1},
{0x4c1,382,1},
{0x4c3,383,1},
{0x4c5,384,1},
{0x4c7,385,1},
{0x4c9,386,1},
{0x4cb,387,1},
{0x4cd,388,1},
{0x4d0,389,1},
{0x4d2,390,1},
{0x4d4,391,1},
{0x4d6,392,1},
{0x4d8,393,1},
{0x4da,394,1},
{0x4dc,395,1},
{0x4de,396,1},
{0x4e0,397,1},
{0x4e2,398,1},
{0x4e4,399,1},
{0x4e6,400,1},
{0x4e8,401,1},
{0x4ea,402,1},
{0x4ec,403,1},
{0x4ee,404,1},
{0x4f0,405,1},
{0x4f2,406,1},
{0x4f4,407,1},
{0x4f8,408,1},
{0x500,409,1},
{0x502,410,1},
{0x504,411,1},
{0x506,412,1},
{0x508,413,1},
{0x50a,414,1},
{0x50c,415,1},
{0x50e,416,1},
{0x531,417,1},
{0x532,418,1},
{0x533,419,1},
{0x534,420,1},
{0x535,421,1},
{0x536,422,1},
{0x537,423,1},
{0x538,424,1},
{0x539,425,1},
{0x53a,426,1},
{0x53b,427,1},
{0x53c,428,1},
{0x53d,429,1},
{0x53e,430,1},
{0x53f,431,1},
{0x540,432,1},
{0x541,433,1},
{0x542,434,1},
{0x543,435,1},
{0x544,436,1},
{0x545,437,1},
{0x546,438,1},
{0x547,439,1},
{0x548,440,1},
{0x549,441,1},
{0x54a,442,1},
{0x54b,443,1},
{0x54c,444,1},
{0x54d,445,1},
{0x54e,446,1},
{0x54f,447,1},
{0x550,448,1},
{0x551,449,1},
{0x552,450,1},
{0x553,451,1},
{0x554,452,1},
{0x555,453,1},
{0x556,454,1},
{0x587,455,2},
{0x10a0,457,1},
{0x10a1,458,1},
{0x10a2,459,1},
{0x10a3,460,1},
{0x10a4,461,1},
{0x10a5,462,1},
{0x10a6,463,1},
{0x10a7,464,1},
{0x10a8,465,1},
{0x10a9,466,1},
{0x10aa,467,1},
{0x10ab,468,1},
{0x10ac,469,1},
{0x10ad,470,1},
{0x10ae,471,1},
{0x10af,472,1},
{0x10b0,473,1},
{0x10b1,474,1},
{0x10b2,475,1},
{0x10b3,476,1},
{0x10b4,477,1},
{0x10b5,478,1},
{0x10b6,479,1},
{0x10b7,480,1},
{0x10b8,481,1},
{0x10b9,482,1},
{0x10ba,483,1},
{0x10bb,484,1},
{0x10bc,485,1},
{0x10bd,486,1},
{0x10be,487,1},
{0x10bf,488,1},
{0x10c0,489,1},
{0x10c1,490,1},
{0x10c2,491,1},
{0x10c3,492,1},
{0x10c4,493,1},
{0x10c5,494,1},
{0x13a0,495,1},
{0x13a1,496,1},
{0x13a2,497,1},
{0x13a3,498,1},
{0x13a4,499,1},
{0x13a5,500,1},
{0x13a6,501,1},
{0x13a7,502,1},
{0x13a8,503,1},
{0x13a9,504,1},
{0x13aa,505,1},
{0x13ab,506,1},
{0x13ac,507,1},
{0x13ad,508,1},
{0x13ae,509,1},
{0x13af,510,1},
{0x13b0,511,1},
{0x13b1,512,1},
{0x13b2,513,1},
{0x13b3,514,1},
{0x13b4,515,1},
{0x13b5,516,1},
{0x13b6,517,1},
{0x13b7,518,1},
{0x13b8,519,1},
{0x13b9,520,1},
{0x13ba,521,1},
{0x13bb,522,1},
{0x13bc,523,1},
{0x13bd,524,1},
{0x13be,525,1},
{0x13bf,526,1},
{0x13c0,527,1},
{0x13c1,528,1},
{0x13c2,529,1},
{0x13c3,530,1},
{0x13c4,531,1},
{0x13c5,532,1},
{0x13c6,533,1},
{0x13c7,534,1},
{0x13c8,535,1},
{0x13c9,536,1},
{0x13ca,537,1},
{0x13cb,538,1},
{0x13cc,539,1},
{0x13cd,540,1},
{0x13ce,541,1},
{0x13cf,542,1},
{0x13d0,543,1},
{0x13d1,544,1},
{0x13d2,545,1},
{0x13d3,546,1},
{0x13d4,547,1},
{0x13d5,548,1},
{0x13d6,549,1},
{0x13d7,550,1},
{0x13d8,551,1},
{0x13d9,552,1},
{0x13da,553,1},
{0x13db,554,1},
{0x13dc,555,1},
{0x13dd,556,1},
{0x13de,557,1},
{0x13df,558,1},
{0x13e0,559,1},
{0x13e1,560,1},
{0x13e2,561,1},
{0x13e3,562,1},
{0x13e4,563,1},
{0x13e5,564,1},
{0x13e6,565,1},
{0x13e7,566,1},
{0x13e8,567,1},
{0x13e9,568,1},
{0x13ea,569,1},
{0x13eb,570,1},
{0x13ec,571,1},
{0x13ed,572,1},
{0x13ee,573,1},
{0x13ef,574,1},
{0x13f0,575,1},
{0x13f1,576,1},
{0x13f2,577,1},
{0x13f3,578,1},
{0x13f4,579,1},
{0x1806,580,0},
{0x180b,580,0},
{0x180c,580,0},
{0x180d,580,0},
{0x1e00,580,1},
{0x1e02,581,1},
{0x1e04,582,1},
{0x1e06,583,1},
{0x1e08,584,1},
{0x1e0a,585,1},
{0x1e0c,586,1},
{0x1e0e,587,1},
{0x1e10,588,1},
{0x1e12,589,1},
{0x1e14,590,1},
{0x1e16,591,1},
{0x1e18,592,1},
{0x1e1a,593,1},
{0x1e1c,594,1},
{0x1e1e,595,1},
{0x1e20,596,1},
{0x1e22,597,1},
{0x1e24,598,1},
{0x1e26,599,1},
{0x1e28,600,1},
{0x1e2a,601,1},
{0x1e2c,602,1},
{0x1e2e,603,1},
{0x1e30,604,1},
{0x1e32,605,1},
{0x1e34,606,1},
{0x1e36,607,1},
{0x1e38,608,1},
{0x1e3a,609,1},
{0x1e3c,610,1},
{0x1e3e,611,1},
{0x1e40,612,1},
{0x1e42,613,1},
{0x1e44,614,1},
{0x1e46,615,1},
{0x1e48,616,1},
{0x1e4a,617,1},
{0x1e4c,618,1},
{0x1e4e,619,1},
{0x1e50,620,1},
{0x1e52,621,1},
{0x1e54,622,1},
{0x1e56,623,1},
{0x1e58,624,1},
{0x1e5a,625,1},
{0x1e5c,626,1},
{0x1e5e,627,1},
{0x1e60,628,1},
{0x1e62,629,1},
{0x1e64,630,1},
{0x1e66,631,1},
{0x1e68,632,1},
{0x1e6a,633,1},
{0x1e6c,634,1},
{0x1e6e,635,1},
{0x1e70,636,1},
{0x1e72,637,1},
{0x1e74,638,1},
{0x1e76,639,1},
{0x1e78,640,1},
{0x1e7a,641,1},
{0x1e7c,642,1},
{0x1e7e,643,1},
{0x1e80,644,1},
{0x1e82,645,1},
{0x1e84,646,1},
{0x1e86,647,1},
{0x1e88,648,1},
{0x1e8a,649,1},
{0x1e8c,650,1},
{0x1e8e,651,1},
{0x1e90,652,1},
{0x1e92,653,1},
{0x1e94,654,1},
{0x1e96,655,2},
{0x1e97,657,2},
{0x1e98,659,2},
{0x1e99,661,2},
{0x1e9a,663,2},
{0x1e9b,665,1},
{0x1ea0,666,1},
{0x1ea2,667,1},
{0x1ea4,668,1},
{0x1ea6,669,1},
{0x1ea8,670,1},
{0x1eaa,671,1},
{0x1eac,672,1},
{0x1eae,673,1},
{0x1eb0,674,1},
{0x1eb2,675,1},
{0x1eb4,676,1},
{0x1eb6,677,1},
{0x1eb8,678,1},
{0x1eba,679,1},
{0x1ebc,680,1},
{0x1ebe,681,1},
{0x1ec0,682,1},
{0x1ec2,683,1},
{0x1ec4,684,1},
{0x1ec6,685,1},
{0x1ec8,686,1},
{0x1eca,687,1},
{0x1ecc,688,1},
{0x1ece,689,1},
{0x1ed0,690,1},
{0x1ed2,691,1},
{0x1ed4,692,1},
{0x1ed6,693,1},
{0x1ed8,694,1},
{0x1eda,695,1},
{0x1edc,696,1},
{0x1ede,697,1},
{0x1ee0,698,1},
{0x1ee2,699,1},
{0x1ee4,700,1},
{0x1ee6,701,1},
{0x1ee8,702,1},
{0x1eea,703,1},
{0x1eec,704,1},
{0x1eee,705,1},
{0x1ef0,706,1},
{0x1ef2,707,1},
{0x1ef4,708,1},
{0x1ef6,709,1},
{0x1ef8,710,1},
{0x1f08,711,1},
{0x1f09,712,1},
{0x1f0a,713,1},
{0x1f0b,714,1},
{0x1f0c,715,1},
{0x1f0d,716,1},
{0x1f0e,717,1},
{0x1f0f,718,1},
{0x1f18,719,1},
{0x1f19,720,1},
{0x1f1a,721,1},
{0x1f1b,722,1},
{0x1f1c,723,1},
{0x1f1d,724,1},
{0x1f28,725,1},
{0x1f29,726,1},
{0x1f2a,727,1},
{0x1f2b,728,1},
{0x1f2c,729,1},
{0x1f2d,730,1},
{0x1f2e,731,1},
{0x1f2f,732,1},
{0x1f38,733,1},
{0x1f39,734,1},
{0x1f3a,735,1},
{0x1f3b,736,1},
{0x1f3c,737,1},
{0x1f3d,738,1},
{0x1f3e,739,1},
{0x1f3f,740,1},
{0x1f48,741,1},
{0x1f49,742,1},
{0x1f4a,743,1},
{0x1f4b,744,1},
{0x1f4c,745,1},
{0x1f4d,746,1},
{0x1f50,747,2},
{0x1f52,749,3},
{0x1f54,752,3},
{0x1f56,755,3},
{0x1f59,758,1},
{0x1f5b,759,1},
{0x1f5d,760,1},
{0x1f5f,761,1},
{0x1f68,762,1},
{0x1f69,763,1},
{0x1f6a,764,1},
{0x1f6b,765,1},
{0x1f6c,766,1},
{0x1f6d,767,1},
{0x1f6e,768,1},
{0x1f6f,769,1},
{0x1f80,770,2},
{0x1f81,772,2},
{0x1f82,774,2},
{0x1f83,776,2},
{0x1f84,778,2},
{0x1f85,780,2},
{0x1f86,782,2},
{0x1f87,784,2},
{0x1f88,786,2},
{0x1f89,788,2},
{0x1f8a,790,2},
{0x1f8b,792,2},
{0x1f8c,794,2},
{0x1f8d,796,2},
{0x1f8e,798,2},
{0x1f8f,800,2},
{0x1f90,802,2},
{0x1f91,804,2},
{0x1f92,806,2},
{0x1f93,808,2},
{0x1f94,810,2},
{0x1f95,812,2},
{0x1f96,814,2},
{0x1f97,816,2},
{0x1f98,818,2},
{0x1f99,820,2},
{0x1f9a,822,2},
{0x1f9b,824,2},
{0x1f9c,826,2},
{0x1f9d,828,2},
{0x1f9e,830,2},
{0x1f9f,832,2},
{0x1fa0,834,2},
{0x1fa1,836,2},
{0x1fa2,838,2},
{0x1fa3,840,2},
{0x1fa4,842,2},
{0x1fa5,844,2},
{0x1fa6,846,2},
{0x1fa7,848,2},
{0x1fa8,850,2},
{0x1fa9,852,2},
{0x1faa,854,2},
{0x1fab,856,2},
{0x1fac,858,2},
{0x1fad,860,2},
{0x1fae,862,2},
{0x1faf,864,2},
{0x1fb2,866,2},
{0x1fb3,868,2},
{0x1fb4,870,2},
{0x1fb6,872,2},
{0x1fb7,874,3},
{0x1fb8,877,1},
{0x1fb9,878,1},
{0x1fba,879,1},
{0x1fbb,880,1},
{0x1fbc,881,2},
{0x1fbe,883,1},
{0x1fc2,884,2},
{0x1fc3,886,2},
{0x1fc4,888,2},
{0x1fc6,890,2},
{0x1fc7,892,3},
{0x1fc8,895,1},
{0x1fc9,896,1},
{0x1fca,897,1},
{0x1fcb,898,1},
{0x1fcc,899,2},
{0x1fd2,901,3},
{0x1fd3,904,3},
{0x1fd6,907,2},
{0x1fd7,909,3},
{0x1fd8,912,1},
{0x1fd9,913,1},
{0x1fda,914,1},
{0x1fdb,915,1},
{0x1fe2,916,3},
{0x1fe3,919,3},
{0x1fe4,922,2},
{0x1fe6,924,2},
{0x1fe7,926,3},
{0x1fe8,929,1},
{0x1fe9,930,1},
{0x1fea,931,1},
{0x1feb,932,1},
{0x1fec,933,1},
{0x1ff2,934,2},
{0x1ff3,936,2},
{0x1ff4,938,2},
{0x1ff6,940,2},
{0x1ff7,942,3},
{0x1ff8,945,1},
{0x1ff9,946,1},
{0x1ffa,947,1},
{0x1ffb,948,1},
{0x1ffc,949,2},
{0x200b,951,0},
{0x200c,951,0},
{0x200d,951,0},
{0x2060,951,0},
{0x20a8,951,2},
{0x2102,953,1},
{0x2103,954,2},
{0x2107,956,1},
{0x2109,957,2},
{0x210b,959,1},
{0x210c,960,1},
{0x210d,961,1},
{0x2110,962,1},
{0x2111,963,1},
{0x2112,964,1},
{0x2115,965,1},
{0x2116,966,2},
{0x2119,968,1},
{0x211a,969,1},
{0x211b,970,1},
{0x211c,971,1},
{0x211d,972,1},
{0x2120,973,2},
{0x2121,975,3},
{0x2122,978,2},
{0x2124,980,1},
{0x2126,981,1},
{0x2128,982,1},
{0x212a,983,1},
{0x212b,984,1},
{0x212c,985,1},
{0x212d,986,1},
{0x2130,987,1},
{0x2131,988,1},
{0x2132,989,1},
{0x2133,990,1},
{0x213e,991,1},
{0x213f,992,1},
{0x2145,993,1},
{0x2160,994,1},
{0x2161,995,1},
{0x2162,996,1},
{0x2163,997,1},
{0x2164,998,1},
{0x2165,999,1},
{0x2166,1000,1},
{0x2167,1001,1},
{0x2168,1002,1},
{0x2169,1003,1},
{0x216a,1004,1},
{0x216b,1005,1},
{0x216c,1006,1},
{0x216d,1007,1},
{0x216e,1008,1},
{0x216f,1009,1},
{0x2183,1010,1},
{0x24b6,1011,1},
{0x24b7,1012,1},
{0x24b8,1013,1},
{0x24b9,1014,1},
{0x24ba,1015,1},
{0x24bb,1016,1},
{0x24bc,1017,1},
{0x24bd,1018,1},
{0x24be,1019,1},
{0x24bf,1020,1},
{0x24c0,1021,1},
{0x24c1,1022,1},
{0x24c2,1023,1},
{0x24c3,1024,1},
{0x24c4,1025,1},
{0x24c5,1026,1},
{0x24c6,1027,1},
{0x24c7,1028,1},
{0x24c8,1029,1},
{0x24c9,1030,1},
{0x24ca,1031,1},
{0x24cb,1032,1},
{0x24cc,1033,1},
{0x24cd,1034,1},
{0x24ce,1035,1},
{0x24cf,1036,1},
{0x3371,1037,3},
{0x3373,1040,2},
{0x3375,1042,2},
{0x3380,1044,2},
{0x3381,1046,2},
{0x3382,1048,2},
{0x3383,1050,2},
{0x3384,1052,2},
{0x3385,1054,2},
{0x3386,1056,2},
{0x3387,1058,2},
{0x338a,1060,2},
{0x338b,1062,2},
{0x338c,1064,2},
{0x3390,1066,2},
{0x3391,1068,3},
{0x3392,1071,3},
{0x3393,1074,3},
{0x3394,1077,3},
{0x33a9,1080,2},
{0x33aa,1082,3},
{0x33ab,1085,3},
{0x33ac,1088,3},
{0x33b4,1091,2},
{0x33b5,1093,2},
{0x33b6,1095,2},
{0x33b7,1097,2},
{0x33b8,1099,2},
{0x33b9,1101,2},
{0x33ba,1103,2},
{0x33bb,1105,2},
{0x33bc,1107,2},
{0x33bd,1109,2},
{0x33be,1111,2},
{0x33bf,1113,2},
{0x33c0,1115,2},
{0x33c1,1117,2},
{0x33c3,1119,2},
{0x33c6,1121,4},
{0x33c7,1125,3},
{0x33c8,1128,2},
{0x33c9,1130,2},
{0x33cb,1132,2},
{0x33cd,1134,2},
{0x33ce,1136,2},
{0x33d7,1138,2},
{0x33d9,1140,3},
{0x33da,1143,2},
{0x33dc,1145,2},
{0x33dd,1147,2},
{0xfb00,1149,2},
{0xfb01,1151,2},
{0xfb02,1153,2},
{0xfb03,1155,3},
{0xfb04,1158,3},
{0xfb05,1161,2},
{0xfb06,1163,2},
{0xfb13,1165,2},
{0xfb14,1167,2},
{0xfb15,1169,2},
{0xfb16,1171,2},
{0xfb17,1173,2},
{0xfe00,1175,0},
{0xfe01,1175,0},
{0xfe02,1175,0},
{0xfe03,1175,0},
{0xfe04,1175,0},
{0xfe05,1175,0},
{0xfe06,1175,0},
{0xfe07,1175,0},
{0xfe08,1175,0},
{0xfe09,1175,0},
{0xfe0a,1175,0},
{0xfe0b,1175,0},
{0xfe0c,1175,0},
{0xfe0d,1175,0},
{0xfe0e,1175,0},
{0xfe0f,1175,0},
{0xfeff,1175,0},
{0xff21,1175,1},
{0xff22,1176,1},
{0xff23,1177,1},
{0xff24,1178,1},
{0xff25,1179,1},
{0xff26,1180,1},
{0xff27,1181,1},
{0xff28,1182,1},
{0xff29,1183,1},
{0xff2a,1184,1},
{0xff2b,1185,1},
{0xff2c,1186,1},
{0xff2d,1187,1},
{0xff2e,1188,1},
{0xff2f,1189,1},
{0xff30,1190,1},
{0xff31,1191,1},
{0xff32,1192,1},
{0xff33,1193,1},
{0xff34,1194,1},
{0xff35,1195,1},
{0xff36,1196,1},
{0xff37,1197,1},
{0xff38,1198,1},
{0xff39,1199,1},
{0xff3a,1200,1},
{0x10400,1201,1},
{0x10401,1202,1},
{0x10402,1203,1},
{0x10403,1204,1},
{0x10404,1205,1},
{0x10405,1206,1},
{0x10406,1207,1},
{0x10407,1208,1},
{0x10408,1209,1},
{0x10409,1210,1},
{0x1040a,1211,1},
{0x1040b,1212,1},
{0x1040c,1213,1},
{0x1040d,1214,1},
{0x1040e,1215,1},
{0x1040f,1216,1},
{0x10410,1217,1},
{0x10411,1218,1},
{0x10412,1219,1},
{0x10413,1220,1},
{0x10414,1221,1},
{0x10415,1222,1},
{0x10416,1223,1},
{0x10417,1224,1},
{0x10418,1225,1},
{0x10419,1226,1},
{0x1041a,1227,1},
{0x1041b,1228,1},
{0x1041c,1229,1},
{0x1041d,1230,1},
{0x1041e,1231,1},
{0x1041f,1232,1},
{0x10420,1233,1},
{0x10421,1234,1},
{0x10422,1235,1},
{0x10423,1236,1},
{0x10424,1237,1},
{0x10425,1238,1},
{0x1d400,1239,1},
{0x1d401,1240,1},
{0x1d402,1241,1},
{0x1d403,1242,1},
{0x1d404,1243,1},
{0x1d405,1244,1},
{0x1d406,1245,1},
{0x1d407,1246,1},
{0x1d408,1247,1},
{0x1d409,1248,1},
{0x1d40a,1249,1},
{0x1d40b,1250,1},
{0x1d40c,1251,1},
{0x1d40d,1252,1},
{0x1d40e,1253,1},
{0x1d40f,1254,1},
{0x1d410,1255,1},
{0x1d411,1256,1},
{0x1d412,1257,1},
{0x1d413,1258,1},
{0x1d414,1259,1},
{0x1d415,1260,1},
{0x1d416,1261,1},
{0x1d417,1262,1},
{0x1d418,1263,1},
{0x1d419,1264,1},
{0x1d434,1265,1},
{0x1d435,1266,1},
{0x1d436,1267,1},
{0x1d437,1268,1},
{0x1d438,1269,1},
{0x1d439,1270,1},
{0x1d43a,1271,1},
{0x1d43b,1272,1},
{0x1d43c,1273,1},
{0x1d43d,1274,1},
{0x1d43e,1275,1},
{0x1d43f,1276,1},
{0x1d440,1277,1},
{0x1d441,1278,1},
{0x1d442,1279,1},
{0x1d443,1280,1},
{0x1d444,1281,1},
{0x1d445,1282,1},
{0x1d446,1283,1},
{0x1d447,1284,1},
{0x1d448,1285,1},
{0x1d449,1286,1},
{0x1d44a,1287,1},
{0x1d44b,1288,1},
{0x1d44c,1289,1},
{0x1d44d,1290,1},
{0x1d468,1291,1},
{0x1d469,1292,1},
{0x1d46a,1293,1},
{0x1d46b,1294,1},
{0x1d46c,1295,1},
{0x1d46d,1296,1},
{0x1d46e,1297,1},
{0x1d46f,1298,1},
{0x1d470,1299,1},
{0x1d471,1300,1},
{0x1d472,1301,1},
{0x1d473,1302,1},
{0x1d474,1303,1},
{0x1d475,1304,1},
{0x1d476,1305,1},
{0x1d477,1306,1},
{0x1d478,1307,1},
{0x1d479,1308,1},
{0x1d47a,1309,1},
{0x1d47b,1310,1},
{0x1d47c,1311,1},
{0x1d47d,1312,1},
{0x1d47e,1313,1},
{0x1d47f,1314,1},
{0x1d480,1315,1},
{0x1d481,1316,1},
{0x1d49c,1317,1},
{0x1d49e,1318,1},
{0x1d49f,1319,1},
{0x1d4a2,1320,1},
{0x1d4a5,1321,1},
{0x1d4a6,1322,1},
{0x1d4a9,1323,1},
{0x1d4aa,1324,1},
{0x1d4ab,1325,1},
{0x1d4ac,1326,1},
{0x1d4ae,1327,1},
{0x1d4af,1328,1},
{0x1d4b0,1329,1},
{0x1d4b1,1330,1},
{0x1d4b2,1331,1},
{0x1d4b3,1332,1},
{0x1d4b4,1333,1},
{0x1d4b5,1334,1},
{0x1d4d0,1335,1},
{0x1d4d1,1336,1},
{0x1d4d2,1337,1},
{0x1d4d3,1338,1},
{0x1d4d4,1339,1},
{0x1d4d5,1340,1},
{0x1d4d6,1341,1},
{0x1d4d7,1342,1},
{0x1d4d8,1343,1},
{0x1d4d9,1344,1},
{0x1d4da,1345,1},
{0x1d4db,1346,1},
{0x1d4dc,1347,1},
{0x1d4dd,1348,1},
{0x1d4de,1349,1},
{0x1d4df,1350,1},
{0x1d4e0,1351,1},
{0x1d4e1,1352,1},
{0x1d4e2,1353,1},
{0x1d4e3,1354,1},
{0x1d4e4,1355,1},
{0x1d4e5,1356,1},
{0x1d4e6,1357,1},
{0x1d4e7,1358,1},
{0x1d4e8,1359,1},
{0x1d4e9,1360,1},
{0x1d504,1361,1},
{0x1d505,1362,1},
{0x1d507,1363,1},
{0x1d508,1364,1},
{0x1d509,1365,1},
{0x1d50a,1366,1},
{0x1d50d,1367,1},
{0x1d50e,1368,1},
{0x1d50f,1369,1},
{0x1d510,1370,1},
{0x1d511,1371,1},
{0x1d512,1372,1},
{0x1d513,1373,1},
{0x1d514,1374,1},
{0x1d516,1375,1},
{0x1d517,1376,1},
{0x1d518,1377,1},
{0x1d519,1378,1},
{0x1d51a,1379,1},
{0x1d51b,1380,1},
{0x1d51c,1381,1},
{0x1d538,1382,1},
{0x1d539,1383,1},
{0x1d53b,1384,1},
{0x1d53c,1385,1},
{0x1d53d,1386,1},
{0x1d53e,1387,1},
{0x1d540,1388,1},
{0x1d541,1389,1},
{0x1d542,1390,1},
{0x1d543,1391,1},
{0x1d544,1392,1},
{0x1d546,1393,1},
{0x1d54a,1394,1},
{0x1d54b,1395,1},
{0x1d54c,1396,1},
{0x1d54d,1397,1},
{0x1d54e,1398,1},
{0x1d54f,1399,1},
{0x1d550,1400,1},
{0x1d56c,1401,1},
{0x1d56d,1402,1},
{0x1d56e,1403,1},
{0x1d56f,1404,1},
{0x1d570,1405,1},
{0x1d571,1406,1},
{0x1d572,1407,1},
{0x1d573,1408,1},
{0x1d574,1409,1},
{0x1d575,1410,1},
{0x1d576,1411,1},
{0x1d577,1412,1},
{0x1d578,1413,1},
{0x1d579,1414,1},
{0x1d57a,1415,1},
{0x1d57b,1416,1},
{0x1d57c,1417,1},
{0x1d57d,1418,1},
{0x1d57e,1419,1},
{0x1d57f,1420,1},
{0x1d580,1421,1},
{0x1d581,1422,1},
{0x1d582,1423,1},
{0x1d583,1424,1},
{0x1d584,1425,1},
{0x1d585,1426,1},
{0x1d5a0,1427,1},
{0x1d5a1,1428,1},
{0x1d5a2,1429,1},
{0x1d5a3,1430,1},
{0x1d5a4,1431,1},
{0x1d5a5,1432,1},
{0x1d5a6,1433,1},
{0x1d5a7,1434,1},
{0x1d5a8,1435,1},
{0x1d5a9,1436,1},
{0x1d5aa,1437,1},
{0x1d5ab,1438,1},
{0x1d5ac,1439,1},
{0x1d5ad,1440,1},
{0x1d5ae,1441,1},
{0x1d5af,1442,1},
{0x1d5b0,1443,1},
{0x1d5b1,1444,1},
{0x1d5b2,1445,1},
{0x1d5b3,1446,1},
{0x1d5b4,1447,1},
{0x1d5b5,1448,1},
{0x1d5b6,1449,1},
{0x1d5b7,1450,1},
{0x1d5b8,1451,1},
{0x1d5b9,1452,1},
{0x1d5d4,1453,1},
{0x1d5d5,1454,1},
{0x1d5d6,1455,1},
{0x1d5d7,1456,1},
{0x1d5d8,1457,1},
{0x1d5d9,1458,1},
{0x1d5da,1459,1},
{0x1d5db,1460,1},
{0x1d5dc,1461,1},
{0x1d5dd,1462,1},
{0x1d5de,1463,1},
{0x1d5df,1464,1},
{0x1d5e0,1465,1},
{0x1d5e1,1466,1},
{0x1d5e2,1467,1},
{0x1d5e3,1468,1},
{0x1d5e4,1469,1},
{0x1d5e5,1470,1},
{0x1d5e6,1471,1},
{0x1d5e7,1472,1},
{0x1d5e8,1473,1},
{0x1d5e9,1474,1},
{0x1d5ea,1475,1},
{0x1d5eb,1476,1},
{0x1d5ec,1477,1},
{0x1d5ed,1478,1},
{0x1d608,1479,1},
{0x1d609,1480,1},
{0x1d60a,1481,1},
{0x1d60b,1482,1},
{0x1d60c,1483,1},
{0x1d60d,1484,1},
{0x1d60e,1485,1},
{0x1d60f,1486,1},
{0x1d610,1487,1},
{0x1d611,1488,1},
{0x1d612,1489,1},
{0x1d613,1490,1},
{0x1d614,1491,1},
{0x1d615,1492,1},
{0x1d616,1493,1},
{0x1d617,1494,1},
{0x1d618,1495,1},
{0x1d619,1496,1},
{0x1d61a,1497,1},
{0x1d61b,1498,1},
{0x1d61c,1499,1},
{0x1d61d,1500,1},
{0x1d61e,1501,1},
{0x1d61f,1502,1},
{0x1d620,1503,1},
{0x1d621,1504,1},
{0x1d63c,1505,1},
{0x1d63d,1506,1},
{0x1d63e,1507,1},
{0x1d63f,1508,1},
{0x1d640,1509,1},
{0x1d641,1510,1},
{0x1d642,1511,1},
{0x1d643,1512,1},
{0x1d644,1513,1},
{0x1d645,1514,1},
{0x1d646,1515,1},
{0x1d647,1516,1},
{0x1d648,1517,1},
{0x1d649,1518,1},
{0x1d64a,1519,1},
{0x1d64b,1520,1},
{0x1d64c,1521,1},
{0x1d64d,1522,1},
{0x1d64e,1523,1},
{0x1d64f,1524,1},
{0x1d650,1525,1},
{0x1d651,1526,1},
{0x1d652,1527,1},
{0x1d653,1528,1},
{0x1d654,1529,1},
{0x1d655,1530,1},
{0x1d670,1531,1},
{0x1d671,1532,1},
{0x1d672,1533,1},
{0x1d673,1534,1},
{0x1d674,1535,1},
{0x1d675,1536,1},
{0x1d676,1537,1},
{0x1d677,1538,1},
{0x1d678,1539,1},
{0x1d679,1540,1},
{0x1d67a,1541,1},
{0x1d67b,1542,1},
{0x1d67c,1543,1},
{0x1d67d,1544,1},
{0x1d67e,1545,1},
{0x1d67f,1546,1},
{0x1d680,1547,1},
{0x1d681,1548,1},
{0x1d682,1549,1},
{0x1d683,1550,1},
{0x1d684,1551,1},
{0x1d685,1552,1},
{0x1d686,1553,1},
{0x1d687,1554,1},
{0x1d688,1555,1},
{0x1d689,1556,1},
{0x1d6a8,1557,1},
{0x1d6a9,1558,1},
{0x1d6aa,1559,1},
{0x1d6ab,1560,1},
{0x1d6ac,1561,1},
{0x1d6ad,1562,1},
{0x1d6ae,1563,1},
{0x1d6af,1564,1},
{0x1d6b0,1565,1},
{0x1d6b1,1566,1},
{0x1d6b2,1567,1},
{0x1d6b3,1568,1},
{0x1d6b4,1569,1},
{0x1d6b5,1570,1},
{0x1d6b6,1571,1},
{0x1d6b7,1572,1},
{0x1d6b8,1573,1},
{0x1d6b9,1574,1},
{0x1d6ba,1575,1},
{0x1d6bb,1576,1},
{0x1d6bc,1577,1},
{0x1d6bd,1578,1},
{0x1d6be,1579,1},
{0x1d6bf,1580,1},
{0x1d6c0,1581,1},
{0x1d6d3,1582,1},
{0x1d6e2,1583,1},
{0x1d6e3,1584,1},
{0x1d6e4,1585,1},
{0x1d6e5,1586,1},
{0x1d6e6,1587,1},
{0x1d6e7,1588,1},
{0x1d6e8,1589,1},
{0x1d6e9,1590,1},
{0x1d6ea,1591,1},
{0x1d6eb,1592,1},
{0x1d6ec,1593,1},
{0x1d6ed,1594,1},
{0x1d6ee,1595,1},
{0x1d6ef,1596,1},
{0x1d6f0,1597,1},
{0x1d6f1,1598,1},
{0x1d6f2,1599,1},
{0x1d6f3,1600,1},
{0x1d6f4,1601,1},
{0x1d6f5,1602,1},
{0x1d6f6,1603,1},
{0x1d6f7,1604,1},
{0x1d6f8,1605,1},
{0x1d6f9,1606,1},
{0x1d6fa,1607,1},
{0x1d70d,1608,1},
{0x1d71c,1609,1},
{0x1d71d,1610,1},
{0x1d71e,1611,1},
{0x1d71f,1612,1},
{0x1d720,1613,1},
{0x1d721,1614,1},
{0x1d722,1615,1},
{0x1d723,1616,1},
{0x1d724,1617,1},
{0x1d725,1618,1},
{0x1d726,1619,1},
{0x1d727,1620,1},
{0x1d728,1621,1},
{0x1d729,1622,1},
{0x1d72a,1623,1},
{0x1d72b,1624,1},
{0x1d72c,1625,1},
{0x1d72d,1626,1},
{0x1d72e,1627,1},
{0x1d72f,1628,1},
{0x1d730,1629,1},
{0x1d731,1630,1},
{0x1d732,1631,1},
{0x1d733,1632,1},
{0x1d734,1633,1},
{0x1d747,1634,1},
{0x1d756,1635,1},
{0x1d757,1636,1},
{0x1d758,1637,1},
{0x1d759,1638,1},
{0x1d75a,1639,1},
{0x1d75b,1640,1},
{0x1d75c,1641,1},
{0x1d75d,1642,1},
{0x1d75e,1643,1},
{0x1d75f,1644,1},
{0x1d760,1645,1},
{0x1d761,1646,1},
{0x1d762,1647,1},
{0x1d763,1648,1},
{0x1d764,1649,1},
{0x1d765,1650,1},
{0x1d766,1651,1},
{0x1d767,1652,1},
{0x1d768,1653,1},
{0x1d769,1654,1},
{0x1d76a,1655,1},
{0x1d76b,1656,1},
{0x1d76c,1657,1},
{0x1d76d,1658,1},
{0x1d76e,1659,1},
{0x1d781,1660,1},
{0x1d790,1661,1},
{0x1d791,1662,1},
{0x1d792,1663,1},
{0x1d793,1664,1},
{0x1d794,1665,1},
{0x1d795,1666,1},
{0x1d796,1667,1},
{0x1d797,1668,1},
{0x1d798,1669,1},
{0x1d799,1670,1},
{0x1d79a,1671,1},
{0x1d79b,1672,1},
{0x1d79c,1673,1},
{0x1d79d,1674,1},
{0x1d79e,1675,1},
{0x1d79f,1676,1},
{0x1d7a0,1677,1},
{0x1d7a1,1678,1},
{0x1d7a2,1679,1},
{0x1d7a3,1680,1},
{0x1d7a4,1681,1},
{0x1d7a5,1682,1},
{0x1d7a6,1683,1},
{0x1d7a7,1684,1},
{0x1d7a8,1685,1},
{0x1d7bb,1686,1},
};
